1,Apr'15,A P MAHESH CO-OP URBAN BANK LTD,942
2,Apr'15,ALLAHABAD BANK,26088
3,Apr'15,ANDHRA BANK,38041
4,Apr'15,AXIS BANK LTD,2671656
5,Apr'15,BANK OF BARODA,179951
6,Apr'15,BANK OF INDIA,14444
7,Apr'15,BANK OF MAHARASHTRA,17257
8,Apr'15,BASSEIN CATHOLIC CO-OP. BANK LTD,845
9,Apr'15,CANARA BANK,296784
10,Apr'15,CATHOLIC SYRIAN BANK LIMITED,1094
11,Apr'15,CENTRAL BANK OF INDIA,10545
12,Apr'15,CITI BANK,424091
13,Apr'15,CITY UNION BANK,15015
14,Apr'15,CORPORATION BANK,33216
15,Apr'15,DBS BANK LIMITED,534
16,Apr'15,DENA BANK,4292
17,Apr'15,DEVELOPMENT CREDIT BANK LTD,9074
18,Apr'15,DHANLAXMI BANK LIMITED,2126
19,Apr'15,DOMBIVALI NAGRIK SAHAKARI LTD,2047
20,Apr'15,FEDERAL BANK LTD.,67890
21,Apr'15,FIRST RAND BANK,0
22,Apr'15,GREATER BOMBAY CO.OP BANK LIMITED,5559
23,Apr'15,HDFC BANK LTD.,1746757
24,Apr'15,HSBC,6473
25,Apr'15,ICICI BANK LTD,3857085
26,Apr'15,IDBI LTD.,7984
27,Apr'15,INDIAN BANK,1543
28,Apr'15,INDIAN OVERSEAS BANK,1469
29,Apr'15,INDUSIND BANK LTD,32138
30,Apr'15,ING VYSYA BANK LTD.,87630
31,Apr'15,JAMMU AND KASHMIR BANK,0
32,Apr'15,JANTA SAHAKARI BANK PUNE,454
33,Apr'15,KARNATAKA BANK LTD,26696
34,Apr'15,KARUR VYSYA BANK LTD,41115
35,Apr'15,KERALA GRAMIN BANK ,2262
36,Apr'15,KOTAK MAHINDRA BANK LTD,747948
37,Apr'15,LAXMI VILAS BANK LTD,183
38,Apr'15,MEHSANA URBAN CO-OP. BANK LIMITED,478
39,Apr'15,NKGSB CO-OPERATIVE BANK LIMITED,1095
40,Apr'15,NAINITAL BANK LIMITED,67
41,Apr'15,ORIENTAL BANK OF COMMERCE,7082
42,Apr'15,PALLAVAN GRAMA BANK,1156
43,Apr'15,PRAGATHI KRISHNA GRAMIN BANK,918
44,Apr'15,PUNJAB AND MAHARASHTRA CO-OP BANK,6551
45,Apr'15,PUNJAB AND SINDH BANK,15283
46,Apr'15,PUNJAB NATIONAL BANK,32573
47,Apr'15,RBL  BANK LIMITED,5734
48,Apr'15,ROYAL BANK OF SCOTLAND N.V.,3556
49,Apr'15,SARASWAT CO-OP. BANK LTD,13715
50,Apr'15,SOUTH INDIAN BANK,104274
51,Apr'15,ST.BANK OF BIKANER AND JAIPUR,36730
52,Apr'15,STANDARD CHARTERED BANK ,234
53,Apr'15,STATE BANK OF HYDERABAD,191196
54,Apr'15,STATE BANK OF INDIA,7848471
55,Apr'15,STATE BANK OF MYSORE,50492
56,Apr'15,STATE BANK OF PATIALA,12215
57,Apr'15,STATE BANK OF TRAVANCORE,95846
58,Apr'15,SYNDICATE BANK,74179
59,Apr'15,TAMILNADU MERCANTILE BANK LTD,18591
60,Apr'15,THANE JANTA SAHAKARI BANK LTD,3687
61,Apr'15,THE COSMOS CO-OP BANK LIMITED,1944
62,Apr'15,UCO BANK,39740
63,Apr'15,UNION BANK OF INDIA,209963
64,Apr'15,UNITED BANK OF INDIA,10745
65,Apr'15,VIJAYA BANK,38204
66,Apr'15,YES BANK LIMITED,569098
67,May'15,A P MAHESH CO-OP URBAN BANK LTD,907
68,May'15,ALLAHABAD BANK,31678
69,May'15,ANDHRA BANK,37699
70,May'15,AXIS BANK LTD,2922049
71,May'15,BANK OF BARODA,223656
72,May'15,BANK OF INDIA,13971
73,May'15,BANK OF MAHARASHTRA,20081
74,May'15,BASSEIN CATHOLIC CO-OP. BANK LTD,1127
75,May'15,CANARA BANK,324438
76,May'15,CATHOLIC SYRIAN BANK LIMITED,955
77,May'15,CENTRAL BANK OF INDIA,12402
78,May'15,CITI BANK,497988
79,May'15,CITY UNION BANK,16439
80,May'15,CORPORATION BANK,38065
81,May'15,DBS BANK LIMITED,529
82,May'15,DENA BANK,5026
83,May'15,DEVELOPMENT CREDIT BANK LTD,10477
84,May'15,DHANLAXMI BANK LIMITED,1362
85,May'15,DOMBIVALI NAGRIK SAHAKARI LTD,2224
86,May'15,FEDERAL BANK LTD.,73870
87,May'15,FIRST RAND BANK,0
88,May'15,GREATER BOMBAY CO.OP BANK LIMITED,6240
89,May'15,HDFC BANK LTD.,1976968
90,May'15,HSBC,7025
91,May'15,ICICI BANK LTD,4556247
92,May'15,IDBI LTD.,9238
93,May'15,INDIAN BANK,1596
94,May'15,INDIAN OVERSEAS BANK,2188
95,May'15,INDUSIND BANK LTD,38954
96,May'15,JAMMU AND KASHMIR BANK,0
97,May'15,JANTA SAHAKARI BANK PUNE,465
98,May'15,KARNATAKA BANK LTD,28464
99,May'15,KARUR VYSYA BANK LTD,45571
100,May'15,KERALA GRAMIN BANK ,1560
101,May'15,KOTAK MAHINDRA BANK LTD,802826
102,May'15,LAXMI VILAS BANK LTD,177
103,May'15,MEHSANA URBAN CO-OP. BANK LIMITED,470
104,May'15,NAINITAL BANK LIMITED,106
105,May'15,NKGSB CO-OPERATIVE BANK LIMITED,1037
106,May'15,ORIENTAL BANK OF COMMERCE,7672
107,May'15,PALLAVAN GRAMA BANK,1561
108,May'15,PRAGATHI KRISHNA GRAMIN BANK,982
109,May'15,PUNJAB AND MAHARASHTRA CO-OP BANK,7483
110,May'15,PUNJAB AND SINDH BANK,8974
111,May'15,PUNJAB NATIONAL BANK,37844
112,May'15,RBL  BANK LIMITED,6928
113,May'15,ROYAL BANK OF SCOTLAND N.V.,4319
114,May'15,SARASWAT CO-OP. BANK LTD,16196
115,May'15,SOUTH INDIAN BANK,116696
116,May'15,STANDARD CHARTERED BANK ,177
117,May'15,STATE BANK OF BIKANER AND JAIPUR,39557
118,May'15,STATE BANK OF HYDERABAD,216536
119,May'15,STATE BANK OF INDIA,7944035
120,May'15,STATE BANK OF MYSORE,55460
121,May'15,STATE BANK OF PATIALA,12420
122,May'15,STATE BANK OF TRAVANCORE,110124
123,May'15,SYNDICATE BANK,84472
124,May'15,TAMILNAD MERCANTILE BANK LTD,20618
125,May'15,THANE JANTA SAHAKARI BANK LTD,3728
126,May'15,THE COSMOS CO-OP BANK LIMITED,2234
127,May'15,UCO BANK,51641
128,May'15,UNION BANK OF INDIA,258390
129,May'15,UNITED BANK OF INDIA,14386
130,May'15,VIJAYA BANK,50962
131,May'15,YES BANK LIMITED,568329
132,Jun'15,A P MAHESH CO-OP URBAN BANK LTD,963
133,Jun'15,ALLAHABAD BANK,33676
134,Jun'15,ANDHRA BANK,51275
135,Jun'15,AXIS BANK LTD,2900563
136,Jun'15,BANK OF BARODA,252935
137,Jun'15,BANK OF INDIA,14632
138,Jun'15,BANK OF MAHARASHTRA,21751
139,Jun'15,BASSEIN CATHOLIC CO-OP. BANK LTD,1042
140,Jun'15,CANARA BANK,355148
141,Jun'15,CATHOLIC SYRIAN BANK LIMITED,863
142,Jun'15,CENTRAL BANK OF INDIA,13856
143,Jun'15,CITI BANK,444751
144,Jun'15,CITY UNION BANK,15763
145,Jun'15,CORPORATION BANK,38692
146,Jun'15,DBS BANK LIMITED,537
147,Jun'15,DENA BANK,5126
148,Jun'15,DEVELOPMENT CREDIT BANK LTD,10698
149,Jun'15,DHANLAXMI BANK LIMITED,1415
150,Jun'15,DOMBIVALI NAGRIK SAHAKARI LTD,2732
151,Jun'15,FEDERAL BANK LTD.,76443
152,Jun'15,GREATER BOMBAY CO.OP BANK LIMITED,5507
153,Jun'15,HDFC BANK LTD.,1940074
154,Jun'15,HSBC,6631
155,Jun'15,ICICI BANK LTD,4704046
156,Jun'15,IDBI LTD.,25124
157,Jun'15,INDIAN BANK,1455
158,Jun'15,INDIAN OVERSEAS BANK,7079
159,Jun'15,INDUSIND BANK LTD,58043
160,Jun'15,JANTA SAHAKARI BANK PUNE,537
161,Jun'15,KARNATAKA BANK LTD,29324
162,Jun'15,KARUR VYSYA BANK LTD,50090
163,Jun'15,KERALA GRAMIN BANK ,2161
164,Jun'15,KOTAK MAHINDRA BANK LTD,1011124
165,Jun'15,LAXMI VILAS BANK LTD,196
166,Jun'15,MEHSANA URBAN CO-OP. BANK LIMITED,513
167,Jun'15,NAINITAL BANK LIMITED,97
168,Jun'15,NKGSB CO-OPERATIVE BANK LIMITED,933
169,Jun'15,ORIENTAL BANK OF COMMERCE,7507
170,Jun'15,PALLAVAN GRAMA BANK,1413
171,Jun'15,PRAGATHI KRISHNA GRAMIN BANK,980
172,Jun'15,PUNJAB AND MAHARASHTRA CO-OP BANK,7766
173,Jun'15,PUNJAB AND SINDH BANK,9938
174,Jun'15,PUNJAB NATIONAL BANK,42385
175,Jun'15,RBL  BANK LIMITED,7534
176,Jun'15,ROYAL BANK OF SCOTLAND N.V.,3896
177,Jun'15,SARASWAT CO-OP. BANK LTD,18121
178,Jun'15,SOUTH INDIAN BANK,121452
179,Jun'15,STATE BANK OF BIKANER AND JAIPUR,38610
180,Jun'15,STANDARD CHARTERED BANK ,132
181,Jun'15,STATE BANK OF HYDERABAD,184567
182,Jun'15,STATE BANK OF INDIA,8008695
183,Jun'15,STATE BANK OF MYSORE,50636
184,Jun'15,STATE BANK OF PATIALA,13225
185,Jun'15,STATE BANK OF TRAVANCORE,105937
186,Jun'15,SYNDICATE BANK,87355
187,Jun'15,TAMILNAD MERCANTILE BANK LTD,18227
188,Jun'15,THANE JANTA SAHAKARI BANK LTD,3794
189,Jun'15,THE COSMOS CO-OP BANK LIMITED,2371
190,Jun'15,UCO BANK,56604
191,Jun'15,UNION BANK OF INDIA,289756
192,Jun'15,UNITED BANK OF INDIA,21295
193,Jun'15,VIJAYA BANK,59694
194,Jun'15,YES BANK LIMITED,624629
195,Jul'15,A P MAHESH CO-OP URBAN BANK LTD,1327
196,Jul'15,ALLAHABAD BANK,42582
197,Jul'15,ANDHRA BANK,60248
198,Jul'15,AXIS BANK LTD,3264967
199,Jul'15,BANK OF BARODA,315108
200,Jul'15,BANK OF INDIA,16102
201,Jul'15,BANK OF MAHARASHTRA,27449
202,Jul'15,BASSEIN CATHOLIC CO-OP. BANK LTD,1021
203,Jul'15,CANARA BANK,406578
204,Jul'15,CATHOLIC SYRIAN BANK LIMITED,956
205,Jul'15,CENTRAL BANK OF INDIA,16250
206,Jul'15,CITI BANK,472199
207,Jul'15,CITY UNION BANK,19215
208,Jul'15,CORPORATION BANK,41701
209,Jul'15,DBS BANK LIMITED,566
210,Jul'15,DENA BANK,6139
211,Jul'15,DEVELOPMENT CREDIT BANK LTD,12148
212,Jul'15,DHANLAXMI BANK LIMITED,1409
213,Jul'15,DOMBIVALI NAGRIK SAHAKARI LTD,3232
214,Jul'15,FEDERAL BANK LTD.,116488
215,Jul'15,GREATER BOMBAY CO.OP BANK LIMITED,6025
216,Jul'15,HDFC BANK LTD.,2103487
217,Jul'15,HSBC,7300
218,Jul'15,ICICI BANK LTD,5320683
219,Jul'15,IDBI LTD.,26394
220,Jul'15,INDIAN BANK,1660
221,Jul'15,INDIAN OVERSEAS BANK,14963
222,Jul'15,INDUSIND BANK LTD,84843
223,Jul'15,JANTA SAHAKARI BANK PUNE,635
224,Jul'15,KARNATAKA BANK LTD,34682
225,Jul'15,KARUR VYSYA BANK LTD,57543
226,Jul'15,KERALA GRAMIN BANK ,2308
227,Jul'15,KOTAK MAHINDRA BANK LTD,1186166
228,Jul'15,LAXMI VILAS BANK LTD,163
229,Jul'15,MEHSANA URBAN CO-OP. BANK LIMITED,482
230,Jul'15,NAINITAL BANK LIMITED,90
231,Jul'15,NKGSB CO-OPERATIVE BANK LIMITED,1372
232,Jul'15,ORIENTAL BANK OF COMMERCE,9259
233,Jul'15,PALLAVAN GRAMA BANK,1268
234,Jul'15,PRAGATHI KRISHNA GRAMIN BANK,1859
235,Jul'15,PUNJAB AND MAHARASHTRA CO-OP BANK,9043
236,Jul'15,PUNJAB AND SINDH BANK,19487
237,Jul'15,PUNJAB NATIONAL BANK,50977
238,Jul'15,RBL  BANK LIMITED,8762
239,Jul'15,ROYAL BANK OF SCOTLAND N.V.,4678
240,Jul'15,SARASWAT CO-OP. BANK LTD,21136
241,Jul'15,SOUTH INDIAN BANK,136512
242,Jul'15,STANDARD CHARTERED BANK ,121
243,Jul'15,STATE BANK OF BIKANER AND JAIPUR,38457
244,Jul'15,STATE BANK OF HYDERABAD,189978
245,Jul'15,STATE BANK OF INDIA,8077120
246,Jul'15,STATE BANK OF MYSORE,55792
247,Jul'15,STATE BANK OF PATIALA,12648
248,Jul'15,STATE BANK OF TRAVANCORE,111493
249,Jul'15,SYNDICATE BANK,110585
250,Jul'15,TAMILNAD MERCANTILE BANK LTD,20467
251,Jul'15,THANE JANTA SAHAKARI BANK LTD,3896
252,Jul'15,THE COSMOS CO-OP BANK LIMITED,2732
253,Jul'15,UCO BANK,69667
254,Jul'15,UNION BANK OF INDIA,1713402
255,Jul'15,UNITED BANK OF INDIA,29409
256,Jul'15,VIJAYA BANK,79130
257,Jul'15,YES BANK LIMITED,572036
258,Aug'15,A P MAHESH CO-OP URBAN BANK LTD,1417
259,Aug'15,ALLAHABAD BANK,56524
260,Aug'15,ANDHRA BANK,69449
261,Aug'15,AXIS BANK LTD,3423414
262,Aug'15,BANK OF BARODA,353032
263,Aug'15,BANK OF INDIA,15086
264,Aug'15,BANK OF MAHARASHTRA,30617
265,Aug'15,BASSEIN CATHOLIC CO-OP. BANK LTD,1135
266,Aug'15,CANARA BANK,416602
267,Aug'15,CATHOLIC SYRIAN BANK LIMITED,917
268,Aug'15,CENTRAL BANK OF INDIA,15102
269,Aug'15,CITI BANK,485339
270,Aug'15,CITY UNION BANK,22012
271,Aug'15,CORPORATION BANK,44168
272,Aug'15,DBS BANK LIMITED,783
273,Aug'15,DENA BANK,6056
274,Aug'15,DEVELOPMENT CREDIT BANK LTD,12994
275,Aug'15,DHANLAXMI BANK LIMITED,1617
276,Aug'15,DOMBIVALI NAGRIK SAHAKARI LTD,3742
277,Aug'15,FEDERAL BANK LTD.,140510
278,Aug'15,GREATER BOMBAY CO.OP BANK LIMITED,6589
279,Aug'15,HDFC BANK LTD.,2215841
280,Aug'15,HSBC,7727
281,Aug'15,ICICI BANK LTD,5725200
282,Aug'15,IDBI LTD.,34945
283,Aug'15,INDIAN BANK,7827
284,Aug'15,INDIAN OVERSEAS BANK,14403
285,Aug'15,INDUSIND BANK LTD,88049
286,Aug'15,JANTA SAHAKARI BANK PUNE,631
287,Aug'15,KARNATAKA BANK LTD,36948
288,Aug'15,KARUR VYSYA BANK LTD,61869
289,Aug'15,KERALA GRAMIN BANK ,2308
290,Aug'15,KOTAK MAHINDRA BANK LTD,1302920
291,Aug'15,LAXMI VILAS BANK LTD,179
292,Aug'15,MEHSANA URBAN CO-OP. BANK LIMITED,410
293,Aug'15,NAINITAL BANK LIMITED,103
294,Aug'15,NKGSB CO-OPERATIVE BANK LIMITED,1485
295,Aug'15,ORIENTAL BANK OF COMMERCE,6089
296,Aug'15,PALLAVAN GRAMA BANK,1555
297,Aug'15,PRAGATHI KRISHNA GRAMIN BANK,2609
298,Aug'15,PUNJAB AND MAHARASHTRA CO-OP BANK,10565
299,Aug'15,PUNJAB AND SINDH BANK,20487
300,Aug'15,PUNJAB NATIONAL BANK,62135
301,Aug'15,RBL  BANK LIMITED,9979
302,Aug'15,ROYAL BANK OF SCOTLAND N.V.,4396
303,Aug'15,SARASWAT CO-OP. BANK LTD,22901
304,Aug'15,SOUTH INDIAN BANK,145172
305,Aug'15,STANDARD CHARTERED BANK ,83
306,Aug'15,STATE BANK OF BIKANER AND JAIPUR,35102
307,Aug'15,STATE BANK OF HYDERABAD,186911
308,Aug'15,STATE BANK OF INDIA,8586364
309,Aug'15,STATE BANK OF MYSORE,55792
310,Aug'15,STATE BANK OF PATIALA,11875
311,Aug'15,STATE BANK OF TRAVANCORE,112900
312,Aug'15,SYNDICATE BANK,120515
313,Aug'15,TAMILNAD MERCANTILE BANK LTD,22031
314,Aug'15,THANE JANTA SAHAKARI BANK LTD,4571
315,Aug'15,THE COSMOS CO-OP BANK LIMITED,2937
316,Aug'15,UCO BANK,84641
317,Aug'15,UNION BANK OF INDIA,406186
318,Aug'15,UNITED BANK OF INDIA,40989
319,Aug'15,VIJAYA BANK,101877
320,Aug'15,YES BANK LIMITED,492297
321,Sep'15,A P MAHESH CO-OP URBAN BANK LTD,1558
322,Sep'15,ALLAHABAD BANK,79571
323,Sep'15,ANDHRA BANK,73358
324,Sep'15,AXIS BANK LTD,4072649
325,Sep'15,BANK OF BARODA,398611
326,Sep'15,BANK OF INDIA,15511
327,Sep'15,BANK OF MAHARASHTRA,31669
328,Sep'15,BASSEIN CATHOLIC CO-OP. BANK LTD,1147
329,Sep'15,CANARA BANK,442160
330,Sep'15,CATHOLIC SYRIAN BANK LIMITED,1661
331,Sep'15,CENTRAL BANK OF INDIA,15703
332,Sep'15,CITI BANK,484854
333,Sep'15,CITY UNION BANK,24133
334,Sep'15,CORPORATION BANK,45784
335,Sep'15,DBS BANK LIMITED,1524
336,Sep'15,DENA BANK,6506
337,Sep'15,DEVELOPMENT CREDIT BANK LTD,14620
338,Sep'15,DHANLAXMI BANK LIMITED,1527
339,Sep'15,DOMBIVALI NAGRIK SAHAKARI LTD,4568
340,Sep'15,FEDERAL BANK LTD.,170437
341,Sep'15,GREATER BOMBAY CO.OP BANK LIMITED,6679
342,Sep'15,HDFC BANK LTD.,2933230
343,Sep'15,HSBC,7630
344,Sep'15,ICICI BANK LTD,5455048
345,Sep'15,IDBI LTD.,36217
346,Sep'15,INDIAN BANK,64928
347,Sep'15,INDIAN OVERSEAS BANK,19807
348,Sep'15,INDUSIND BANK LTD,101006
349,Sep'15,JANTA SAHAKARI BANK PUNE,572
350,Sep'15,KARNATAKA BANK LTD,38150
351,Sep'15,KARUR VYSYA BANK LTD,66217
352,Sep'15,KERALA GRAMIN BANK ,2186
353,Sep'15,KOTAK MAHINDRA BANK LTD,1315540
354,Sep'15,LAXMI VILAS BANK LTD,148
355,Sep'15,MEHSANA URBAN CO-OP. BANK LIMITED,443
356,Sep'15,NAINITAL BANK LIMITED,84
357,Sep'15,NKGSB CO-OPERATIVE BANK LIMITED,1562
358,Sep'15,ORIENTAL BANK OF COMMERCE,9639
359,Sep'15,PALLAVAN GRAMA BANK,1994
360,Sep'15,PRAGATHI KRISHNA GRAMIN BANK,2817
361,Sep'15,PUNJAB AND MAHARASHTRA CO-OP BANK,11786
362,Sep'15,PUNJAB AND SINDH BANK,20477
363,Sep'15,PUNJAB NATIONAL BANK,60336
364,Sep'15,RBL  BANK LIMITED,11735
365,Sep'15,ROYAL BANK OF SCOTLAND N.V.,4300
366,Sep'15,SARASWAT CO-OP. BANK LTD,23735
367,Sep'15,SOUTH INDIAN BANK,150004
368,Sep'15,STANDARD CHARTERED BANK ,79
369,Sep'15,STATE BANK OF BIKANER AND JAIPUR,36032
370,Sep'15,STATE BANK OF HYDERABAD,186911
371,Sep'15,STATE BANK OF INDIA,8956357
372,Sep'15,STATE BANK OF MYSORE,79297
373,Sep'15,STATE BANK OF PATIALA,11294
374,Sep'15,STATE BANK OF TRAVANCORE,107345
375,Sep'15,SYNDICATE BANK,130770
376,Sep'15,TAMILNAD MERCANTILE BANK LTD,22411
377,Sep'15,THANE JANTA SAHAKARI BANK LTD,4958
378,Sep'15,THE COSMOS CO-OP BANK LIMITED,3269
379,Sep'15,UCO BANK,94715
380,Sep'15,UNION BANK OF INDIA,437871
381,Sep'15,UNITED BANK OF INDIA,48381
382,Sep'15,VIJAYA BANK,133631
383,Sep'15,YES BANK LIMITED,618276
384,Oct'15,A P MAHESH CO-OP URBAN BANK LTD,1469
385,Oct'15,ALLAHABAD BANK,99099
386,Oct'15,ANDHRA BANK,78934
387,Oct'15,AXIS BANK LTD,4429296
388,Oct'15,BANK OF BARODA,443961
389,Oct'15,BANK OF INDIA,15645
390,Oct'15,BANK OF MAHARASHTRA,34755
391,Oct'15,BASSEIN CATHOLIC CO-OP. BANK LTD,1256
392,Oct'15,CANARA BANK,516101
393,Oct'15,CATHOLIC SYRIAN BANK LIMITED,1907
394,Oct'15,CENTRAL BANK OF INDIA,18308
395,Oct'15,CITI BANK,544281
396,Oct'15,CITY UNION BANK,29242
397,Oct'15,CORPORATION BANK,52212
398,Oct'15,DBS BANK LIMITED,1554
399,Oct'15,DENA BANK,7023
400,Oct'15,DEVELOPMENT CREDIT BANK LTD,15874
401,Oct'15,DHANLAXMI BANK LIMITED,1599
402,Oct'15,DOMBIVALI NAGRIK SAHAKARI LTD,5265
403,Oct'15,FEDERAL BANK LTD.,198449
404,Oct'15,GREATER BOMBAY CO.OP BANK LIMITED,7374
405,Oct'15,HDFC BANK LTD.,3361701
406,Oct'15,HSBC,8846
407,Oct'15,ICICI BANK LTD,6314628
408,Oct'15,IDBI LTD.,44311
409,Oct'15,INDIAN BANK,109995
410,Oct'15,INDIAN OVERSEAS BANK,25218
411,Oct'15,INDUSIND BANK LTD,146072
412,Oct'15,JANTA SAHAKARI BANK PUNE,909
413,Oct'15,KARNATAKA BANK LTD,38933
414,Oct'15,KARUR VYSYA BANK LTD,69530
415,Oct'15,KERALA GRAMIN BANK ,2096
416,Oct'15,KOTAK MAHINDRA BANK LTD,1508124
417,Oct'15,LAXMI VILAS BANK LTD,136
418,Oct'15,MEHSANA URBAN CO-OP. BANK LIMITED,466
419,Oct'15,NAINITAL BANK LIMITED,76
420,Oct'15,NKGSB CO-OPERATIVE BANK LIMITED,1880
421,Oct'15,ORIENTAL BANK OF COMMERCE,10502
422,Oct'15,PALLAVAN GRAMA BANK,1455
423,Oct'15,PRAGATHI KRISHNA GRAMIN BANK,3600
424,Oct'15,PUNJAB AND MAHARASHTRA CO-OP BANK,12534
425,Oct'15,PUNJAB AND SINDH BANK,27358
426,Oct'15,PUNJAB NATIONAL BANK,64444
427,Oct'15,RBL  BANK LIMITED,14048
428,Oct'15,ROYAL BANK OF SCOTLAND N.V.,5649
429,Oct'15,SARASWAT CO-OP. BANK LTD,26607
430,Oct'15,SOUTH INDIAN BANK,153739
431,Oct'15,STANDARD CHARTERED BANK ,104
432,Oct'15,STATE BANK OF BIKANER AND JAIPUR,32056
433,Oct'15,STATE BANK OF HYDERABAD,195151
434,Oct'15,STATE BANK OF INDIA,11872596
435,Oct'15,STATE BANK OF MYSORE,79821
436,Oct'15,STATE BANK OF PATIALA,9748
437,Oct'15,STATE BANK OF TRAVANCORE,94252
438,Oct'15,SYNDICATE BANK,146336
439,Oct'15,TAMILNAD MERCANTILE BANK LTD,23031
440,Oct'15,THANE JANTA SAHAKARI BANK LTD,4493
441,Oct'15,THE COSMOS CO-OP BANK LIMITED,3433
442,Oct'15,UCO BANK,125188
443,Oct'15,UNION BANK OF INDIA,466532
444,Oct'15,UNITED BANK OF INDIA,212889
445,Oct'15,VIJAYA BANK,152215
446,Oct'15,YES BANK LIMITED,609960
447,Nov'15,A P MAHESH CO-OP URBAN BANK LTD,1508
448,Nov'15,ALLAHABAD BANK,108766
449,Nov'15,ANDHRA BANK,76165
450,Nov'15,AXIS BANK LTD,4996574
451,Nov'15,BANK OF BARODA,505993
452,Nov'15,BANK OF INDIA,13897
453,Nov'15,BANK OF MAHARASHTRA,33436
454,Nov'15,BASSEIN CATHOLIC CO-OP. BANK LTD,1191
455,Nov'15,CANARA BANK,533838
456,Nov'15,CATHOLIC SYRIAN BANK LIMITED,1983
457,Nov'15,CENTRAL BANK OF INDIA,31303
458,Nov'15,CITI BANK,504343
459,Nov'15,CITY UNION BANK,26765
460,Nov'15,CORPORATION BANK,53125
461,Nov'15,DBS BANK LIMITED,5481
462,Nov'15,DENA BANK,7040
463,Nov'15,DEVELOPMENT CREDIT BANK LTD,17678
464,Nov'15,DHANLAXMI BANK LIMITED,1594
465,Nov'15,DOMBIVALI NAGRIK SAHAKARI LTD,5402
466,Nov'15,FEDERAL BANK LTD.,226607
467,Nov'15,GREATER BOMBAY CO.OP BANK LIMITED,7426
468,Nov'15,HDFC BANK LTD.,3425449
469,Nov'15,HSBC,8487
470,Nov'15,ICICI BANK LTD,6266227
471,Nov'15,IDBI LTD.,43717
472,Nov'15,INDIAN BANK,134650
473,Nov'15,INDIAN OVERSEAS BANK,22147
474,Nov'15,INDUSIND BANK LTD,151943
475,Nov'15,JANTA SAHAKARI BANK PUNE,809
476,Nov'15,KARNATAKA BANK LTD,41525
477,Nov'15,KARUR VYSYA BANK LTD,72894
478,Nov'15,KERALA GRAMIN BANK ,3074
479,Nov'15,KOTAK MAHINDRA BANK LTD,1530299
480,Nov'15,LAXMI VILAS BANK LTD,123
481,Nov'15,MEHSANA URBAN CO-OP. BANK LIMITED,439
482,Nov'15,NAINITAL BANK LIMITED,87
483,Nov'15,NKGSB CO-OPERATIVE BANK LIMITED,2160
484,Nov'15,ORIENTAL BANK OF COMMERCE,10722
485,Nov'15,PALLAVAN GRAMA BANK,1048
486,Nov'15,PRAGATHI KRISHNA GRAMIN BANK,4160
487,Nov'15,PUNJAB AND MAHARASHTRA CO-OP BANK,12767
488,Nov'15,PUNJAB AND SINDH BANK,26419
489,Nov'15,PUNJAB NATIONAL BANK,80923
490,Nov'15,RBL  BANK LIMITED,14534
491,Nov'15,ROYAL BANK OF SCOTLAND N.V.,5118
492,Nov'15,SARASWAT CO-OP. BANK LTD,26718
493,Nov'15,SOUTH INDIAN BANK,159518
494,Nov'15,STANDARD CHARTERED BANK ,113
495,Nov'15,STATE BANK OF BIKANER AND JAIPUR,43479
496,Nov'15,STATE BANK OF HYDERABAD,128206
497,Nov'15,STATE BANK OF INDIA,19343785
498,Nov'15,STATE BANK OF MYSORE,36848
499,Nov'15,STATE BANK OF PATIALA,4629
500,Nov'15,STATE BANK OF TRAVANCORE,79520
501,Nov'15,SYNDICATE BANK,146054
502,Nov'15,TAMILNAD MERCANTILE BANK LTD,21785
503,Nov'15,THANE JANTA SAHAKARI BANK LTD,5437
504,Nov'15,THE COSMOS CO-OP BANK LIMITED,3233
505,Nov'15,UCO BANK,145833
506,Nov'15,UNION BANK OF INDIA,495970
507,Nov'15,UNITED BANK OF INDIA,69914
508,Nov'15,VIJAYA BANK,214282
509,Nov'15,YES BANK LIMITED,508271
510,Dec'15,A P MAHESH CO-OP URBAN BANK LTD,1662
511,Dec'15,ALLAHABAD BANK,116799
512,Dec'15,ANDHRA BANK,77922
513,Dec'15,AXIS BANK LTD,6028436
514,Dec'15,BANK OF BARODA,573786
515,Dec'15,BANK OF INDIA,14167
516,Dec'15,BANK OF MAHARASHTRA,38385
517,Dec'15,BASSEIN CATHOLIC CO-OP. BANK LTD,1261
518,Dec'15,CANARA BANK,687099
519,Dec'15,CATHOLIC SYRIAN BANK LIMITED,2351
520,Dec'15,CENTRAL BANK OF INDIA,46457
521,Dec'15,CITI BANK,571462
522,Dec'15,CITY UNION BANK,28289
523,Dec'15,CORPORATION BANK,55403
524,Dec'15,DBS BANK LIMITED,1655
525,Dec'15,DENA BANK,7690
526,Dec'15,DEVELOPMENT CREDIT BANK LTD,19049
527,Dec'15,DHANLAXMI BANK LIMITED,1854
528,Dec'15,DOMBIVALI NAGRIK SAHAKARI LTD,6627
529,Dec'15,FEDERAL BANK LTD.,274899
530,Dec'15,GREATER BOMBAY CO.OP BANK LIMITED,8281
531,Dec'15,HDFC BANK LTD.,3913278
532,Dec'15,HSBC,9527
533,Dec'15,ICICI BANK LTD,7001721
534,Dec'15,IDBI LTD.,46838
535,Dec'15,INDIAN BANK,164578
536,Dec'15,INDIAN OVERSEAS BANK,24077
537,Dec'15,INDUSIND BANK LTD,173613
538,Dec'15,JAMMU AND KASHMIR BANK,0
539,Dec'15,JANTA SAHAKARI BANK PUNE,801
540,Dec'15,KARNATAKA BANK LTD,48506
541,Dec'15,KARUR VYSYA BANK LTD,82308
542,Dec'15,KERALA GRAMIN BANK ,2571
543,Dec'15,KOTAK MAHINDRA BANK LTD,1700472
544,Dec'15,LAXMI VILAS BANK LTD,119
545,Dec'15,MEHSANA URBAN CO-OP. BANK LIMITED,460
546,Dec'15,NKGSB CO-OPERATIVE BANK LIMITED,2172
547,Dec'15,NAINITAL BANK LIMITED,73
548,Dec'15,ORIENTAL BANK OF COMMERCE,11910
549,Dec'15,PALLAVAN GRAMA BANK,991
550,Dec'15,PRAGATHI KRISHNA GRAMIN BANK,4457
551,Dec'15,PUNJAB AND MAHARASHTRA CO-OP BANK,14498
552,Dec'15,PUNJAB AND SINDH BANK,28011
553,Dec'15,PUNJAB NATIONAL BANK,97704
554,Dec'15,RBL  BANK LIMITED,15536
555,Dec'15,ROYAL BANK OF SCOTLAND N.V.,6683
556,Dec'15,SARASWAT CO-OP. BANK LTD,28662
557,Dec'15,SOUTH INDIAN BANK,193780
558,Dec'15,STATE BANK OF BIKANER AND JAIPUR,43487
559,Dec'15,STANDARD CHARTERED BANK ,95
560,Dec'15,STATE BANK OF HYDERABAD,162740
561,Dec'15,STATE BANK OF INDIA,15183778
562,Dec'15,STATE BANK OF MYSORE,28732
563,Dec'15,STATE BANK OF PATIALA,5406
564,Dec'15,STATE BANK OF TRAVANCORE,97131
565,Dec'15,SYNDICATE BANK,174627
566,Dec'15,TAMILNADU MERCANTILE BANK LTD,21750
567,Dec'15,THANE JANTA SAHAKARI BANK LTD,9676
568,Dec'15,THE COSMOS CO-OP BANK LIMITED,3423
569,Dec'15,UCO BANK,172710
570,Dec'15,UNION BANK OF INDIA,568990
571,Dec'15,UNITED BANK OF INDIA,85855
572,Dec'15,VIJAYA BANK,199520
573,Dec'15,YES BANK LIMITED,596699
574,Jan'16,A P MAHESH CO-OP URBAN BANK LTD,1396
575,Jan'16,ALLAHABAD BANK,128013
576,Jan'16,ANDHRA BANK,90963
577,Jan'16,AXIS BANK LTD,6322610
578,Jan'16,BANK OF BARODA,655273
579,Jan'16,BANK OF INDIA,18063
580,Jan'16,BANK OF MAHARASHTRA,20318
581,Jan'16,BASSEIN CATHOLIC CO-OP. BANK LTD,1233
582,Jan'16,CANARA BANK,775003
583,Jan'16,CATHOLIC SYRIAN BANK LIMITED,3034
584,Jan'16,CENTRAL BANK OF INDIA,64907
585,Jan'16,CITI BANK,592050
586,Jan'16,CITY UNION BANK,59140
587,Jan'16,CORPORATION BANK,56605
588,Jan'16,DBS BANK LIMITED,2887
589,Jan'16,DENA BANK,7657
590,Jan'16,DEVELOPMENT CREDIT BANK LTD,22295
591,Jan'16,DHANLAXMI BANK LIMITED,2066
592,Jan'16,DOMBIVALI NAGRIK SAHAKARI LTD,3636
593,Jan'16,FEDERAL BANK LTD.,305071
594,Jan'16,GREATER BOMBAY CO.OP BANK LIMITED,8051
595,Jan'16,HDFC BANK LTD.,5902984
596,Jan'16,HSBC,9300
597,Jan'16,ICICI BANK LTD,7300361
598,Jan'16,IDBI LTD.,36206
599,Jan'16,INDIAN BANK,188085
600,Jan'16,INDIAN OVERSEAS BANK,66526
601,Jan'16,INDUSIND BANK LTD,197712
602,Jan'16,JAMMU AND KASHMIR BANK,0
603,Jan'16,JANTA SAHAKARI BANK PUNE,825
604,Jan'16,JP MORGAN BANK,5
605,Jan'16,KARNATAKA BANK LTD,53646
606,Jan'16,KARUR VYSYA BANK LTD,115316
607,Jan'16,KERALA GRAMIN BANK ,2272
608,Jan'16,KOTAK MAHINDRA BANK LTD,1836879
609,Jan'16,LAXMI VILAS BANK LTD,3638
610,Jan'16,MEHSANA URBAN CO-OP. BANK LIMITED,515
611,Jan'16,NKGSB CO-OPERATIVE BANK LIMITED,2483
612,Jan'16,NAINITAL BANK LIMITED,124
613,Jan'16,ORIENTAL BANK OF COMMERCE,11801
614,Jan'16,PALLAVAN GRAMA BANK,1772
615,Jan'16,PRAGATHI KRISHNA GRAMIN BANK,6339
616,Jan'16,PUNJAB AND MAHARASHTRA CO-OP BANK,15915
617,Jan'16,PUNJAB AND SINDH BANK,28333
618,Jan'16,PUNJAB NATIONAL BANK,125338
619,Jan'16,RBL  BANK LIMITED,16800
620,Jan'16,ROYAL BANK OF SCOTLAND N.V.,6854
621,Jan'16,SARASWAT CO-OP. BANK LTD,30422
622,Jan'16,SOUTH INDIAN BANK,211552
623,Jan'16,ST.BANK OF BIKANER AND JAIPUR,52828
624,Jan'16,STANDARD CHARTERED BANK ,33
625,Jan'16,STATE BANK OF HYDERABAD,162740
626,Jan'16,STATE BANK OF INDIA,15119015
627,Jan'16,STATE BANK OF MYSORE,29816
628,Jan'16,STATE BANK OF PATIALA,6750
629,Jan'16,STATE BANK OF TRAVANCORE,96501
630,Jan'16,SYNDICATE BANK,177417
631,Jan'16,TAMILNADU MERCANTILE BANK LTD,22757
632,Jan'16,THANE JANTA SAHAKARI BANK LTD,9328
633,Jan'16,THE COSMOS CO-OP BANK LIMITED,3646
634,Jan'16,UCO BANK,236087
635,Jan'16,UNION BANK OF INDIA,608929
636,Jan'16,UNITED BANK OF INDIA,96113
637,Jan'16,VIJAYA BANK,199520
638,Jan'16,YES BANK LIMITED,665943
639,Feb'16,A P MAHESH CO-OP URBAN BANK LTD,1353
640,Feb'16,ALLAHABAD BANK,135362
641,Feb'16,ANDHRA BANK,102187
642,Feb'16,AXIS BANK LTD,7265659
643,Feb'16,BANK OF BARODA,696916
644,Feb'16,BANK OF INDIA,19404
645,Feb'16,BANK OF MAHARASHTRA,54376
646,Feb'16,BASSEIN CATHOLIC CO-OP. BANK LTD,1342
647,Feb'16,CANARA BANK,898476
648,Feb'16,CATHOLIC SYRIAN BANK LIMITED,3388
649,Feb'16,CENTRAL BANK OF INDIA,74570
650,Feb'16,CITI BANK,516493
651,Feb'16,CITY UNION BANK,67894
652,Feb'16,CORPORATION BANK,62096
653,Feb'16,DBS BANK LIMITED,3529
654,Feb'16,DENA BANK,8423
655,Feb'16,DEVELOPMENT CREDIT BANK LTD,26309
656,Feb'16,DHANLAXMI BANK LIMITED,2171
657,Feb'16,DOMBIVALI NAGRIK SAHAKARI LTD,2693
658,Feb'16,FEDERAL BANK LTD.,335226
659,Feb'16,GREATER BOMBAY CO.OP BANK LIMITED,7919
660,Feb'16,HDFC BANK LTD.,5671832
661,Feb'16,HSBC,8691
662,Feb'16,ICICI BANK LTD,7026022
663,Feb'16,IDBI LTD.,38755
664,Feb'16,INDIAN BANK,212277
665,Feb'16,INDIAN OVERSEAS BANK,123255
666,Feb'16,INDUSIND BANK LTD,246942
667,Feb'16,JAMMU AND KASHMIR BANK,0
668,Feb'16,JANTA SAHAKARI BANK PUNE,844
669,Feb'16,JP MORGAN BANK,0
670,Feb'16,KARNATAKA BANK LTD,57484
671,Feb'16,KARUR VYSYA BANK LTD,137854
672,Feb'16,KERALA GRAMIN BANK ,2113
673,Feb'16,KOTAK MAHINDRA BANK LTD,1823838
674,Feb'16,LAXMI VILAS BANK LTD,26635
675,Feb'16,MEHSANA URBAN CO-OP. BANK LIMITED,459
676,Feb'16,NAINITAL BANK LIMITED,108
677,Feb'16,NKGSB CO-OPERATIVE BANK LIMITED,2512
678,Feb'16,ORIENTAL BANK OF COMMERCE,12245
679,Feb'16,PALLAVAN GRAMA BANK,1825
680,Feb'16,PRAGATHI KRISHNA GRAMIN BANK,7416
681,Feb'16,PUNJAB AND MAHARASHTRA CO-OP BANK,16418
682,Feb'16,PUNJAB AND SINDH BANK,58897
683,Feb'16,PUNJAB NATIONAL BANK,116704
684,Feb'16,RBL  BANK LIMITED,14009
685,Feb'16,ROYAL BANK OF SCOTLAND N.V.,5832
686,Feb'16,SARASWAT CO-OP. BANK LTD,31619
687,Feb'16,SOUTH INDIAN BANK,214435
688,Feb'16,STANDARD CHARTERED BANK ,0
689,Feb'16,STATE BANK OF BIKANER AND JAIPUR,53525
690,Feb'16,STATE BANK OF HYDERABAD,161269
691,Feb'16,STATE BANK OF INDIA,16000178
692,Feb'16,STATE BANK OF MYSORE,31635
693,Feb'16,STATE BANK OF PATIALA,6678
694,Feb'16,STATE BANK OF TRAVANCORE,87403
695,Feb'16,SYNDICATE BANK,184121
696,Feb'16,TAMILNADU MERCANTILE BANK LTD,18208
697,Feb'16,THANE JANTA SAHAKARI BANK LTD,11739
698,Feb'16,THE COSMOS CO-OP BANK LIMITED,4469
699,Feb'16,UCO BANK,257265
700,Feb'16,UNION BANK OF INDIA,579594
701,Feb'16,UNITED BANK OF INDIA,103395
702,Feb'16,VIJAYA BANK,259257
703,Feb'16,YES BANK LIMITED,748431
704,Mar'16,A P MAHESH CO-OP URBAN BANK LTD,1474
705,Mar'16,ALLAHABAD BANK,162713
706,Mar'16,ANDHRA BANK,114315
707,Mar'16,AXIS BANK LTD,7896459
708,Mar'16,BANK OF BARODA,834097
709,Mar'16,BANK OF INDIA,21497
710,Mar'16,BANK OF MAHARASHTRA,61545
711,Mar'16,BASSEIN CATHOLIC CO-OP. BANK LTD,1560
712,Mar'16,CANARA BANK,1029404
713,Mar'16,CATHOLIC SYRIAN BANK LIMITED,3531
714,Mar'16,CENTRAL BANK OF INDIA,89030
715,Mar'16,CITI BANK,570335
716,Mar'16,CITY UNION BANK,83699
717,Mar'16,CORPORATION BANK,13322
718,Mar'16,DBS BANK LIMITED,3827
719,Mar'16,DENA BANK,10047
720,Mar'16,DEVELOPMENT CREDIT BANK LTD,31821
721,Mar'16,DHANLAXMI BANK LIMITED,3069
722,Mar'16,DOMBIVALI NAGRIK SAHAKARI LTD,2648
723,Mar'16,FEDERAL BANK LTD.,419296
724,Mar'16,GREATER BOMBAY CO.OP BANK LIMITED,8145
725,Mar'16,HDFC BANK LTD.,6353802
726,Mar'16,HSBC,9904
727,Mar'16,ICICI BANK LTD,7820784
728,Mar'16,IDBI LTD.,42161
729,Mar'16,INDIAN BANK,290846
730,Mar'16,INDIAN OVERSEAS BANK,180943
731,Mar'16,INDUSIND BANK LTD,307134
732,Mar'16,JAMMU AND KASHMIR BANK,0
733,Mar'16,JANTA SAHAKARI BANK PUNE,848
734,Mar'16,JP MORGAN BANK,0
735,Mar'16,KARNATAKA BANK LTD,66022
736,Mar'16,KARUR VYSYA BANK LTD,168455
737,Mar'16,KERALA GRAMIN BANK ,7804
738,Mar'16,KOTAK MAHINDRA BANK LTD,2062474
739,Mar'16,LAXMI VILAS BANK LTD,37133
740,Mar'16,MEHSANA URBAN CO-OP. BANK LIMITED,562
741,Mar'16,NAINITAL BANK LIMITED,102
742,Mar'16,NKGSB CO-OPERATIVE BANK LIMITED,2853
743,Mar'16,ORIENTAL BANK OF COMMERCE,13322
744,Mar'16,PALLAVAN GRAMA BANK,1418
745,Mar'16,PRAGATHI KRISHNA GRAMIN BANK,9099
746,Mar'16,PUNJAB AND MAHARASHTRA CO-OP BANK,18236
747,Mar'16,PUNJAB AND SINDH BANK,28333
748,Mar'16,PUNJAB NATIONAL BANK,240374
749,Mar'16,RBL  BANK LIMITED,20186
750,Mar'16,ROYAL BANK OF SCOTLAND N.V.,7344
751,Mar'16,SARASWAT CO-OP. BANK LTD,58876
752,Mar'16,SOUTH INDIAN BANK,250779
753,Mar'16,STANDARD CHARTERED BANK ,0
754,Mar'16,STATE BANK OF BIKANER AND JAIPUR,62747
755,Mar'16,STATE BANK OF HYDERABAD,185866
756,Mar'16,STATE BANK OF INDIA,17172296
757,Mar'16,STATE BANK OF MYSORE,39854
758,Mar'16,STATE BANK OF PATIALA,3215
759,Mar'16,STATE BANK OF TRAVANCORE,95271
760,Mar'16,SYNDICATE BANK,206600
761,Mar'16,TAMILNAD MERCANTILE BANK LTD,22892
762,Mar'16,THANE JANTA SAHAKARI BANK LTD,11616
763,Mar'16,THE COSMOS CO-OP BANK LIMITED,5025
764,Mar'16,UCO BANK,298018
765,Mar'16,UNION BANK OF INDIA,629203
766,Mar'16,UNITED BANK OF INDIA,121697
767,Mar'16,VIJAYA BANK,351797
768,Mar'16,YES BANK LIMITED,909155
,,TOTAL,389649627
