1,Apr'15,A P MAHESH CO-OP URBAN BANK LTD,942,19269
2,Apr'15,ALLAHABAD BANK,26088,60528
3,Apr'15,ANDHRA BANK,38041,201240
4,Apr'15,AXIS BANK LTD,2671656,18973609
5,Apr'15,BANK OF BARODA,179951,738244
6,Apr'15,BANK OF INDIA,14444,100153
7,Apr'15,BANK OF MAHARASHTRA,17257,227819
8,Apr'15,BASSEIN CATHOLIC CO-OP. BANK LTD,845,10037
9,Apr'15,CANARA BANK,296784,19875930
10,Apr'15,CATHOLIC SYRIAN BANK LIMITED,1094,5441
11,Apr'15,CENTRAL BANK OF INDIA,10545,92214
12,Apr'15,CITI BANK,424091,3974584
13,Apr'15,CITY UNION BANK,15015,94850
14,Apr'15,CORPORATION BANK,33216,301974
15,Apr'15,DBS BANK LIMITED,534,28579
16,Apr'15,DENA BANK,4292,31233
17,Apr'15,DEVELOPMENT CREDIT BANK LTD,9074,120176
18,Apr'15,DHANLAXMI BANK LIMITED,2126,10650
19,Apr'15,DOMBIVALI NAGRIK SAHAKARI LTD,2047,11978
20,Apr'15,FEDERAL BANK LTD.,67890,151458
21,Apr'15,FIRST RAND BANK,0,0
22,Apr'15,GREATER BOMBAY CO.OP BANK LIMITED,5559,30629
23,Apr'15,HDFC BANK LTD.,1746757,56865767
24,Apr'15,HSBC,6473,318781
25,Apr'15,ICICI BANK LTD,3857085,53429724
26,Apr'15,IDBI LTD.,7984,41634
27,Apr'15,INDIAN BANK,1543,4244
28,Apr'15,INDIAN OVERSEAS BANK,1469,3482
29,Apr'15,INDUSIND BANK LTD,32138,215153
30,Apr'15,ING VYSYA BANK LTD.,87630,479896
31,Apr'15,JAMMU AND KASHMIR BANK,0,0
32,Apr'15,JANTA SAHAKARI BANK PUNE,454,3807
33,Apr'15,KARNATAKA BANK LTD,26696,81256
34,Apr'15,KARUR VYSYA BANK LTD,41115,306530
35,Apr'15,KERALA GRAMIN BANK ,2262,19367
36,Apr'15,KOTAK MAHINDRA BANK LTD,747948,9460259
37,Apr'15,LAXMI VILAS BANK LTD,183,1095
38,Apr'15,MEHSANA URBAN CO-OP. BANK LIMITED,478,6233
39,Apr'15,NKGSB CO-OPERATIVE BANK LIMITED,1095,9095
40,Apr'15,NAINITAL BANK LIMITED,67,194
41,Apr'15,ORIENTAL BANK OF COMMERCE,7082,55772
42,Apr'15,PALLAVAN GRAMA BANK,1156,178
43,Apr'15,PRAGATHI KRISHNA GRAMIN BANK,918,7114
44,Apr'15,PUNJAB AND MAHARASHTRA CO-OP BANK,6551,53024
45,Apr'15,PUNJAB AND SINDH BANK,15283,28708
46,Apr'15,PUNJAB NATIONAL BANK,32573,314186
47,Apr'15,RBL  BANK LIMITED,5734,41732
48,Apr'15,ROYAL BANK OF SCOTLAND N.V.,3556,75156
49,Apr'15,SARASWAT CO-OP. BANK LTD,13715,900
50,Apr'15,SOUTH INDIAN BANK,104274,216181
51,Apr'15,ST.BANK OF BIKANER AND JAIPUR,36730,18831
52,Apr'15,STANDARD CHARTERED BANK ,234,34
53,Apr'15,STATE BANK OF HYDERABAD,191196,70081
54,Apr'15,STATE BANK OF INDIA,7848471,17010992
55,Apr'15,STATE BANK OF MYSORE,50492,24005
56,Apr'15,STATE BANK OF PATIALA,12215,3663
57,Apr'15,STATE BANK OF TRAVANCORE,95846,82899
58,Apr'15,SYNDICATE BANK,74179,171937
59,Apr'15,TAMILNADU MERCANTILE BANK LTD,18591,56598
60,Apr'15,THANE JANTA SAHAKARI BANK LTD,3687,24513
61,Apr'15,THE COSMOS CO-OP BANK LIMITED,1944,13374
62,Apr'15,UCO BANK,39740,82733
63,Apr'15,UNION BANK OF INDIA,209963,1180625
64,Apr'15,UNITED BANK OF INDIA,10745,30226
65,Apr'15,VIJAYA BANK,38204,134965
66,Apr'15,YES BANK LIMITED,569098,2688017
67,May'15,A P MAHESH CO-OP URBAN BANK LTD,907,18320
68,May'15,ALLAHABAD BANK,31678,75691.78
69,May'15,ANDHRA BANK,37699,43130.50
70,May'15,AXIS BANK LTD,2922049,19814926.01482
71,May'15,BANK OF BARODA,223656,892550
72,May'15,BANK OF INDIA,13971,99853
73,May'15,BANK OF MAHARASHTRA,20081,255444.70
74,May'15,BASSEIN CATHOLIC CO-OP. BANK LTD,1127,23024.88
75,May'15,CANARA BANK,324438,21405131
76,May'15,CATHOLIC SYRIAN BANK LIMITED,955,4743
77,May'15,CENTRAL BANK OF INDIA,12402,118527.90
78,May'15,CITI BANK,497988,4930002
79,May'15,CITY UNION BANK,16439,114580.289
80,May'15,CORPORATION BANK,38065,89346
81,May'15,DBS BANK LIMITED,529,22109.46
82,May'15,DENA BANK,5026,37755
83,May'15,DEVELOPMENT CREDIT BANK LTD,10477,133067.44
84,May'15,DHANLAXMI BANK LIMITED,1362,6150.33
85,May'15,DOMBIVALI NAGRIK SAHAKARI LTD,2224,12143.70
86,May'15,FEDERAL BANK LTD.,73870,181050.89
87,May'15,FIRST RAND BANK,0,0
88,May'15,GREATER BOMBAY CO.OP BANK LIMITED,6240,32698
89,May'15,HDFC BANK LTD.,1976968,61471618.66769
90,May'15,HSBC,7025,327798
91,May'15,ICICI BANK LTD,4556247,55247409
92,May'15,IDBI LTD.,9238,50602.19
93,May'15,INDIAN BANK,1596,2650.78
94,May'15,INDIAN OVERSEAS BANK,2188,7025.52
95,May'15,INDUSIND BANK LTD,38954,273192.98
96,May'15,JAMMU AND KASHMIR BANK,0,0
97,May'15,JANTA SAHAKARI BANK PUNE,465,3319.41
98,May'15,KARNATAKA BANK LTD,28464,90652.53
99,May'15,KARUR VYSYA BANK LTD,45571,360697.48
100,May'15,KERALA GRAMIN BANK ,1560,17435
101,May'15,KOTAK MAHINDRA BANK LTD,802826,9902821.87
102,May'15,LAXMI VILAS BANK LTD,177,1190.83
103,May'15,MEHSANA URBAN CO-OP. BANK LIMITED,470,6106.20
104,May'15,NAINITAL BANK LIMITED,106,273.11
105,May'15,NKGSB CO-OPERATIVE BANK LIMITED,1037,8225.09
106,May'15,ORIENTAL BANK OF COMMERCE,7672,62895.67
107,May'15,PALLAVAN GRAMA BANK,1561,536.76
108,May'15,PRAGATHI KRISHNA GRAMIN BANK,982,7761.60
109,May'15,PUNJAB AND MAHARASHTRA CO-OP BANK,7483,61284
110,May'15,PUNJAB AND SINDH BANK,8974,34783.69
111,May'15,PUNJAB NATIONAL BANK,37844,366455.57
112,May'15,RBL  BANK LIMITED,6928,51006.26
113,May'15,ROYAL BANK OF SCOTLAND N.V.,4319,96993
114,May'15,SARASWAT CO-OP. BANK LTD,16196,1064.49
115,May'15,SOUTH INDIAN BANK,116696,252376.97
116,May'15,STANDARD CHARTERED BANK ,177,25.805
117,May'15,STATE BANK OF BIKANER AND JAIPUR,39557,21020.88
118,May'15,STATE BANK OF HYDERABAD,216536,75986.44
119,May'15,STATE BANK OF INDIA,7944035,17187462
120,May'15,STATE BANK OF MYSORE,55460,27613
121,May'15,STATE BANK OF PATIALA,12420,7043.93
122,May'15,STATE BANK OF TRAVANCORE,110124,101844.88
123,May'15,SYNDICATE BANK,84472,158428
124,May'15,TAMILNAD MERCANTILE BANK LTD,20618,62947.07
125,May'15,THANE JANTA SAHAKARI BANK LTD,3728,23485.33
126,May'15,THE COSMOS CO-OP BANK LIMITED,2234,15674.40
127,May'15,UCO BANK,51641,110019.53
128,May'15,UNION BANK OF INDIA,258390,1435972.70
129,May'15,UNITED BANK OF INDIA,14386,36284.90
130,May'15,VIJAYA BANK,50962,177469.60
131,May'15,YES BANK LIMITED,568329,2722818.80
132,Jun'15,A P MAHESH CO-OP URBAN BANK LTD,963,17019.0
133,Jun'15,ALLAHABAD BANK,33676,84920.3
134,Jun'15,ANDHRA BANK,51275,295770.2
135,Jun'15,AXIS BANK LTD,2900563,24171122.2
136,Jun'15,BANK OF BARODA,252935,1006626.0
137,Jun'15,BANK OF INDIA,14632,104556.0
138,Jun'15,BANK OF MAHARASHTRA,21751,287685.9
139,Jun'15,BASSEIN CATHOLIC CO-OP. BANK LTD,1042,28316.8
140,Jun'15,CANARA BANK,355148,2253798.0
141,Jun'15,CATHOLIC SYRIAN BANK LIMITED,863,4394.0
142,Jun'15,CENTRAL BANK OF INDIA,13856,134011.8
143,Jun'15,CITI BANK,444751,4360360.0
144,Jun'15,CITY UNION BANK,15763,115768.6
145,Jun'15,CORPORATION BANK,38692,93623.0
146,Jun'15,DBS BANK LIMITED,537,25012.3
147,Jun'15,DENA BANK,5126,40176.0
148,Jun'15,DEVELOPMENT CREDIT BANK LTD,10698,137462.8
149,Jun'15,DHANLAXMI BANK LIMITED,1415,7965.5
150,Jun'15,DOMBIVALI NAGRIK SAHAKARI LTD,2732,12031.4
151,Jun'15,FEDERAL BANK LTD.,76443,197460.8
152,Jun'15,GREATER BOMBAY CO.OP BANK LIMITED,5507,30717.0
153,Jun'15,HDFC BANK LTD.,1940074,61219854.1
154,Jun'15,HSBC,6631,302586.0
155,Jun'15,ICICI BANK LTD,4704046,61601831.0
156,Jun'15,IDBI LTD.,25124,84991.9
157,Jun'15,INDIAN BANK,1455,2767.7
158,Jun'15,INDIAN OVERSEAS BANK,7079,32038.0
159,Jun'15,INDUSIND BANK LTD,58043,6143788.0
160,Jun'15,JANTA SAHAKARI BANK PUNE,537,3656.0
161,Jun'15,KARNATAKA BANK LTD,29324,96505.1
162,Jun'15,KARUR VYSYA BANK LTD,50090,397825.1
163,Jun'15,KERALA GRAMIN BANK ,2161,16721.0
164,Jun'15,KOTAK MAHINDRA BANK LTD,1011124,15147118.4
165,Jun'15,LAXMI VILAS BANK LTD,196,1370.5
166,Jun'15,MEHSANA URBAN CO-OP. BANK LIMITED,513,6807.2
167,Jun'15,NAINITAL BANK LIMITED,97,282.0
168,Jun'15,NKGSB CO-OPERATIVE BANK LIMITED,933,7328.7
169,Jun'15,ORIENTAL BANK OF COMMERCE,7507,40695.7
170,Jun'15,PALLAVAN GRAMA BANK,1413,383.3
171,Jun'15,PRAGATHI KRISHNA GRAMIN BANK,980,8113.5
172,Jun'15,PUNJAB AND MAHARASHTRA CO-OP BANK,7766,61822.0
173,Jun'15,PUNJAB AND SINDH BANK,9938,36770.1
174,Jun'15,PUNJAB NATIONAL BANK,42385,403697.7
175,Jun'15,RBL  BANK LIMITED,7534,54582.1
176,Jun'15,ROYAL BANK OF SCOTLAND N.V.,3896,92951.0
177,Jun'15,SARASWAT CO-OP. BANK LTD,18121,1232.3
178,Jun'15,SOUTH INDIAN BANK,121452,276310.0
179,Jun'15,STATE BANK OF BIKANER AND JAIPUR,38610,20216.5
180,Jun'15,STANDARD CHARTERED BANK ,132,17.1
181,Jun'15,STATE BANK OF HYDERABAD,184567,71621.0
182,Jun'15,STATE BANK OF INDIA,8008695,18069194.0
183,Jun'15,STATE BANK OF MYSORE,50636,28564.0
184,Jun'15,STATE BANK OF PATIALA,13225,7299.0
185,Jun'15,STATE BANK OF TRAVANCORE,105937,105003.7
186,Jun'15,SYNDICATE BANK,87355,214501.0
187,Jun'15,TAMILNAD MERCANTILE BANK LTD,18227,61081.7
188,Jun'15,THANE JANTA SAHAKARI BANK LTD,3794,22241.8
189,Jun'15,THE COSMOS CO-OP BANK LIMITED,2371,16051.1
190,Jun'15,UCO BANK,56604,131096.2
191,Jun'15,UNION BANK OF INDIA,289756,1840551.5
192,Jun'15,UNITED BANK OF INDIA,21295,62732.9
193,Jun'15,VIJAYA BANK,59694,213495.3
194,Jun'15,YES BANK LIMITED,624629,2596101.0
195,Jul'15,A P MAHESH CO-OP URBAN BANK LTD,1327,20952.0
196,Jul'15,ALLAHABAD BANK,42582,103211.6
197,Jul'15,ANDHRA BANK,60248,366041.8
198,Jul'15,AXIS BANK LTD,3264967,25899559.2
199,Jul'15,BANK OF BARODA,315108,1248726.0
200,Jul'15,BANK OF INDIA,16102,121335.0
201,Jul'15,BANK OF MAHARASHTRA,27449,376261.9
202,Jul'15,BASSEIN CATHOLIC CO-OP. BANK LTD,1021,26163.1
203,Jul'15,CANARA BANK,406578,2530514.0
204,Jul'15,CATHOLIC SYRIAN BANK LIMITED,956,5245.0
205,Jul'15,CENTRAL BANK OF INDIA,16250,151007.0
206,Jul'15,CITI BANK,472199,4735627.0
207,Jul'15,CITY UNION BANK,19215,136457.5
208,Jul'15,CORPORATION BANK,41701,117103.0
209,Jul'15,DBS BANK LIMITED,566,21325.6
210,Jul'15,DENA BANK,6139,60299.0
211,Jul'15,DEVELOPMENT CREDIT BANK LTD,12148,157003.9
212,Jul'15,DHANLAXMI BANK LIMITED,1409,6587.4
213,Jul'15,DOMBIVALI NAGRIK SAHAKARI LTD,3232,15377.3
214,Jul'15,FEDERAL BANK LTD.,116488,310607.4
215,Jul'15,GREATER BOMBAY CO.OP BANK LIMITED,6025,34558.0
216,Jul'15,HDFC BANK LTD.,2103487,64612435.4
217,Jul'15,HSBC,7300,339480.6
218,Jul'15,ICICI BANK LTD,5320683,68853685.0
219,Jul'15,IDBI LTD.,26394,92713.8
220,Jul'15,INDIAN BANK,1660,3115.8
221,Jul'15,INDIAN OVERSEAS BANK,14963,86478.4
222,Jul'15,INDUSIND BANK LTD,84843,382242.5
223,Jul'15,JANTA SAHAKARI BANK PUNE,635,4793.3
224,Jul'15,KARNATAKA BANK LTD,34682,125776.4
225,Jul'15,KARUR VYSYA BANK LTD,57543,446372.7
226,Jul'15,KERALA GRAMIN BANK ,2308,19210.0
227,Jul'15,KOTAK MAHINDRA BANK LTD,1186166,17131424.6
228,Jul'15,LAXMI VILAS BANK LTD,163,612.9
229,Jul'15,MEHSANA URBAN CO-OP. BANK LIMITED,482,6611.4
230,Jul'15,NAINITAL BANK LIMITED,90,254.6
231,Jul'15,NKGSB CO-OPERATIVE BANK LIMITED,1372,1078.8
232,Jul'15,ORIENTAL BANK OF COMMERCE,9259,78967.3
233,Jul'15,PALLAVAN GRAMA BANK,1268,385.4
234,Jul'15,PRAGATHI KRISHNA GRAMIN BANK,1859,12474.6
235,Jul'15,PUNJAB AND MAHARASHTRA CO-OP BANK,9043,67482.0
236,Jul'15,PUNJAB AND SINDH BANK,19487,44074.3
237,Jul'15,PUNJAB NATIONAL BANK,50977,491389.5
238,Jul'15,RBL  BANK LIMITED,8762,67688.3
239,Jul'15,ROYAL BANK OF SCOTLAND N.V.,4678,102749.0
240,Jul'15,SARASWAT CO-OP. BANK LTD,21136,147479.0
241,Jul'15,SOUTH INDIAN BANK,136512,326162.1
242,Jul'15,STANDARD CHARTERED BANK ,121,19.1
243,Jul'15,STATE BANK OF BIKANER AND JAIPUR,38457,22883.6
244,Jul'15,STATE BANK OF HYDERABAD,189978,76078.6
245,Jul'15,STATE BANK OF INDIA,8077120,19065365.0
246,Jul'15,STATE BANK OF MYSORE,55792,35253.0
247,Jul'15,STATE BANK OF PATIALA,12648,8452.1
248,Jul'15,STATE BANK OF TRAVANCORE,111493,116411.6
249,Jul'15,SYNDICATE BANK,110585,350277.0
250,Jul'15,TAMILNAD MERCANTILE BANK LTD,20467,69188.8
251,Jul'15,THANE JANTA SAHAKARI BANK LTD,3896,26332.8
252,Jul'15,THE COSMOS CO-OP BANK LIMITED,2732,18977.3
253,Jul'15,UCO BANK,69667,165422.8
254,Jul'15,UNION BANK OF INDIA,1713402,1604663.7
255,Jul'15,UNITED BANK OF INDIA,29409,91763.8
256,Jul'15,VIJAYA BANK,79130,294763.7
257,Jul'15,YES BANK LIMITED,572036,2727001.2
258,Aug'15,A P MAHESH CO-OP URBAN BANK LTD,1417,22808.00
259,Aug'15,ALLAHABAD BANK,56524,139097.64
260,Aug'15,ANDHRA BANK,69449,439237.80
261,Aug'15,AXIS BANK LTD,3423414,24801138.00
262,Aug'15,BANK OF BARODA,353032,1356377.00
263,Aug'15,BANK OF INDIA,15086,117074.00
264,Aug'15,BANK OF MAHARASHTRA,30617,386729.49
265,Aug'15,BASSEIN CATHOLIC CO-OP. BANK LTD,1135,30412.79
266,Aug'15,CANARA BANK,416602,2581111.00
267,Aug'15,CATHOLIC SYRIAN BANK LIMITED,917,6407.00
268,Aug'15,CENTRAL BANK OF INDIA,15102,153517.27
269,Aug'15,CITI BANK,485339,4964081.00
270,Aug'15,CITY UNION BANK,22012,159260.88
271,Aug'15,CORPORATION BANK,44168,397941.00
272,Aug'15,DBS BANK LIMITED,783,56448.83
273,Aug'15,DENA BANK,6056,50830.00
274,Aug'15,DEVELOPMENT CREDIT BANK LTD,12994,162281.07
275,Aug'15,DHANLAXMI BANK LIMITED,1617,9092.41
276,Aug'15,DOMBIVALI NAGRIK SAHAKARI LTD,3742,17945.13
277,Aug'15,FEDERAL BANK LTD.,140510,383559.52
278,Aug'15,GREATER BOMBAY CO.OP BANK LIMITED,6589,41738.00
279,Aug'15,HDFC BANK LTD.,2215841,65809131.11
280,Aug'15,HSBC,7727,375139.00
281,Aug'15,ICICI BANK LTD,5725200,67941254.00
282,Aug'15,IDBI LTD.,34945,145023.02
283,Aug'15,INDIAN BANK,7827,34603.37
284,Aug'15,INDIAN OVERSEAS BANK,14403,50250.23
285,Aug'15,INDUSIND BANK LTD,88049,429319.80
286,Aug'15,JANTA SAHAKARI BANK PUNE,631,4497.77
287,Aug'15,KARNATAKA BANK LTD,36948,130939.79
288,Aug'15,KARUR VYSYA BANK LTD,61869,473473.69
289,Aug'15,KERALA GRAMIN BANK ,2308,19210.00
290,Aug'15,KOTAK MAHINDRA BANK LTD,1302920,17631974.81
291,Aug'15,LAXMI VILAS BANK LTD,179,684.90
292,Aug'15,MEHSANA URBAN CO-OP. BANK LIMITED,410,5413.17
293,Aug'15,NAINITAL BANK LIMITED,103,354.70
294,Aug'15,NKGSB CO-OPERATIVE BANK LIMITED,1485,1036.79
295,Aug'15,ORIENTAL BANK OF COMMERCE,6089,44285.56
296,Aug'15,PALLAVAN GRAMA BANK,1555,479.10
297,Aug'15,PRAGATHI KRISHNA GRAMIN BANK,2609,21536.83
298,Aug'15,PUNJAB AND MAHARASHTRA CO-OP BANK,10565,77761.00
299,Aug'15,PUNJAB AND SINDH BANK,20487,49074.30
300,Aug'15,PUNJAB NATIONAL BANK,62135,593335.95
301,Aug'15,RBL  BANK LIMITED,9979,79591.55
302,Aug'15,ROYAL BANK OF SCOTLAND N.V.,4396,97791.00
303,Aug'15,SARASWAT CO-OP. BANK LTD,22901,1542.87
304,Aug'15,SOUTH INDIAN BANK,145172,344604.24
305,Aug'15,STANDARD CHARTERED BANK ,83,12.78
306,Aug'15,STATE BANK OF BIKANER AND JAIPUR,35102,20400.98
307,Aug'15,STATE BANK OF HYDERABAD,186911,76013.20
308,Aug'15,STATE BANK OF INDIA,8586364,20979674.00
309,Aug'15,STATE BANK OF MYSORE,55792,35253.00
310,Aug'15,STATE BANK OF PATIALA,11875,7936.73
311,Aug'15,STATE BANK OF TRAVANCORE,112900,119877.25
312,Aug'15,SYNDICATE BANK,120515,366615.00
313,Aug'15,TAMILNAD MERCANTILE BANK LTD,22031,71243.38
314,Aug'15,THANE JANTA SAHAKARI BANK LTD,4571,31861.86
315,Aug'15,THE COSMOS CO-OP BANK LIMITED,2937,19374.63
316,Aug'15,UCO BANK,84641,240184.51
317,Aug'15,UNION BANK OF INDIA,406186,2483079.86
318,Aug'15,UNITED BANK OF INDIA,40989,118415.60
319,Aug'15,VIJAYA BANK,101877,344394.74
320,Aug'15,YES BANK LIMITED,492297,2430641.07
321,Sep'15,A P MAHESH CO-OP URBAN BANK LTD,1558,24098.00
322,Sep'15,ALLAHABAD BANK,79571,231663.10
323,Sep'15,ANDHRA BANK,73358,453541.27
324,Sep'15,AXIS BANK LTD,4072649,54956873.00
325,Sep'15,BANK OF BARODA,398611,1495505.00
326,Sep'15,BANK OF INDIA,15511,106754.00
327,Sep'15,BANK OF MAHARASHTRA,31669,406736.53
328,Sep'15,BASSEIN CATHOLIC CO-OP. BANK LTD,1147,26290.87
329,Sep'15,CANARA BANK,442160,2605958.00
330,Sep'15,CATHOLIC SYRIAN BANK LIMITED,1661,12443.00
331,Sep'15,CENTRAL BANK OF INDIA,15703,159627.20
332,Sep'15,CITI BANK,484854,5029725.00
333,Sep'15,CITY UNION BANK,24133,213349.22
334,Sep'15,CORPORATION BANK,45784,244427.00
335,Sep'15,DBS BANK LIMITED,1524,175959.75
336,Sep'15,DENA BANK,6506,51626.00
337,Sep'15,DEVELOPMENT CREDIT BANK LTD,14620,181121.00
338,Sep'15,DHANLAXMI BANK LIMITED,1527,8003.08
339,Sep'15,DOMBIVALI NAGRIK SAHAKARI LTD,4568,20107.40
340,Sep'15,FEDERAL BANK LTD.,170437,506250.65
341,Sep'15,GREATER BOMBAY CO.OP BANK LIMITED,6679,41461.00
342,Sep'15,HDFC BANK LTD.,2933230,69287142.00
343,Sep'15,HSBC,7630,321253.00
344,Sep'15,ICICI BANK LTD,5455048,78283311.00
345,Sep'15,IDBI LTD.,36217,156534.69
346,Sep'15,INDIAN BANK,64928,372106.32
347,Sep'15,INDIAN OVERSEAS BANK,19807,66945.97
348,Sep'15,INDUSIND BANK LTD,101006,458746.00
349,Sep'15,JANTA SAHAKARI BANK PUNE,572,3730.35
350,Sep'15,KARNATAKA BANK LTD,38150,132672.50
351,Sep'15,KARUR VYSYA BANK LTD,66217,526357.27
352,Sep'15,KERALA GRAMIN BANK ,2186,20724.00
353,Sep'15,KOTAK MAHINDRA BANK LTD,1315540,18282929.00
354,Sep'15,LAXMI VILAS BANK LTD,148,790.86
355,Sep'15,MEHSANA URBAN CO-OP. BANK LIMITED,443,6150.67
356,Sep'15,NAINITAL BANK LIMITED,84,274.75
357,Sep'15,NKGSB CO-OPERATIVE BANK LIMITED,1562,1133.67
358,Sep'15,ORIENTAL BANK OF COMMERCE,9639,78965.37
359,Sep'15,PALLAVAN GRAMA BANK,1994,299.01
360,Sep'15,PRAGATHI KRISHNA GRAMIN BANK,2817,21950.82
361,Sep'15,PUNJAB AND MAHARASHTRA CO-OP BANK,11786,82967.00
362,Sep'15,PUNJAB AND SINDH BANK,20477,46082.22
363,Sep'15,PUNJAB NATIONAL BANK,60336,548698.58
364,Sep'15,RBL  BANK LIMITED,11735,85887.28
365,Sep'15,ROYAL BANK OF SCOTLAND N.V.,4300,87889.00
366,Sep'15,SARASWAT CO-OP. BANK LTD,23735,1505.87
367,Sep'15,SOUTH INDIAN BANK,150004,369660.40
368,Sep'15,STANDARD CHARTERED BANK ,79,11.36
369,Sep'15,STATE BANK OF BIKANER AND JAIPUR,36032,21448.41
370,Sep'15,STATE BANK OF HYDERABAD,186911,76013.20
371,Sep'15,STATE BANK OF INDIA,8956357,26074735.00
372,Sep'15,STATE BANK OF MYSORE,79297,50252.00
373,Sep'15,STATE BANK OF PATIALA,11294,7827.61
374,Sep'15,STATE BANK OF TRAVANCORE,107345,69530.54
375,Sep'15,SYNDICATE BANK,130770,438948.00
376,Sep'15,TAMILNAD MERCANTILE BANK LTD,22411,75501.56
377,Sep'15,THANE JANTA SAHAKARI BANK LTD,4958,39885.61
378,Sep'15,THE COSMOS CO-OP BANK LIMITED,3269,26229.73
379,Sep'15,UCO BANK,94715,273325.00
380,Sep'15,UNION BANK OF INDIA,437871,2577533.30
381,Sep'15,UNITED BANK OF INDIA,48381,136346.87
382,Sep'15,VIJAYA BANK,133631,446844.14
383,Sep'15,YES BANK LIMITED,618276,3091415.91
384,Oct'15,A P MAHESH CO-OP URBAN BANK LTD,1469,23626
385,Oct'15,ALLAHABAD BANK,99099,293395
386,Oct'15,ANDHRA BANK,78934,547139
387,Oct'15,AXIS BANK LTD,4429296,55277546
388,Oct'15,BANK OF BARODA,443961,1784848
389,Oct'15,BANK OF INDIA,15645,114960
390,Oct'15,BANK OF MAHARASHTRA,34755,415807
391,Oct'15,BASSEIN CATHOLIC CO-OP. BANK LTD,1256,25441
392,Oct'15,CANARA BANK,516101,3103862
393,Oct'15,CATHOLIC SYRIAN BANK LIMITED,1907,14521
394,Oct'15,CENTRAL BANK OF INDIA,18308,192239
395,Oct'15,CITI BANK,544281,5817654
396,Oct'15,CITY UNION BANK,29242,243484
397,Oct'15,CORPORATION BANK,52212,488562
398,Oct'15,DBS BANK LIMITED,1554,44927
399,Oct'15,DENA BANK,7023,58156
400,Oct'15,DEVELOPMENT CREDIT BANK LTD,15874,197274
401,Oct'15,DHANLAXMI BANK LIMITED,1599,7680
402,Oct'15,DOMBIVALI NAGRIK SAHAKARI LTD,5265,24008
403,Oct'15,FEDERAL BANK LTD.,198449,612558
404,Oct'15,GREATER BOMBAY CO.OP BANK LIMITED,7374,50074
405,Oct'15,HDFC BANK LTD.,3361701,77664825
406,Oct'15,HSBC,8846,350570
407,Oct'15,ICICI BANK LTD,6314628,85730160
408,Oct'15,IDBI LTD.,44311,195924
409,Oct'15,INDIAN BANK,109995,748083
410,Oct'15,INDIAN OVERSEAS BANK,25218,85633
411,Oct'15,INDUSIND BANK LTD,146072,608537
412,Oct'15,JANTA SAHAKARI BANK PUNE,909,7555
413,Oct'15,KARNATAKA BANK LTD,38933,138198
414,Oct'15,KARUR VYSYA BANK LTD,69530,548726
415,Oct'15,KERALA GRAMIN BANK ,2096,18312
416,Oct'15,KOTAK MAHINDRA BANK LTD,1508124,20670932
417,Oct'15,LAXMI VILAS BANK LTD,136,418
418,Oct'15,MEHSANA URBAN CO-OP. BANK LIMITED,466,5996
419,Oct'15,NAINITAL BANK LIMITED,76,210
420,Oct'15,NKGSB CO-OPERATIVE BANK LIMITED,1880,1401
421,Oct'15,ORIENTAL BANK OF COMMERCE,10502,87158
422,Oct'15,PALLAVAN GRAMA BANK,1455,274
423,Oct'15,PRAGATHI KRISHNA GRAMIN BANK,3600,28278
424,Oct'15,PUNJAB AND MAHARASHTRA CO-OP BANK,12534,92773
425,Oct'15,PUNJAB AND SINDH BANK,27358,68709
426,Oct'15,PUNJAB NATIONAL BANK,64444,581052.3471
427,Oct'15,RBL  BANK LIMITED,14048,110893
428,Oct'15,ROYAL BANK OF SCOTLAND N.V.,5649,111429
429,Oct'15,SARASWAT CO-OP. BANK LTD,26607,4715
430,Oct'15,SOUTH INDIAN BANK,153739,387558
431,Oct'15,STANDARD CHARTERED BANK ,104,13160
432,Oct'15,STATE BANK OF BIKANER AND JAIPUR,32056,18045
433,Oct'15,STATE BANK OF HYDERABAD,195151,69977
434,Oct'15,STATE BANK OF INDIA,11872596,39998538
435,Oct'15,STATE BANK OF MYSORE,79821,46886
436,Oct'15,STATE BANK OF PATIALA,9748,7456
437,Oct'15,STATE BANK OF TRAVANCORE,94252,42150
438,Oct'15,SYNDICATE BANK,146336,518641
439,Oct'15,TAMILNAD MERCANTILE BANK LTD,23031,77304
440,Oct'15,THANE JANTA SAHAKARI BANK LTD,4493,34925
441,Oct'15,THE COSMOS CO-OP BANK LIMITED,3433,25240
442,Oct'15,UCO BANK,125188,387310
443,Oct'15,UNION BANK OF INDIA,466532,2947132
444,Oct'15,UNITED BANK OF INDIA,212889,242465
445,Oct'15,VIJAYA BANK,152215,568721.896
446,Oct'15,YES BANK LIMITED,609960,3093137
447,Nov'15,A P MAHESH CO-OP URBAN BANK LTD,1508,23889
448,Nov'15,ALLAHABAD BANK,108766,331616
449,Nov'15,ANDHRA BANK,76165,538713
450,Nov'15,AXIS BANK LTD,4996574,58024218
451,Nov'15,BANK OF BARODA,505993,1936995
452,Nov'15,BANK OF INDIA,13897,107108
453,Nov'15,BANK OF MAHARASHTRA,33436,387253
454,Nov'15,BASSEIN CATHOLIC CO-OP. BANK LTD,1191,24539
455,Nov'15,CANARA BANK,533838,3156928
456,Nov'15,CATHOLIC SYRIAN BANK LIMITED,1983,15160
457,Nov'15,CENTRAL BANK OF INDIA,31303,254960
458,Nov'15,CITI BANK,504343,5506869
459,Nov'15,CITY UNION BANK,26765,263382
460,Nov'15,CORPORATION BANK,53125,492753
461,Nov'15,DBS BANK LIMITED,5481,85874
462,Nov'15,DENA BANK,7040,60008
463,Nov'15,DEVELOPMENT CREDIT BANK LTD,17678,206284
464,Nov'15,DHANLAXMI BANK LIMITED,1594,7656
465,Nov'15,DOMBIVALI NAGRIK SAHAKARI LTD,5402,23706
466,Nov'15,FEDERAL BANK LTD.,226607,700476
467,Nov'15,GREATER BOMBAY CO.OP BANK LIMITED,7426,51291
468,Nov'15,HDFC BANK LTD.,3425449,76663424
469,Nov'15,HSBC,8487,391465
470,Nov'15,ICICI BANK LTD,6266227,91620747
471,Nov'15,IDBI LTD.,43717,191293
472,Nov'15,INDIAN BANK,134650,982482
473,Nov'15,INDIAN OVERSEAS BANK,22147,81166
474,Nov'15,INDUSIND BANK LTD,151943,3239467
475,Nov'15,JANTA SAHAKARI BANK PUNE,809,6280
476,Nov'15,KARNATAKA BANK LTD,41525,154316
477,Nov'15,KARUR VYSYA BANK LTD,72894,592449
478,Nov'15,KERALA GRAMIN BANK ,3074,24119
479,Nov'15,KOTAK MAHINDRA BANK LTD,1530299,18948828
480,Nov'15,LAXMI VILAS BANK LTD,123,520
481,Nov'15,MEHSANA URBAN CO-OP. BANK LIMITED,439,5201
482,Nov'15,NAINITAL BANK LIMITED,87,268
483,Nov'15,NKGSB CO-OPERATIVE BANK LIMITED,2160,1201
484,Nov'15,ORIENTAL BANK OF COMMERCE,10722,92272
485,Nov'15,PALLAVAN GRAMA BANK,1048,166
486,Nov'15,PRAGATHI KRISHNA GRAMIN BANK,4160,31028
487,Nov'15,PUNJAB AND MAHARASHTRA CO-OP BANK,12767,95392
488,Nov'15,PUNJAB AND SINDH BANK,26419,75822
489,Nov'15,PUNJAB NATIONAL BANK,80923,773919
490,Nov'15,RBL  BANK LIMITED,14534,106348
491,Nov'15,ROYAL BANK OF SCOTLAND N.V.,5118,96522
492,Nov'15,SARASWAT CO-OP. BANK LTD,26718,1821
493,Nov'15,SOUTH INDIAN BANK,159518,402501
494,Nov'15,STANDARD CHARTERED BANK ,113,18
495,Nov'15,STATE BANK OF BIKANER AND JAIPUR,43479,34243
496,Nov'15,STATE BANK OF HYDERABAD,128206,37463
497,Nov'15,STATE BANK OF INDIA,19343785,60020239
498,Nov'15,STATE BANK OF MYSORE,36848,52203
499,Nov'15,STATE BANK OF PATIALA,4629,6832
500,Nov'15,STATE BANK OF TRAVANCORE,79520,36433
501,Nov'15,SYNDICATE BANK,146054,516851
502,Nov'15,TAMILNAD MERCANTILE BANK LTD,21785,73698
503,Nov'15,THANE JANTA SAHAKARI BANK LTD,5437,36673
504,Nov'15,THE COSMOS CO-OP BANK LIMITED,3233,23761
505,Nov'15,UCO BANK,145833,434360
506,Nov'15,UNION BANK OF INDIA,495970,3045186
507,Nov'15,UNITED BANK OF INDIA,69914,305498
508,Nov'15,VIJAYA BANK,214282,639111
509,Nov'15,YES BANK LIMITED,508271,2673535
510,Dec'15,A P MAHESH CO-OP URBAN BANK LTD,1662,25723
511,Dec'15,ALLAHABAD BANK,116799,386082
512,Dec'15,ANDHRA BANK,77922,589126
513,Dec'15,AXIS BANK LTD,6028436,62678529
514,Dec'15,BANK OF BARODA,573786,2241224
515,Dec'15,BANK OF INDIA,14167,108534
516,Dec'15,BANK OF MAHARASHTRA,38385,451290
517,Dec'15,BASSEIN CATHOLIC CO-OP. BANK LTD,1261,25691
518,Dec'15,CANARA BANK,687099,3964850
519,Dec'15,CATHOLIC SYRIAN BANK LIMITED,2351,18753
520,Dec'15,CENTRAL BANK OF INDIA,46457,325260
521,Dec'15,CITI BANK,571462,6763207
522,Dec'15,CITY UNION BANK,28289,287006
523,Dec'15,CORPORATION BANK,55403,539442
524,Dec'15,DBS BANK LIMITED,1655,92188
525,Dec'15,DENA BANK,7690,62454
526,Dec'15,DEVELOPMENT CREDIT BANK LTD,19049,236202
527,Dec'15,DHANLAXMI BANK LIMITED,1854,9887
528,Dec'15,DOMBIVALI NAGRIK SAHAKARI LTD,6627,30744
529,Dec'15,FEDERAL BANK LTD.,274899,1125717
530,Dec'15,GREATER BOMBAY CO.OP BANK LIMITED,8281,56532
531,Dec'15,HDFC BANK LTD.,3913278,87168948
532,Dec'15,HSBC,9527,447794
533,Dec'15,ICICI BANK LTD,7001721,105772562
534,Dec'15,IDBI LTD.,46838,217485
535,Dec'15,INDIAN BANK,164578,1232161
536,Dec'15,INDIAN OVERSEAS BANK,24077,86347
537,Dec'15,INDUSIND BANK LTD,173613,2927764
538,Dec'15,JAMMU AND KASHMIR BANK,0,0
539,Dec'15,JANTA SAHAKARI BANK PUNE,801,6245
540,Dec'15,KARNATAKA BANK LTD,48506,180865
541,Dec'15,KARUR VYSYA BANK LTD,82308,743084
542,Dec'15,KERALA GRAMIN BANK ,2571,23328
543,Dec'15,KOTAK MAHINDRA BANK LTD,1700472,23248260
544,Dec'15,LAXMI VILAS BANK LTD,119,481
545,Dec'15,MEHSANA URBAN CO-OP. BANK LIMITED,460,5755
546,Dec'15,NKGSB CO-OPERATIVE BANK LIMITED,2172,1612
547,Dec'15,NAINITAL BANK LIMITED,73,175
548,Dec'15,ORIENTAL BANK OF COMMERCE,11910,103469
549,Dec'15,PALLAVAN GRAMA BANK,991,311
550,Dec'15,PRAGATHI KRISHNA GRAMIN BANK,4457,37520
551,Dec'15,PUNJAB AND MAHARASHTRA CO-OP BANK,14498,109713
552,Dec'15,PUNJAB AND SINDH BANK,28011,90071
553,Dec'15,PUNJAB NATIONAL BANK,97704,902461.115
554,Dec'15,RBL  BANK LIMITED,15536,121078
555,Dec'15,ROYAL BANK OF SCOTLAND N.V.,6683,142364
556,Dec'15,SARASWAT CO-OP. BANK LTD,28662,1933
557,Dec'15,SOUTH INDIAN BANK,193780,454285
558,Dec'15,STATE BANK OF BIKANER AND JAIPUR,43487,35992
559,Dec'15,STANDARD CHARTERED BANK ,95,16
560,Dec'15,STATE BANK OF HYDERABAD,162740,66921
561,Dec'15,STATE BANK OF INDIA,15183778,176360419
562,Dec'15,STATE BANK OF MYSORE,28732,47590
563,Dec'15,STATE BANK OF PATIALA,5406,7127
564,Dec'15,STATE BANK OF TRAVANCORE,97131,98888
565,Dec'15,SYNDICATE BANK,174627,656227
566,Dec'15,TAMILNADU MERCANTILE BANK LTD,21750,71975
567,Dec'15,THANE JANTA SAHAKARI BANK LTD,9676,90644
568,Dec'15,THE COSMOS CO-OP BANK LIMITED,3423,25100
569,Dec'15,UCO BANK,172710,608922
570,Dec'15,UNION BANK OF INDIA,568990,3918494
571,Dec'15,UNITED BANK OF INDIA,85855,394242
572,Dec'15,VIJAYA BANK,199520,739816.349
573,Dec'15,YES BANK LIMITED,596699,3124548
574,Jan'16,A P MAHESH CO-OP URBAN BANK LTD,1396,20203
575,Jan'16,ALLAHABAD BANK,128013,425806
576,Jan'16,ANDHRA BANK,90963,668099
577,Jan'16,AXIS BANK LTD,6322610,64885696
578,Jan'16,BANK OF BARODA,655273,2499799
579,Jan'16,BANK OF INDIA,18063,138594
580,Jan'16,BANK OF MAHARASHTRA,20318,235438
581,Jan'16,BASSEIN CATHOLIC CO-OP. BANK LTD,1233,21868
582,Jan'16,CANARA BANK,775003,4469711
583,Jan'16,CATHOLIC SYRIAN BANK LIMITED,3034,22890
584,Jan'16,CENTRAL BANK OF INDIA,64907,450963
585,Jan'16,CITI BANK,592050,7159052
586,Jan'16,CITY UNION BANK,59140,525785
587,Jan'16,CORPORATION BANK,56605,555872
588,Jan'16,DBS BANK LIMITED,2887,102085
589,Jan'16,DENA BANK,7657,56631
590,Jan'16,DEVELOPMENT CREDIT BANK LTD,22295,272512
591,Jan'16,DHANLAXMI BANK LIMITED,2066,10045
592,Jan'16,DOMBIVALI NAGRIK SAHAKARI LTD,3636,32299
593,Jan'16,FEDERAL BANK LTD.,305071,1375781
594,Jan'16,GREATER BOMBAY CO.OP BANK LIMITED,8051,62118
595,Jan'16,HDFC BANK LTD.,5902984,91845788
596,Jan'16,HSBC,9300,397937
597,Jan'16,ICICI BANK LTD,7300361,100620769
598,Jan'16,IDBI LTD.,36206,157696
599,Jan'16,INDIAN BANK,188085,1448481
600,Jan'16,INDIAN OVERSEAS BANK,66526,574892
601,Jan'16,INDUSIND BANK LTD,197712,3350138
602,Jan'16,JAMMU AND KASHMIR BANK,0,0
603,Jan'16,JANTA SAHAKARI BANK PUNE,825,5748
604,Jan'16,JP MORGAN BANK,5,86790
605,Jan'16,KARNATAKA BANK LTD,53646,233425
606,Jan'16,KARUR VYSYA BANK LTD,115316,1057849
607,Jan'16,KERALA GRAMIN BANK ,2272,20114
608,Jan'16,KOTAK MAHINDRA BANK LTD,1836879,24132660
609,Jan'16,LAXMI VILAS BANK LTD,3638,16483
610,Jan'16,MEHSANA URBAN CO-OP. BANK LIMITED,515,6251
611,Jan'16,NKGSB CO-OPERATIVE BANK LIMITED,2483,2007
612,Jan'16,NAINITAL BANK LIMITED,124,356
613,Jan'16,ORIENTAL BANK OF COMMERCE,11801,99509
614,Jan'16,PALLAVAN GRAMA BANK,1772,345
615,Jan'16,PRAGATHI KRISHNA GRAMIN BANK,6339,46035
616,Jan'16,PUNJAB AND MAHARASHTRA CO-OP BANK,15915,122589
617,Jan'16,PUNJAB AND SINDH BANK,28333,90476
618,Jan'16,PUNJAB NATIONAL BANK,125338,1007405
619,Jan'16,RBL  BANK LIMITED,16800,135639
620,Jan'16,ROYAL BANK OF SCOTLAND N.V.,6854,167472
621,Jan'16,SARASWAT CO-OP. BANK LTD,30422,204015
622,Jan'16,SOUTH INDIAN BANK,211552,509770
623,Jan'16,ST.BANK OF BIKANER AND JAIPUR,52828,41844
624,Jan'16,STANDARD CHARTERED BANK ,33,4
625,Jan'16,STATE BANK OF HYDERABAD,162740,32567
626,Jan'16,STATE BANK OF INDIA,15119015,144227412
627,Jan'16,STATE BANK OF MYSORE,29816,48400
628,Jan'16,STATE BANK OF PATIALA,6750,10497
629,Jan'16,STATE BANK OF TRAVANCORE,96501,115331
630,Jan'16,SYNDICATE BANK,177417,668306
631,Jan'16,TAMILNADU MERCANTILE BANK LTD,22757,88578
632,Jan'16,THANE JANTA SAHAKARI BANK LTD,9328,102299
633,Jan'16,THE COSMOS CO-OP BANK LIMITED,3646,26912
634,Jan'16,UCO BANK,236087,832662
635,Jan'16,UNION BANK OF INDIA,608929,4018041
636,Jan'16,UNITED BANK OF INDIA,96113,442187
637,Jan'16,VIJAYA BANK,199520,739816
638,Jan'16,YES BANK LIMITED,665943,3483344
639,Feb'16,A P MAHESH CO-OP URBAN BANK LTD,1353,21163
640,Feb'16,ALLAHABAD BANK,135362,548749
641,Feb'16,ANDHRA BANK,102187,752608
642,Feb'16,AXIS BANK LTD,7265659,68207429
643,Feb'16,BANK OF BARODA,696916,2724366
644,Feb'16,BANK OF INDIA,19404,145840
645,Feb'16,BANK OF MAHARASHTRA,54376,621562
646,Feb'16,BASSEIN CATHOLIC CO-OP. BANK LTD,1342,22648
647,Feb'16,CANARA BANK,898476,4889063
648,Feb'16,CATHOLIC SYRIAN BANK LIMITED,3388,27593
649,Feb'16,CENTRAL BANK OF INDIA,74570,524321
650,Feb'16,CITI BANK,516493,6123011
651,Feb'16,CITY UNION BANK,67894,589365
652,Feb'16,CORPORATION BANK,62096,589442
653,Feb'16,DBS BANK LIMITED,3529,169763
654,Feb'16,DENA BANK,8423,68450
655,Feb'16,DEVELOPMENT CREDIT BANK LTD,26309,311562
656,Feb'16,DHANLAXMI BANK LIMITED,2171,9817
657,Feb'16,DOMBIVALI NAGRIK SAHAKARI LTD,2693,32779
658,Feb'16,FEDERAL BANK LTD.,335226,1621728
659,Feb'16,GREATER BOMBAY CO.OP BANK LIMITED,7919,59519
660,Feb'16,HDFC BANK LTD.,5671832,86467273
661,Feb'16,HSBC,8691,370182
662,Feb'16,ICICI BANK LTD,7026022,102249609
663,Feb'16,IDBI LTD.,38755,167309
664,Feb'16,INDIAN BANK,212277,1639383
665,Feb'16,INDIAN OVERSEAS BANK,123255,1096708
666,Feb'16,INDUSIND BANK LTD,246942,3809307
667,Feb'16,JAMMU AND KASHMIR BANK,0,0
668,Feb'16,JANTA SAHAKARI BANK PUNE,844,5881
669,Feb'16,JP MORGAN BANK,0,0
670,Feb'16,KARNATAKA BANK LTD,57484,330162
671,Feb'16,KARUR VYSYA BANK LTD,137854,1301007
672,Feb'16,KERALA GRAMIN BANK ,2113,19951
673,Feb'16,KOTAK MAHINDRA BANK LTD,1823838,24247643
674,Feb'16,LAXMI VILAS BANK LTD,26635,155589
675,Feb'16,MEHSANA URBAN CO-OP. BANK LIMITED,459,5375
676,Feb'16,NAINITAL BANK LIMITED,108,292
677,Feb'16,NKGSB CO-OPERATIVE BANK LIMITED,2512,19670
678,Feb'16,ORIENTAL BANK OF COMMERCE,12245,105752.7
679,Feb'16,PALLAVAN GRAMA BANK,1825,361
680,Feb'16,PRAGATHI KRISHNA GRAMIN BANK,7416,53875
681,Feb'16,PUNJAB AND MAHARASHTRA CO-OP BANK,16418,126402
682,Feb'16,PUNJAB AND SINDH BANK,58897,119636
683,Feb'16,PUNJAB NATIONAL BANK,116704,1102069
684,Feb'16,RBL  BANK LIMITED,14009,123746
685,Feb'16,ROYAL BANK OF SCOTLAND N.V.,5832,133686
686,Feb'16,SARASWAT CO-OP. BANK LTD,31619,211904
687,Feb'16,SOUTH INDIAN BANK,214435,552864
688,Feb'16,STANDARD CHARTERED BANK ,0,0
689,Feb'16,STATE BANK OF BIKANER AND JAIPUR,53525,48799
690,Feb'16,STATE BANK OF HYDERABAD,161269,29993
691,Feb'16,STATE BANK OF INDIA,16000178,218635276
692,Feb'16,STATE BANK OF MYSORE,31635,53244
693,Feb'16,STATE BANK OF PATIALA,6678,11801
694,Feb'16,STATE BANK OF TRAVANCORE,87403,114762
695,Feb'16,SYNDICATE BANK,184121,704931
696,Feb'16,TAMILNADU MERCANTILE BANK LTD,18208,63482
697,Feb'16,THANE JANTA SAHAKARI BANK LTD,11739,103747
698,Feb'16,THE COSMOS CO-OP BANK LIMITED,4469,31758
699,Feb'16,UCO BANK,257265,975746
700,Feb'16,UNION BANK OF INDIA,579594,1409322
701,Feb'16,UNITED BANK OF INDIA,103395,500154
702,Feb'16,VIJAYA BANK,259257,977398
703,Feb'16,YES BANK LIMITED,748431,3865003
704,Mar'16,A P MAHESH CO-OP URBAN BANK LTD,1474,24672
705,Mar'16,ALLAHABAD BANK,162713,710649
706,Mar'16,ANDHRA BANK,114315,854782
707,Mar'16,AXIS BANK LTD,7896459,75521002
708,Mar'16,BANK OF BARODA,834097,3277280
709,Mar'16,BANK OF INDIA,21497,160939
710,Mar'16,BANK OF MAHARASHTRA,61545,717222
711,Mar'16,BASSEIN CATHOLIC CO-OP. BANK LTD,1560,28803
712,Mar'16,CANARA BANK,1029404,6018747
713,Mar'16,CATHOLIC SYRIAN BANK LIMITED,3531,32003
714,Mar'16,CENTRAL BANK OF INDIA,89030,624838
715,Mar'16,CITI BANK,570335,7108315
716,Mar'16,CITY UNION BANK,83699,746427
717,Mar'16,CORPORATION BANK,13322,117808
718,Mar'16,DBS BANK LIMITED,3827,153867
719,Mar'16,DENA BANK,10047,80195
720,Mar'16,DEVELOPMENT CREDIT BANK LTD,31821,382097
721,Mar'16,DHANLAXMI BANK LIMITED,3069,17932
722,Mar'16,DOMBIVALI NAGRIK SAHAKARI LTD,2648,37790
723,Mar'16,FEDERAL BANK LTD.,419296,1986657
724,Mar'16,GREATER BOMBAY CO.OP BANK LIMITED,8145,67177
725,Mar'16,HDFC BANK LTD.,6353802,104308527
726,Mar'16,HSBC,9904,523237
727,Mar'16,ICICI BANK LTD,7820784,114234892
728,Mar'16,IDBI LTD.,42161,183489
729,Mar'16,INDIAN BANK,290846,1855503
730,Mar'16,INDIAN OVERSEAS BANK,180943,1654943
731,Mar'16,INDUSIND BANK LTD,307134,4653446
732,Mar'16,JAMMU AND KASHMIR BANK,0,0
733,Mar'16,JANTA SAHAKARI BANK PUNE,848,6748
734,Mar'16,JP MORGAN BANK,0,0
735,Mar'16,KARNATAKA BANK LTD,66022,402195
736,Mar'16,KARUR VYSYA BANK LTD,168455,1718086
737,Mar'16,KERALA GRAMIN BANK ,7804,61793
738,Mar'16,KOTAK MAHINDRA BANK LTD,2062474,28826258
739,Mar'16,LAXMI VILAS BANK LTD,37133,277338
740,Mar'16,MEHSANA URBAN CO-OP. BANK LIMITED,562,6453
741,Mar'16,NAINITAL BANK LIMITED,102,332
742,Mar'16,NKGSB CO-OPERATIVE BANK LIMITED,2853,22578
743,Mar'16,ORIENTAL BANK OF COMMERCE,13322,117808
744,Mar'16,PALLAVAN GRAMA BANK,1418,254
745,Mar'16,PRAGATHI KRISHNA GRAMIN BANK,9099,66287
746,Mar'16,PUNJAB AND MAHARASHTRA CO-OP BANK,18236,141236
747,Mar'16,PUNJAB AND SINDH BANK,28333,128256
748,Mar'16,PUNJAB NATIONAL BANK,240374,674848.816
749,Mar'16,RBL  BANK LIMITED,20186,170748
750,Mar'16,ROYAL BANK OF SCOTLAND N.V.,7344,184706
751,Mar'16,SARASWAT CO-OP. BANK LTD,58876,470666
752,Mar'16,SOUTH INDIAN BANK,250779,642169
753,Mar'16,STANDARD CHARTERED BANK ,0,0
754,Mar'16,STATE BANK OF BIKANER AND JAIPUR,62747,59414
755,Mar'16,STATE BANK OF HYDERABAD,185866,129982
756,Mar'16,STATE BANK OF INDIA,17172296,200073320
757,Mar'16,STATE BANK OF MYSORE,39854,71783
758,Mar'16,STATE BANK OF PATIALA,3215,13531
759,Mar'16,STATE BANK OF TRAVANCORE,95271,133489
760,Mar'16,SYNDICATE BANK,206600,794541
761,Mar'16,TAMILNAD MERCANTILE BANK LTD,22892,85582
762,Mar'16,THANE JANTA SAHAKARI BANK LTD,11616,122808
763,Mar'16,THE COSMOS CO-OP BANK LIMITED,5025,34856
764,Mar'16,UCO BANK,298018,1232806
765,Mar'16,UNION BANK OF INDIA,629203,3875831
766,Mar'16,UNITED BANK OF INDIA,121697,578532
767,Mar'16,VIJAYA BANK,351797,1541559
768,Mar'16,YES BANK LIMITED,909155,4053936
