1,Apr'14,A P MAHESH CO-OP URBAN BANK LTD,25,2482.00
2,Apr'14,ALLAHABAD BANK,5074,15285.12
3,Apr'14,ANDHRA BANK,22768,53036.35
4,Apr'14,AXIS BANK LTD,1670906,6000952.00
5,Apr'14,BANK OF BARODA,72705,309279.00
6,Apr'14,BANK OF INDIA,49,6.00
7,Apr'14,BANK OF MAHARASHTRA,610,1209.42
8,Apr'14,BASSEIN CATHOLIC CO-OP. BANK LTD,332,3265.41
9,Apr'14,CANARA BANK,120376,185254.00
10,Apr'14,CENTRAL BANK OF INDIA,1530,3326.00
11,Apr'14,CITI BANK,258287,1520604.00
12,Apr'14,CITY UNION BANK,2129,8946.00
13,Apr'14,CORPORATION BANK,17163,90823.00
14,Apr'14,DENA BANK,1683,12994.00
15,Apr'14,DEVELOPMENT CREDIT BANK LTD,2384,15729.66
16,Apr'14,DHANLAXMI BANK LIMITED,315,1568.54
17,Apr'14,DOMBIVALI NAGRIK SAHAKARI LTD,304,1382.19
18,Apr'14,FEDERAL BANK LTD.,44018,66086.71
19,Apr'14,FIRST RAND BANK,3,22.00
20,Apr'14,GREATER BOMBAY CO.OP BANK LIMITED,3106,14713.00
21,Apr'14,HDFC BANK LTD.,295470,6682554.68
22,Apr'14,HSBC,2881,135575.00
23,Apr'14,ICICI BANK LTD,1656941,7036200.00
24,Apr'14,IDBI LTD.,2033,9424.92
25,Apr'14,INDIAN BANK,3686,5843.46
26,Apr'14,INDIAN OVERSEAS BANK,368,1281.45
27,Apr'14,INDUSIND BANK LTD,4949,38807.23
28,Apr'14,ING VYSYA BANK LTD.,13183,162678.49
29,Apr'14,JAMMU AND KASHMIR BANK,138,1012.00
30,Apr'14,JANTA SAHAKARI BANK PUNE,95,598.88
31,Apr'14,KARNATAKA BANK LTD,18000,36729.51
32,Apr'14,KARUR VYSYA BANK LTD,15322,92841.99
33,Apr'14,KERALA GRAMIN BANK ,463,1446.45
34,Apr'14,KOTAK MAHINDRA BANK LTD,247514,3346814.83
35,Apr'14,LAXMI VILAS BANK LTD,351,1159.94
36,Apr'14,MEHSANA URBAN CO-OP. BANK LIMITED,299,3150.87
37,Apr'14,NKGSB CO-OPERATIVE BANK LIMITED,190,1125.51
38,Apr'14,NAINITAL BANK LIMITED,50,112.36
39,Apr'14,ORIENTAL BANK OF COMMERCE,5688,43336.90
40,Apr'14,PALLAVAN GRAMA BANK,2480,818.08
41,Apr'14,PRAGATHI GRAMIN BANK,332,1567.00
42,Apr'14,PUNJAB AND MAHARASHTRA CO-OP BANK,5510,37795.00
43,Apr'14,PUNJAB AND SINDH BANK,82,291.65
44,Apr'14,PUNJAB NATIONAL BANK,20812,169471.62
45,Apr'14,RATNAKAR BANK LIMITED,6,266.30
46,Apr'14,SARASWAT CO-OP. BANK LTD,1970,100.63
47,Apr'14,SOUTH INDIAN BANK,46967,47528.18
48,Apr'14,ST.BANK OF BIKANER AND JAIPUR,40198,21468.37
49,Apr'14,STANDARD CHARTERED BANK ,658,79.38
50,Apr'14,STATE BANK OF HYDERABAD,66171,25636.19
51,Apr'14,STATE BANK OF INDIA,4917285,4645674.00
52,Apr'14,STATE BANK OF MYSORE,29486,18485.00
53,Apr'14,STATE BANK OF PATIALA,14620,7506.00
54,Apr'14,STATE BANK OF TRAVANCORE,60424,27084.69
55,Apr'14,SYNDICATE BANK,2230,4991.00
56,Apr'14,TAMILNADU MERCANTILE BANK LTD,8779,15086.02
57,Apr'14,THANE JANTA SAHAKARI BANK LTD,966,3301.59
58,Apr'14,THE COSMOS CO-OP BANK LIMITED,593,4184.13
59,Apr'14,UCO BANK,9424,15161.17
60,Apr'14,UNION BANK OF INDIA,66317,258465.12
61,Apr'14,UNITED BANK OF INDIA,5604,15494.48
62,Apr'14,VIJAYA BANK,11556,43625.35
63,Apr'14,YES BANK LIMITED,367669,1689452.40
64,May'14,A P MAHESH CO-OP URBAN BANK LTD,252,4434.00
65,May'14,ALLAHABAD BANK,5438,15920.55
66,May'14,ANDHRA BANK,24564,61295.30
67,May'14,AXIS BANK LTD,1567606,6404061.00
68,May'14,BANK OF BARODA,80244,344771.00
69,May'14,BANK OF INDIA,38,4.00
70,May'14,BANK OF MAHARASHTRA,580,1450.13
71,May'14,BASSEIN CATHOLIC CO-OP. BANK LTD,297,3493.95
72,May'14,CANARA BANK,128223,195810.00
73,May'14,CENTRAL BANK OF INDIA,1330,2835.00
74,May'14,CITI BANK,313506,2013254.00
75,May'14,CITY UNION BANK,2102,9292.12
76,May'14,CORPORATION BANK,18017,117911.00
77,May'14,DENA BANK,2065,14369.00
78,May'14,DEVELOPMENT CREDIT BANK LTD,2557,17394.42
79,May'14,DHANLAXMI BANK LIMITED,334,1657.41
80,May'14,DOMBIVALI NAGRIK SAHAKARI LTD,245,1023.58
81,May'14,FEDERAL BANK LTD.,47940,81324.24
82,May'14,FIRST RAND BANK,6,15.70
83,May'14,GREATER BOMBAY CO.OP BANK LIMITED,2954,14657.00
84,May'14,HDFC BANK LTD.,358737,8060456.96
85,May'14,HSBC,3381,145572.00
86,May'14,ICICI BANK LTD,1885962,9105591.00
87,May'14,IDBI LTD.,1990,9623.95
88,May'14,INDIAN BANK,3223,5493.81
89,May'14,INDIAN OVERSEAS BANK,411,920.79
90,May'14,INDUSIND BANK LTD,7883,45685.75
91,May'14,ING VYSYA BANK LTD.,15992,202343.19
92,May'14,JAMMU AND KASHMIR BANK,134,619.00
93,May'14,JANTA SAHAKARI BANK PUNE,109,901.11
94,May'14,KARNATAKA BANK LTD,18994,41655.51
95,May'14,KARUR VYSYA BANK LTD,16404,104480.18
96,May'14,KERALA GRAMIN BANK ,567,1564.00
97,May'14,KOTAK MAHINDRA BANK LTD,281780,3718388.40
98,May'14,LAXMI VILAS BANK LTD,301,1012.08
99,May'14,MEHSANA URBAN CO-OP. BANK LIMITED,304,3632.81
100,May'14,NKGSB CO-OPERATIVE BANK LIMITED,222,1534.10
101,May'14,NAINITAL BANK LIMITED,59,163.37
102,May'14,ORIENTAL BANK OF COMMERCE,5838,45759.51
103,May'14,PALLAVAN GRAMA BANK,1955,564.23
104,May'14,PRAGATHI GRAMIN BANK,348,1789.90
105,May'14,PUNJAB AND MAHARASHTRA CO-OP BANK,5380,38561.00
106,May'14,PUNJAB AND SINDH BANK,110,318.06
107,May'14,PUNJAB NATIONAL BANK,23619,196895.91
108,May'14,RBL  BANK LIMITED,7,92.30
109,May'14,ROYAL BANK OF SCOTLAND N.V.,19,222.21
110,May'14,SARASWAT CO-OP. BANK LTD,2049,103.07
111,May'14,SOUTH INDIAN BANK,49991,59729.87
112,May'14,ST.BANK OF BIKANER AND JAIPUR,40648,22609.63
113,May'14,STANDARD CHARTERED BANK ,543,62.43
114,May'14,STATE BANK OF HYDERABAD,68799,24808.02
115,May'14,STATE BANK OF INDIA,5265159,5250388.00
116,May'14,STATE BANK OF MYSORE,30636,18390.00
117,May'14,STATE BANK OF PATIALA,14963,7917.14
118,May'14,STATE BANK OF TRAVANCORE,63330,29233.00
119,May'14,SYNDICATE BANK,2298,4761.00
120,May'14,TAMILNADU MERCANTILE BANK LTD,10004,18915.66
121,May'14,THANE JANTA SAHAKARI BANK LTD,1242,3321.01
122,May'14,THE COSMOS CO-OP BANK LIMITED,752,5480.46
123,May'14,UCO BANK,10630,15606.46
124,May'14,UNION BANK OF INDIA,89649,431162.68
125,May'14,UNITED BANK OF INDIA,5978,15747.89
126,May'14,VIJAYA BANK,12874,51184.02
127,May'14,YES BANK LIMITED,388902,1822388.82
128,Jun'14,A P MAHESH CO-OP URBAN BANK LTD,260,5301.00
129,Jun'14,ALLAHABAD BANK,5218,15890.37
130,Jun'14,ANDHRA BANK,24465,60105.14
131,Jun'14,AXIS BANK LTD,1360367,5861529.00
132,Jun'14,BANK OF BARODA,74245,344996.00
133,Jun'14,BANK OF INDIA,38,5.00
134,Jun'14,BANK OF MAHARASHTRA,676,1501.95
135,Jun'14,BASSEIN CATHOLIC CO-OP. BANK LTD,349,2916.85
136,Jun'14,CANARA BANK,82970,137853.00
137,Jun'14,CENTRAL BANK OF INDIA,1546,3210.00
138,Jun'14,CITI BANK,299788,1853356.00
139,Jun'14,CITY UNION BANK,3113,14321.87
140,Jun'14,CORPORATION BANK,26090,198639.00
141,Jun'14,DENA BANK,2158,16289.00
142,Jun'14,DEVELOPMENT CREDIT BANK LTD,2444,16351.48
143,Jun'14,DHANLAXMI BANK LIMITED,298,2004.93
144,Jun'14,DOMBIVALI NAGRIK SAHAKARI LTD,280,1076.53
145,Jun'14,FEDERAL BANK LTD.,47589,75802.30
146,Jun'14,FIRST RAND BANK,2,10.00
147,Jun'14,GREATER BOMBAY CO.OP BANK LIMITED,3143,14421.00
148,Jun'14,HDFC BANK LTD.,351883,7956286.83
149,Jun'14,HSBC,3141,139221.00
150,Jun'14,ICICI BANK LTD,1951469,10211972.00
151,Jun'14,IDBI LTD.,1740,10173.05
152,Jun'14,INDIAN BANK,2374,5069.56
153,Jun'14,INDIAN OVERSEAS BANK,358,1066.45
154,Jun'14,INDUSIND BANK LTD,7495,42039.23
155,Jun'14,ING VYSYA BANK LTD.,35101,251526.32
156,Jun'14,JAMMU AND KASHMIR BANK,195,919.00
157,Jun'14,JANTA SAHAKARI BANK PUNE,110,1071.87
158,Jun'14,KARNATAKA BANK LTD,20447,44772.48
159,Jun'14,KARUR VYSYA BANK LTD,17049,109173.85
160,Jun'14,KERALA GRAMIN BANK ,638,2181.42
161,Jun'14,KOTAK MAHINDRA BANK LTD,293259,3919048.13
162,Jun'14,LAXMI VILAS BANK LTD,302,1308.06
163,Jun'14,MEHSANA URBAN CO-OP. BANK LIMITED,274,3423.79
164,Jun'14,NKGSB CO-OPERATIVE BANK LIMITED,264,1597.30
165,Jun'14,NAINITAL BANK LIMITED,73,213.29
166,Jun'14,ORIENTAL BANK OF COMMERCE,5725,46918.69
167,Jun'14,PALLAVAN GRAMA BANK,1712,674.83
168,Jun'14,PRAGATHI KRISHNA GRAMIN BANK,338,1625.87
169,Jun'14,PUNJAB AND MAHARASHTRA CO-OP BANK,5567,32078.00
170,Jun'14,PUNJAB AND SINDH BANK,214,448.48
171,Jun'14,PUNJAB NATIONAL BANK,29231,245746.60
172,Jun'14,RBL  BANK LIMITED,15,330.55
173,Jun'14,ROYAL BANK OF SCOTLAND N.V.,206,6559.00
174,Jun'14,SARASWAT CO-OP. BANK LTD,2389,117.25
175,Jun'14,SOUTH INDIAN BANK,50142,64680.38
176,Jun'14,ST.BANK OF BIKANER AND JAIPUR,39663,19276.97
177,Jun'14,STANDARD CHARTERED BANK ,569,60.59
178,Jun'14,STATE BANK OF HYDERABAD,64327,23843.76
179,Jun'14,STATE BANK OF INDIA,5227782,5463479.00
180,Jun'14,STATE BANK OF MYSORE,30397,18351.86
181,Jun'14,STATE BANK OF PATIALA,14020,6941.84
182,Jun'14,STATE BANK OF TRAVANCORE,65575,28036.26
183,Jun'14,SYNDICATE BANK,2195,4932.00
184,Jun'14,TAMILNADU MERCANTILE BANK LTD,10478,23381.50
185,Jun'14,THANE JANTA SAHAKARI BANK LTD,1415,4560.73
186,Jun'14,THE COSMOS CO-OP BANK LIMITED,712,4847.95
187,Jun'14,UCO BANK,9888,16195.29
188,Jun'14,UNION BANK OF INDIA,95988,518045.52
189,Jun'14,UNITED BANK OF INDIA,6282,16646.74
190,Jun'14,VIJAYA BANK,12465,50521.50
191,Jun'14,YES BANK LIMITED,430209,1928280.33
192,Jul'14,A P MAHESH CO-OP URBAN BANK LTD,1607,8301.00
193,Jul'14,ALLAHABAD BANK,6024,20060.85
194,Jul'14,ANDHRA BANK,26878,72003.30
195,Jul'14,AXIS BANK LTD,1449571,6747117.00
196,Jul'14,BANK OF BARODA,80221,388063.00
197,Jul'14,BANK OF INDIA,28,4.00
198,Jul'14,BANK OF MAHARASHTRA,489,1268.11
199,Jul'14,BASSEIN CATHOLIC CO-OP. BANK LTD,504,4545.67
200,Jul'14,CANARA BANK,11974,22521.00
201,Jul'14,CENTRAL BANK OF INDIA,573,842.40
202,Jul'14,CITI BANK,327452,2303840.00
203,Jul'14,CITY UNION BANK,7109,22177.81
204,Jul'14,CORPORATION BANK,30998,223417.00
205,Jul'14,DENA BANK,2450,19355.00
206,Jul'14,DEVELOPMENT CREDIT BANK LTD,2511,18334.14
207,Jul'14,DHANLAXMI BANK LIMITED,328,1720.21
208,Jul'14,DOMBIVALI NAGRIK SAHAKARI LTD,306,1587.54
209,Jul'14,FEDERAL BANK LTD.,50930,87579.45
210,Jul'14,GREATER BOMBAY CO.OP BANK LIMITED,3085,12397.00
211,Jul'14,HDFC BANK LTD.,387206,8339610.85
212,Jul'14,HSBC,4218,147241.00
213,Jul'14,ICICI BANK LTD,2011926,10819315.00
214,Jul'14,IDBI LTD.,3084,14524.17
215,Jul'14,INDIAN BANK,2549,5575.72
216,Jul'14,INDIAN OVERSEAS BANK,296,1174.30
217,Jul'14,INDUSIND BANK LTD,8873,51898.66
218,Jul'14,ING VYSYA BANK LTD.,40474,263187.32
219,Jul'14,JAMMU AND KASHMIR BANK,140,1467.00
220,Jul'14,JANTA SAHAKARI BANK PUNE,185,1345.23
221,Jul'14,KARNATAKA BANK LTD,20954,49528.51
222,Jul'14,KARUR VYSYA BANK LTD,19620,127323.08
223,Jul'14,KERALA GRAMIN BANK ,628,1863.64
224,Jul'14,KOTAK MAHINDRA BANK LTD,332305,4390052.53
225,Jul'14,LAXMI VILAS BANK LTD,315,1842.54
226,Jul'14,MEHSANA URBAN CO-OP. BANK LIMITED,333,4468.55
227,Jul'14,NKGSB CO-OPERATIVE BANK LIMITED,336,2023.69
228,Jul'14,NAINITAL BANK LIMITED,80,223.27
229,Jul'14,ORIENTAL BANK OF COMMERCE,6355,51594.74
230,Jul'14,PALLAVAN GRAMA BANK,1648,593.83
231,Jul'14,PRAGATHI KRISHNA GRAMIN BANK,443,1825.54
232,Jul'14,PUNJAB AND MAHARASHTRA CO-OP BANK,5567,34110.00
233,Jul'14,PUNJAB AND SINDH BANK,402,957.29
234,Jul'14,PUNJAB NATIONAL BANK,23005,371179.53
235,Jul'14,RBL BANK LIMITED,18,164.81
236,Jul'14,ROYAL BANK OF SCOTLAND N.V.,904,19391.00
237,Jul'14,SARASWAT CO-OP. BANK LTD,3687,175.51
238,Jul'14,SOUTH INDIAN BANK,54667,79151.68
239,Jul'14,STATE BANK OF BIKANER AND JAIPUR,42429,21006.58
240,Jul'14,STANDARD CHARTERED BANK ,571,61.25
241,Jul'14,STATE BANK OF HYDERABAD,94578,40315.59
242,Jul'14,STATE BANK OF INDIA,5697602,6560847.00
243,Jul'14,STATE BANK OF MYSORE,32258,16116.51
244,Jul'14,STATE BANK OF PATIALA,14582,7295.99
245,Jul'14,STATE BANK OF TRAVANCORE,68600,31141.15
246,Jul'14,SYNDICATE BANK,3360,7821.00
247,Jul'14,TAMILNADU MERCANTILE BANK LTD,11312,26910.12
248,Jul'14,THANE JANTA SAHAKARI BANK LTD,1749,6368.63
249,Jul'14,THE COSMOS CO-OP BANK LIMITED,908,5988.70
250,Jul'14,UCO BANK,9890,19882.19
251,Jul'14,UNION BANK OF INDIA,100880,498755.74
252,Jul'14,UNITED BANK OF INDIA,7137,18863.85
253,Jul'14,VIJAYA BANK,14344,61990.22
254,Jul'14,YES BANK LIMITED,503903,2157477.29
255,Aug'14,A P MAHESH CO-OP URBAN BANK LTD,867,12001.00
256,Aug'14,ALLAHABAD BANK,6734,20544.62
257,Aug'14,ANDHRA BANK,24260,70463.25
258,Aug'14,AXIS BANK LTD,1625452,8084361.00
259,Aug'14,BANK OF BARODA,76925,394797.00
260,Aug'14,BANK OF INDIA,32,3.00
261,Aug'14,BANK OF MAHARASHTRA,355,679.16
262,Aug'14,BASSEIN CATHOLIC CO-OP. BANK LTD,567,4736.97
263,Aug'14,CANARA BANK,94217,289122.00
264,Aug'14,CENTRAL BANK OF INDIA,2136,4895.00
265,Aug'14,CITI BANK,365246,2822331.00
266,Aug'14,CITY UNION BANK,5862,30461.83
267,Aug'14,CORPORATION BANK,32122,235463.00
268,Aug'14,DBS BANK LIMITED,57,835.06
269,Aug'14,DENA BANK,2686,20855.00
270,Aug'14,DEVELOPMENT CREDIT BANK LTD,2071,20274.62
271,Aug'14,DHANLAXMI BANK LIMITED,331,1786.53
272,Aug'14,DOMBIVALI NAGRIK SAHAKARI LTD,347,2492.39
273,Aug'14,FEDERAL BANK LTD.,53582,95299.72
274,Aug'14,FIRST RAND BANK,2,5.00
275,Aug'14,GREATER BOMBAY CO.OP BANK LIMITED,3069,13028.00
276,Aug'14,HDFC BANK LTD.,425581,8265297.52
277,Aug'14,HSBC,5219,194458.00
278,Aug'14,ICICI BANK LTD,1970407,10794004.00
279,Aug'14,IDBI LTD.,1645,8566.14
280,Aug'14,INDIAN BANK,1904,1734.09
281,Aug'14,INDIAN OVERSEAS BANK,342,1283.59
282,Aug'14,INDUSIND BANK LTD,10488,66332.02
283,Aug'14,ING VYSYA BANK LTD.,41333,282046.33
284,Aug'14,JAMMU AND KASHMIR BANK,179,927.00
285,Aug'14,JANTA SAHAKARI BANK PUNE,182,1168.84
286,Aug'14,KARNATAKA BANK LTD,21415,49259.98
287,Aug'14,KARUR VYSYA BANK LTD,19457,131714.64
288,Aug'14,KERALA GRAMIN BANK ,628,1863.64
289,Aug'14,KOTAK MAHINDRA BANK LTD,367331,4647267.19
290,Aug'14,LAXMI VILAS BANK LTD,259,1262.29
291,Aug'14,MEHSANA URBAN CO-OP. BANK LIMITED,353,4888.38
292,Aug'14,NKGSB CO-OPERATIVE BANK LIMITED,256,1613.54
293,Aug'14,NAINITAL BANK LIMITED,64,195.69
294,Aug'14,ORIENTAL BANK OF COMMERCE,6476,47546.04
295,Aug'14,PALLAVAN GRAMA BANK,2096,640.95
296,Aug'14,PRAGATHI KRISHNA GRAMIN BANK,475,2250.10
297,Aug'14,PUNJAB AND MAHARASHTRA CO-OP BANK,5778,35646.00
298,Aug'14,PUNJAB AND SINDH BANK,482,1707.06
299,Aug'14,PUNJAB NATIONAL BANK,20904,170082.73
300,Aug'14,RBL BANK LIMITED,25,262.99
301,Aug'14,ROYAL BANK OF SCOTLAND N.V.,1510,30834.26
302,Aug'14,SARASWAT CO-OP. BANK LTD,4337,199.88
303,Aug'14,SOUTH INDIAN BANK,57252,92053.15
304,Aug'14,STATE BANK OF BIKANER AND JAIPUR,42419,22551.15
305,Aug'14,STANDARD CHARTERED BANK ,487,61.72
306,Aug'14,STATE BANK OF HYDERABAD,159890,60891.09
307,Aug'14,STATE BANK OF INDIA,5939298,6787926.00
308,Aug'14,STATE BANK OF MYSORE,32258,16116.51
309,Aug'14,STATE BANK OF PATIALA,14175,6595.56
310,Aug'14,STATE BANK OF TRAVANCORE,67748,29826.74
311,Aug'14,SYNDICATE BANK,6325,10632.00
312,Aug'14,TAMILNADU MERCANTILE BANK LTD,11138,30409.39
313,Aug'14,THANE JANTA SAHAKARI BANK LTD,1800,7274.65
314,Aug'14,THE COSMOS CO-OP BANK LIMITED,1005,6826.42
315,Aug'14,UCO BANK,14122,21362.09
316,Aug'14,UNION BANK OF INDIA,94378,504904.01
317,Aug'14,UNITED BANK OF INDIA,6350,19780.12
318,Aug'14,VIJAYA BANK,15598,88646.52
319,Aug'14,YES BANK LIMITED,543583,2240001.49
320,Sep'14,A P MAHESH CO-OP URBAN BANK LTD,2737,19300.00
321,Sep'14,ALLAHABAD BANK,8537,22441.61
322,Sep'14,ANDHRA BANK,28094,82367.54
323,Sep'14,AXIS BANK LTD,1667925,9017668.00
324,Sep'14,BANK OF BARODA,86535,436178.00
325,Sep'14,BANK OF INDIA,33,5.00
326,Sep'14,BANK OF MAHARASHTRA,100,466.00
327,Sep'14,BASSEIN CATHOLIC CO-OP. BANK LTD,615,7115.13
328,Sep'14,CANARA BANK,91553,543472.00
329,Sep'14,CENTRAL BANK OF INDIA,3056,6427.00
330,Sep'14,CITI BANK,345260,2799837.00
331,Sep'14,CITY UNION BANK,6897,35026.04
332,Sep'14,CORPORATION BANK,20231,153114.00
333,Sep'14,DBS BANK LIMITED,164,2764.99
334,Sep'14,DENA BANK,3030,25270.00
335,Sep'14,DEVELOPMENT CREDIT BANK LTD,2184,23992.23
336,Sep'14,DHANLAXMI BANK LIMITED,380,2021.45
337,Sep'14,DOMBIVALI NAGRIK SAHAKARI LTD,343,2593.28
338,Sep'14,FEDERAL BANK LTD.,54622,99351.28
339,Sep'14,FIRST RAND BANK,0,0.00
340,Sep'14,GREATER BOMBAY CO.OP BANK LIMITED,3155,15264.00
341,Sep'14,HDFC BANK LTD.,1041164,34097900.68
342,Sep'14,HSBC,5385,224142.00
343,Sep'14,ICICI BANK LTD,2087609,11874737.00
344,Sep'14,IDBI LTD.,2336,10388.87
345,Sep'14,INDIAN BANK,2629,5009.04
346,Sep'14,INDIAN OVERSEAS BANK,272,1615.01
347,Sep'14,INDUSIND BANK LTD,14177,90166.45
348,Sep'14,ING VYSYA BANK LTD.,46443,307611.93
349,Sep'14,JAMMU AND KASHMIR BANK,118,894.00
350,Sep'14,JANTA SAHAKARI BANK PUNE,266,1951.50
351,Sep'14,KARNATAKA BANK LTD,21460,57198.79
352,Sep'14,KARUR VYSYA BANK LTD,22703,151730.33
353,Sep'14,KERALA GRAMIN BANK ,954,5354.04
354,Sep'14,KOTAK MAHINDRA BANK LTD,387624,5825580.35
355,Sep'14,LAXMI VILAS BANK LTD,298,1440.00
356,Sep'14,MEHSANA URBAN CO-OP. BANK LIMITED,423,5687.31
357,Sep'14,NKGSB CO-OPERATIVE BANK LIMITED,418,2182.07
358,Sep'14,NAINITAL BANK LIMITED,93,267.66
359,Sep'14,ORIENTAL BANK OF COMMERCE,7143,53851.56
360,Sep'14,PALLAVAN GRAMA BANK,2071,1770.65
361,Sep'14,PRAGATHI KRISHNA GRAMIN BANK,591,3345.39
362,Sep'14,PUNJAB AND MAHARASHTRA CO-OP BANK,6318,40548.00
363,Sep'14,PUNJAB AND SINDH BANK,507,1507.22
364,Sep'14,PUNJAB NATIONAL BANK,25215,200270.10
365,Sep'14,RBL BANK LIMITED,21,1027.76
366,Sep'14,ROYAL BANK OF SCOTLAND N.V.,1638,35519.00
367,Sep'14,SARASWAT CO-OP. BANK LTD,5319,304.60
368,Sep'14,SOUTH INDIAN BANK,65189,104996.55
369,Sep'14,STATE BANK OF BIKANER AND JAIPUR,41492,23351.46
370,Sep'14,STANDARD CHARTERED BANK ,395,48.89
371,Sep'14,STATE BANK OF HYDERABAD,177336,77887.59
372,Sep'14,STATE BANK OF INDIA,6007930,7811242.00
373,Sep'14,STATE BANK OF MYSORE,35443,20015.00
374,Sep'14,STATE BANK OF PATIALA,13222,6708.00
375,Sep'14,STATE BANK OF TRAVANCORE,72244,54377.45
376,Sep'14,SYNDICATE BANK,6684,12482.00
377,Sep'14,TAMILNADU MERCANTILE BANK LTD,12714,38055.95
378,Sep'14,THANE JANTA SAHAKARI BANK LTD,1948,9658.77
379,Sep'14,THE COSMOS CO-OP BANK LIMITED,1083,7740.25
380,Sep'14,UCO BANK,16329,22816.55
381,Sep'14,UNION BANK OF INDIA,112903,595481.98
382,Sep'14,UNITED BANK OF INDIA,7774,22476.51
383,Sep'14,VIJAYA BANK,12755,68167.85
384,Sep'14,YES BANK LIMITED,515304,2129933.60
385,Oct'14,A P MAHESH CO-OP URBAN BANK LTD,647,18741.00
386,Oct'14,ALLAHABAD BANK,8327,22705.23
387,Oct'14,ANDHRA BANK,29577,85328.05
388,Oct'14,AXIS BANK LTD,1800697,10363468.00
389,Oct'14,BANK OF BARODA,91908,454313.00
390,Oct'14,BANK OF INDIA,9,2.00
391,Oct'14,BANK OF MAHARASHTRA,107,476.00
392,Oct'14,BASSEIN CATHOLIC CO-OP. BANK LTD,601,5534.29
393,Oct'14,CANARA BANK,123410,711109.00
394,Oct'14,CENTRAL BANK OF INDIA,2915,6358.00
395,Oct'14,CITI BANK,378259,3091311.00
396,Oct'14,CITY UNION BANK,7095,40282.94
397,Oct'14,CORPORATION BANK,24058,192974.00
398,Oct'14,DBS BANK LIMITED,206,3463.76
399,Oct'14,DENA BANK,2928,23631.00
400,Oct'14,DEVELOPMENT CREDIT BANK LTD,1952,21997.26
401,Oct'14,DHANLAXMI BANK LIMITED,322,1569.77
402,Oct'14,DOMBIVALI NAGRIK SAHAKARI LTD,362,2339.40
403,Oct'14,FEDERAL BANK LTD.,57122,106708.02
404,Oct'14,FIRST RAND BANK,0,0.00
405,Oct'14,GREATER BOMBAY CO.OP BANK LIMITED,3278,15594.00
406,Oct'14,HDFC BANK LTD.,1103128,35401753.37
407,Oct'14,HSBC,5608,180843.00
408,Oct'14,ICICI BANK LTD,2876141,14165280.62
409,Oct'14,IDBI LTD.,4364,23021.99
410,Oct'14,INDIAN BANK,2149,4734.22
411,Oct'14,INDIAN OVERSEAS BANK,216,1381.98
412,Oct'14,INDUSIND BANK LTD,17382,105317.69
413,Oct'14,ING VYSYA BANK LTD.,50352,297585.36
414,Oct'14,JAMMU AND KASHMIR BANK,150,856.00
415,Oct'14,JANTA SAHAKARI BANK PUNE,287,2353.72
416,Oct'14,KARNATAKA BANK LTD,20682,54226.08
417,Oct'14,KARUR VYSYA BANK LTD,23589,155734.40
418,Oct'14,KERALA GRAMIN BANK ,995,6502.00
419,Oct'14,KOTAK MAHINDRA BANK LTD,442247,6117320.87
420,Oct'14,LAXMI VILAS BANK LTD,263,1297.12
421,Oct'14,MEHSANA URBAN CO-OP. BANK LIMITED,479,6401.71
422,Oct'14,NAINITAL BANK LIMITED,111,355.21
423,Oct'14,NKGSB CO-OPERATIVE BANK LIMITED,414,2733.10
424,Oct'14,ORIENTAL BANK OF COMMERCE,7079,53950.23
425,Oct'14,PALLAVAN GRAMA BANK,1993,991.94
426,Oct'14,PRAGATHI KRISHNA GRAMIN BANK,486,3191.00
427,Oct'14,PUNJAB AND MAHARASHTRA CO-OP BANK,6141,43167.00
428,Oct'14,PUNJAB AND SINDH BANK,454,1771.21
429,Oct'14,PUNJAB NATIONAL BANK,27061,231143.80
430,Oct'14,RBL BANK LIMITED,19,1845.78
431,Oct'14,ROYAL BANK OF SCOTLAND N.V.,2021,38337.00
432,Oct'14,SARASWAT CO-OP. BANK LTD,8940,686.00
433,Oct'14,SOUTH INDIAN BANK,67158,105465.33
434,Oct'14,STANDARD CHARTERED BANK ,338,44.14
435,Oct'14,STATE BANK OF BIKANER AND JAIPUR,44757,22927.47
436,Oct'14,STATE BANK OF HYDERABAD,189955,65949.93
437,Oct'14,STATE BANK OF INDIA,6518779,8777011.00
438,Oct'14,STATE BANK OF MYSORE,41626,21032.00
439,Oct'14,STATE BANK OF PATIALA,14211,7317.00
440,Oct'14,STATE BANK OF TRAVANCORE,79748,59746.36
441,Oct'14,SYNDICATE BANK,13345,19054.00
442,Oct'14,TAMILNADU MERCANTILE BANK LTD,12998,38877.79
443,Oct'14,THANE JANTA SAHAKARI BANK LTD,2208,7243.16
444,Oct'14,THE COSMOS CO-OP BANK LIMITED,1070,7699.89
445,Oct'14,UCO BANK,18194,29057.14
446,Oct'14,UNION BANK OF INDIA,127964,624026.66
447,Oct'14,UNITED BANK OF INDIA,7829,21248.34
448,Oct'14,VIJAYA BANK,13428,71314.10
449,Oct'14,YES BANK LIMITED,490313,2084090.80
450,Nov'14,A P MAHESH CO-OP URBAN BANK LTD,670,14210
451,Nov'14,ALLAHABAD BANK,11570,35286
452,Nov'14,ANDHRA BANK,30814,91282
453,Nov'14,AXIS BANK LTD,1790700,11309631
454,Nov'14,BANK OF BARODA,91900,458372
455,Nov'14,BANK OF INDIA,6,2
456,Nov'14,BANK OF MAHARASHTRA,116,330
457,Nov'14,BARCLAYS,0,0
458,Nov'14,BASSEIN CATHOLIC CO-OP. BANK LTD,694,7004
459,Nov'14,BNP PARIBAS,0,0
460,Nov'14,CANARA BANK,137381,8213145
461,Nov'14,CATHOLIC SYRIAN BANK LIMITED,0,0
462,Nov'14,CENTRAL BANK OF INDIA,3923,7837
463,Nov'14,CITI BANK,378026,3169386
464,Nov'14,CITY UNION BANK,8267,47993
465,Nov'14,CORPORATION BANK,23897,196532
466,Nov'14,DBS BANK LIMITED,259,9993
467,Nov'14,DENA BANK,3102,23971
468,Nov'14,DEVELOPMENT CREDIT BANK LTD,2274,26315.519
469,Nov'14,DHANLAXMI BANK LIMITED,340,1908
470,Nov'14,DOMBIVALI NAGRIK SAHAKARI LTD,425,2906
471,Nov'14,FEDERAL BANK LTD.,58078,117745
472,Nov'14,FIRST RAND BANK,0,0
473,Nov'14,GREATER BOMBAY CO.OP BANK LIMITED,3433,15638
474,Nov'14,HDFC BANK LTD.,1115060,35383253
475,Nov'14,HSBC,5534,"1,84,563"
476,Nov'14,ICICI BANK LTD,3076653,14789531
477,Nov'14,IDBI LTD.,4560,25229
478,Nov'14,INDIAN BANK,1246,2534
479,Nov'14,INDIAN OVERSEAS BANK,176,1060
480,Nov'14,INDUSIND BANK LTD,18793,118246
481,Nov'14,ING VYSYA BANK LTD.,53501,327778
482,Nov'14,J P MORGAN CHASE BANK N.A,0,0
483,Nov'14,JAMMU AND KASHMIR BANK,218,1080
484,Nov'14,JANTA SAHAKARI BANK PUNE,334,2687
485,Nov'14,KARNATAKA BANK LTD,18530,58152
486,Nov'14,KARUR VYSYA BANK LTD,26785,181732
487,Nov'14,KERALA GRAMIN BANK ,1160,8395
488,Nov'14,KOTAK MAHINDRA BANK LTD,457019,6520506
489,Nov'14,LAXMI VILAS BANK LTD,270,1402
490,Nov'14,MEHSANA URBAN CO-OP. BANK LIMITED,403,4777
491,Nov'14,NKGSB CO-OPERATIVE BANK LIMITED,369,3089
492,Nov'14,NAINITAL BANK LIMITED,98,291
493,Nov'14,ORIENTAL BANK OF COMMERCE,6859,52489
494,Nov'14,PALLAVAN GRAMA BANK,1496,554
495,Nov'14,PRAGATHI KRISHNA GRAMIN BANK,609,4814
496,Nov'14,PUNJAB AND MAHARASHTRA CO-OP BANK,5130,36094
497,Nov'14,PUNJAB AND SINDH BANK,504,1958
498,Nov'14,PUNJAB NATIONAL BANK,100503,6570993
499,Nov'14,RBL  BANK LIMITED,739,8537
500,Nov'14,ROYAL BANK OF SCOTLAND N.V.,2590,"51,911"
501,Nov'14,SARASWAT CO-OP. BANK LTD,6787,388
502,Nov'14,SOUTH INDIAN BANK,66366,111220
503,Nov'14,ST.BANK OF BIKANER AND JAIPUR,40318,20246
504,Nov'14,STANDARD CHARTERED BANK ,278,38
505,Nov'14,STATE BANK OF HYDERABAD,191238,67910
506,Nov'14,STATE BANK OF INDIA,6688245,11066676
507,Nov'14,STATE BANK OF MYSORE,43341,22592
508,Nov'14,STATE BANK OF PATIALA,13148,6107
509,Nov'14,STATE BANK OF TRAVANCORE,81508,63639
510,Nov'14,SYNDICATE BANK,61465,36770
511,Nov'14,TAMILNADU MERCANTILE BANK LTD,13399,39555
512,Nov'14,THANE JANTA SAHAKARI BANK LTD,2425,10869
513,Nov'14,THE COSMOS CO-OP BANK LIMITED,1246,7825
514,Nov'14,UCO BANK,16217,29975
515,Nov'14,UNION BANK OF INDIA,133643,700544
516,Nov'14,UNITED BANK OF INDIA,7358,22714
517,Nov'14,VIJAYA BANK,13986,76629
518,Nov'14,YES BANK LIMITED,450060,1950382
519,Dec'14,A P MAHESH CO-OP URBAN BANK LTD,909,17323
520,Dec'14,ALLAHABAD BANK,13404,32642
521,Dec'14,ANDHRA BANK,32423,105448
522,Dec'14,AXIS BANK LTD,1952110,13101752
523,Dec'14,BANK OF BARODA,101641,528912
524,Dec'14,BANK OF INDIA,6,2
525,Dec'14,BANK OF MAHARASHTRA,77,338
526,Dec'14,BARCLAYS,0,0
527,Dec'14,BASSEIN CATHOLIC CO-OP. BANK LTD,715,7816
528,Dec'14,BNP PARIBAS,0,0
529,Dec'14,CANARA BANK,165585,8833791
530,Dec'14,CATHOLIC SYRIAN BANK LIMITED,0,0
531,Dec'14,CENTRAL BANK OF INDIA,3940,8352
532,Dec'14,CITI BANK,396146,3488261
533,Dec'14,CITY UNION BANK,9846,58347
534,Dec'14,CORPORATION BANK,27238,223686
535,Dec'14,DBS BANK LIMITED,423,20055
536,Dec'14,DENA BANK,3524,28717
537,Dec'14,DEVELOPMENT CREDIT BANK LTD,2670,29909
538,Dec'14,DHANLAXMI BANK LIMITED,380,1925
539,Dec'14,DOMBIVALI NAGRIK SAHAKARI LTD,490,3768
540,Dec'14,FEDERAL BANK LTD.,61826,131922
541,Dec'14,FIRST RAND BANK,0,0
542,Dec'14,GREATER BOMBAY CO.OP BANK LIMITED,3773,17961
543,Dec'14,HDFC BANK LTD.,1252189,40967884
544,Dec'14,HSBC,6102,222428
545,Dec'14,ICICI BANK LTD,3402685,19824078
546,Dec'14,IDBI LTD.,4936,27169
547,Dec'14,INDIAN BANK,1898,4965
548,Dec'14,INDIAN OVERSEAS BANK,111,874
549,Dec'14,INDUSIND BANK LTD,23113,142856
550,Dec'14,ING VYSYA BANK LTD.,59503,379735
551,Dec'14,J P MORGAN CHASE BANK N.A,0,0
552,Dec'14,JAMMU AND KASHMIR BANK,210,925
553,Dec'14,JANTA SAHAKARI BANK PUNE,384,2176
554,Dec'14,KARNATAKA BANK LTD,21642,67607
555,Dec'14,KARUR VYSYA BANK LTD,31670,225758
556,Dec'14,KERALA GRAMIN BANK ,1747,12015
557,Dec'14,KOTAK MAHINDRA BANK LTD,515008,7574650
558,Dec'14,LAXMI VILAS BANK LTD,270,2054
559,Dec'14,MEHSANA URBAN CO-OP. BANK LIMITED,478,6212
560,Dec'14,NKGSB CO-OPERATIVE BANK LIMITED,836,4886
561,Dec'14,NAINITAL BANK LIMITED,118,332
562,Dec'14,ORIENTAL BANK OF COMMERCE,7167,54703
563,Dec'14,PALLAVAN GRAMA BANK,1468,422
564,Dec'14,PRAGATHI KRISHNA GRAMIN BANK,804,5784
565,Dec'14,PUNJAB AND MAHARASHTRA CO-OP BANK,5627,39529
566,Dec'14,PUNJAB AND SINDH BANK,4439,16830
567,Dec'14,PUNJAB NATIONAL BANK,32049,270980
568,Dec'14,RBL  BANK LIMITED,2290,18949
569,Dec'14,ROYAL BANK OF SCOTLAND N.V.,3116,60648
570,Dec'14,SARASWAT CO-OP. BANK LTD,8403,464
571,Dec'14,SOUTH INDIAN BANK,76823,138151
572,Dec'14,ST.BANK OF BIKANER AND JAIPUR,42317,24118
573,Dec'14,STANDARD CHARTERED BANK ,188,26
574,Dec'14,STATE BANK OF HYDERABAD,195577,77228
575,Dec'14,STATE BANK OF INDIA,7429003,12957403
576,Dec'14,STATE BANK OF MYSORE,46059,27210
577,Dec'14,STATE BANK OF PATIALA,13447,7110
578,Dec'14,STATE BANK OF TRAVANCORE,88250,69537
579,Dec'14,SYNDICATE BANK,35224,72782
580,Dec'14,TAMILNADU MERCANTILE BANK LTD,15667,48436
581,Dec'14,THANE JANTA SAHAKARI BANK LTD,2939,137155
582,Dec'14,THE COSMOS CO-OP BANK LIMITED,1629,11251
583,Dec'14,UCO BANK,17024,39133
584,Dec'14,UNION BANK OF INDIA,131528,772064
585,Dec'14,UNITED BANK OF INDIA,7692,23949
586,Dec'14,VIJAYA BANK,17495,86127
587,Dec'14,YES BANK LIMITED,497254,2165396
588,Jan'15,A P MAHESH CO-OP URBAN BANK LTD,886,21359
589,Jan'15,ALLAHABAD BANK,15509,38261
590,Jan'15,ANDHRA BANK,24706,114926
591,Jan'15,AXIS BANK LTD,2034428,14406144
592,Jan'15,BANK OF BARODA,102677,561327
593,Jan'15,BANK OF INDIA,6,2
594,Jan'15,BANK OF MAHARASHTRA,75,361
595,Jan'15,BARCLAYS,0,0
596,Jan'15,BASSEIN CATHOLIC CO-OP. BANK LTD,701,8614
597,Jan'15,BNP PARIBAS,0,0
598,Jan'15,CANARA BANK,239143,8834701
599,Jan'15,CATHOLIC SYRIAN BANK LIMITED,0,0
600,Jan'15,CENTRAL BANK OF INDIA,5725,16443
601,Jan'15,CITI BANK,421546,3819394
602,Jan'15,CITY UNION BANK,11695,66293
603,Jan'15,CORPORATION BANK,28377,238888
604,Jan'15,DBS BANK LIMITED,652,21602
605,Jan'15,DENA BANK,3852,28480
606,Jan'15,DEVELOPMENT CREDIT BANK LTD,6720,89020
607,Jan'15,DHANLAXMI BANK LIMITED,710,2903
608,Jan'15,DOMBIVALI NAGRIK SAHAKARI LTD,670,4833
609,Jan'15,FEDERAL BANK LTD.,61654,132478
610,Jan'15,FIRST RAND BANK,0,0
611,Jan'15,GREATER BOMBAY CO.OP BANK LIMITED,5055,22483
612,Jan'15,HDFC BANK LTD.,1491924,49068678
613,Jan'15,HSBC,5523,227527
614,Jan'15,ICICI BANK LTD,3610783,22249750
615,Jan'15,IDBI LTD.,5365,29663
616,Jan'15,INDIAN BANK,1805,4323.65
617,Jan'15,INDIAN OVERSEAS BANK,150,923
618,Jan'15,INDUSIND BANK LTD,24417,158481
619,Jan'15,ING VYSYA BANK LTD.,67699,398851
620,Jan'15,J P MORGAN CHASE BANK N.A,0,0
621,Jan'15,JAMMU AND KASHMIR BANK,200,1175
622,Jan'15,JANTA SAHAKARI BANK PUNE,425,3522
623,Jan'15,KARNATAKA BANK LTD,23477,72785
624,Jan'15,KARUR VYSYA BANK LTD,31630,232161
625,Jan'15,KERALA GRAMIN BANK ,2144,16600
626,Jan'15,KOTAK MAHINDRA BANK LTD,543262,8151847
627,Jan'15,LAXMI VILAS BANK LTD,294,1612
628,Jan'15,MEHSANA URBAN CO-OP. BANK LIMITED,480,6422
629,Jan'15,NKGSB CO-OPERATIVE BANK LIMITED,641,5271
630,Jan'15,NAINITAL BANK LIMITED,107,295
631,Jan'15,ORIENTAL BANK OF COMMERCE,7277,54554
632,Jan'15,PALLAVAN GRAMA BANK,1608,416
633,Jan'15,PRAGATHI KRISHNA GRAMIN BANK,899,6752
634,Jan'15,PUNJAB AND MAHARASHTRA CO-OP BANK,6476,45684
635,Jan'15,PUNJAB AND SINDH BANK,19018,16829.9
636,Jan'15,PUNJAB NATIONAL BANK,34159,287067
637,Jan'15,RBL  BANK LIMITED,3079,23307
638,Jan'15,ROYAL BANK OF SCOTLAND N.V.,3382,69632
639,Jan'15,SARASWAT CO-OP. BANK LTD,9027,518
640,Jan'15,SOUTH INDIAN BANK,76518,134570
641,Jan'15,ST.BANK OF BIKANER AND JAIPUR,44965,23787
642,Jan'15,STANDARD CHARTERED BANK ,74,8
643,Jan'15,STATE BANK OF HYDERABAD,191491,73888
644,Jan'15,STATE BANK OF INDIA,8007069,15864085
645,Jan'15,STATE BANK OF MYSORE,47124,26973
646,Jan'15,STATE BANK OF PATIALA,14566,7773
647,Jan'15,STATE BANK OF TRAVANCORE,87299,68940
648,Jan'15,SYNDICATE BANK,46838,101511
649,Jan'15,TAMILNADU MERCANTILE BANK LTD,16220,47795
650,Jan'15,THANE JANTA SAHAKARI BANK LTD,3025,15269
651,Jan'15,THE COSMOS CO-OP BANK LIMITED,1724,11881
652,Jan'15,UCO BANK,16746,50532
653,Jan'15,UNION BANK OF INDIA,128899,813025
654,Jan'15,UNITED BANK OF INDIA,"6,661","25,031"
655,Jan'15,VIJAYA BANK,18394,91899
656,Jan'15,YES BANK LIMITED,504271,2254044
657,Feb'15,A P MAHESH CO-OP URBAN BANK LTD,271,7300
658,Feb'15,ALLAHABAD BANK,17087,43212
659,Feb'15,ANDHRA BANK,27888,126344
660,Feb'15,AXIS BANK LTD,2105755,15068388
661,Feb'15,BANK OF BARODA,125907,575771
662,Feb'15,BANK OF INDIA,449793,2063878
663,Feb'15,BANK OF MAHARASHTRA,47,252
664,Feb'15,BASSEIN CATHOLIC CO-OP. BANK LTD,730,8062
665,Feb'15,CANARA BANK,223158,13637929
666,Feb'15,CATHOLIC SYRIAN BANK LIMITED,1376,4288
667,Feb'15,CENTRAL BANK OF INDIA,5897,34874
668,Feb'15,CITI BANK,390264,3548019
669,Feb'15,CITY UNION BANK,13854,81793
670,Feb'15,CORPORATION BANK,24342,200561
671,Feb'15,DBS BANK LIMITED,460,28907
672,Feb'15,DENA BANK,3535,26566
673,Feb'15,DEVELOPMENT CREDIT BANK LTD,7095,89151
674,Feb'15,DHANLAXMI BANK LIMITED,811,3739
675,Feb'15,DOMBIVALI NAGRIK SAHAKARI LTD,847,9771
676,Feb'15,FEDERAL BANK LTD.,58497,136026
677,Feb'15,GREATER BOMBAY CO.OP BANK LIMITED,4749,25588
678,Feb'15,HDFC BANK LTD.,1547909,49339786
679,Feb'15,HSBC,5994,230339
680,Feb'15,ICICI BANK LTD,3401248,21722642
681,Feb'15,IDBI LTD.,4922,27081
682,Feb'15,INDIAN BANK,1428,3929
683,Feb'15,INDIAN OVERSEAS BANK,258,417
684,Feb'15,INDUSIND BANK LTD,25806,175303
685,Feb'15,ING VYSYA BANK LTD.,71477,397754
686,Feb'15,JAMMU AND KASHMIR BANK,202,1144
687,Feb'15,JANTA SAHAKARI BANK PUNE,353,2641
688,Feb'15,KARNATAKA BANK LTD,23261,70217
689,Feb'15,KARUR VYSYA BANK LTD,33077,242296
690,Feb'15,KERALA GRAMIN BANK ,2349,20119
691,Feb'15,KOTAK MAHINDRA BANK LTD,558650,7880379
692,Feb'15,LAXMI VILAS BANK LTD,280,1721
693,Feb'15,MEHSANA URBAN CO-OP. BANK LIMITED,445,6268
694,Feb'15,NKGSB CO-OPERATIVE BANK LIMITED,810,6746
695,Feb'15,NAINITAL BANK LIMITED,77,222
696,Feb'15,ORIENTAL BANK OF COMMERCE,6262,50841
697,Feb'15,PALLAVAN GRAMA BANK,1397,854
698,Feb'15,PRAGATHI KRISHNA GRAMIN BANK,870,6794
699,Feb'15,PUNJAB AND MAHARASHTRA CO-OP BANK,6592,49354
700,Feb'15,PUNJAB AND SINDH BANK,5469,20706.1
701,Feb'15,PUNJAB NATIONAL BANK,29439,262206
702,Feb'15,RBL  BANK LIMITED,4307,27499
703,Feb'15,ROYAL BANK OF SCOTLAND N.V.,2601,53261
704,Feb'15,SARASWAT CO-OP. BANK LTD,10948,645
705,Feb'15,SOUTH INDIAN BANK,75346,145762
706,Feb'15,ST.BANK OF BIKANER AND JAIPUR,38805,16198
707,Feb'15,STANDARD CHARTERED BANK ,144,19
708,Feb'15,STATE BANK OF HYDERABAD,191644,101452
709,Feb'15,STATE BANK OF INDIA,7383483,14825539
710,Feb'15,STATE BANK OF MYSORE,45165,26973
711,Feb'15,STATE BANK OF PATIALA,12928,7258
712,Feb'15,STATE BANK OF TRAVANCORE,79508,68926
713,Feb'15,SYNDICATE BANK,53801,114664
714,Feb'15,TAMILNADU MERCANTILE BANK LTD,15428,45812
715,Feb'15,THANE JANTA SAHAKARI BANK LTD,3055,16607
716,Feb'15,THE COSMOS CO-OP BANK LIMITED,1649,10892
717,Feb'15,UCO BANK,22906,51495
718,Feb'15,UNION BANK OF INDIA,162288,6488606
719,Feb'15,UNITED BANK OF INDIA,7691,24437
720,Feb'15,VIJAYA BANK,23627,93234
721,Feb'15,YES BANK LIMITED,583843,2304206
722,Mar'15,A P MAHESH CO-OP URBAN BANK LTD,346,7484
723,Mar'15,ALLAHABAD BANK,22363,52114
724,Mar'15,ANDHRA BANK,35433,170253
725,Mar'15,AXIS BANK LTD,2646483,19704718
726,Mar'15,BANK OF BARODA,164810,701293
727,Mar'15,BANK OF INDIA,14444,102204
728,Mar'15,BANK OF MAHARASHTRA,59,271
729,Mar'15,BASSEIN CATHOLIC CO-OP. BANK LTD,830,9028
730,Mar'15,CANARA BANK,268888,17152541
731,Mar'15,CATHOLIC SYRIAN BANK LIMITED,2128,7494
732,Mar'15,CENTRAL BANK OF INDIA,7221,51244
733,Mar'15,CITI BANK,435904,4169798
734,Mar'15,CITY UNION BANK,14767,90913
735,Mar'15,CORPORATION BANK,34944,300623
736,Mar'15,DBS BANK LIMITED,453,22964
737,Mar'15,DENA BANK,4351,31491
738,Mar'15,DEVELOPMENT CREDIT BANK LTD,8682,122419
739,Mar'15,DHANLAXMI BANK LIMITED,1317,4725
740,Mar'15,DOMBIVALI NAGRIK SAHAKARI LTD,1549,12364
741,Mar'15,FEDERAL BANK LTD.,71094,159671
742,Mar'15,FIRST RAND BANK,0,0
743,Mar'15,GREATER BOMBAY CO.OP BANK LIMITED,5686,29987
744,Mar'15,HDFC BANK LTD.,1720761,60305775
745,Mar'15,HSBC,6628,324624
746,Mar'15,ICICI BANK LTD,3775221,25153160
747,Mar'15,IDBI LTD.,6655,33711
748,Mar'15,INDIAN BANK,2252,4700
749,Mar'15,INDIAN OVERSEAS BANK,935,1756
750,Mar'15,INDUSIND BANK LTD,29035,204057
751,Mar'15,ING VYSYA BANK LTD.,87183,501837
752,Mar'15,JAMMU AND KASHMIR BANK,129,936
753,Mar'15,JANTA SAHAKARI BANK PUNE,422,3596
754,Mar'15,KARNATAKA BANK LTD,27537,88411
755,Mar'15,KARUR VYSYA BANK LTD,40149,298961.89
756,Mar'15,KERALA GRAMIN BANK ,2500,19205
757,Mar'15,KOTAK MAHINDRA BANK LTD,661236,10575393
758,Mar'15,LAXMI VILAS BANK LTD,294,1523
759,Mar'15,MEHSANA URBAN CO-OP. BANK LIMITED,466,5948
760,Mar'15,NKGSB CO-OPERATIVE BANK LIMITED,1137,8786
761,Mar'15,NAINITAL BANK LIMITED,104,322
762,Mar'15,ORIENTAL BANK OF COMMERCE,7082,55772
763,Mar'15,PALLAVAN GRAMA BANK,1498,272
764,Mar'15,PRAGATHI KRISHNA GRAMIN BANK,1042,7850
765,Mar'15,PUNJAB AND MAHARASHTRA CO-OP BANK,7394,58576
766,Mar'15,PUNJAB AND SINDH BANK,15283,28708
767,Mar'15,PUNJAB NATIONAL BANK,31942,297889
768,Mar'15,RBL  BANK LIMITED,15967,34347
769,Mar'15,ROYAL BANK OF SCOTLAND N.V.,3421,93080
770,Mar'15,SARASWAT CO-OP. BANK LTD,13644,874
771,Mar'15,SOUTH INDIAN BANK,113276,219031
772,Mar'15,ST.BANK OF BIKANER AND JAIPUR,41121,15489
773,Mar'15,STANDARD CHARTERED BANK ,206,28
774,Mar'15,STATE BANK OF HYDERABAD,200821,72373
775,Mar'15,STATE BANK OF INDIA,8044577,16607289
776,Mar'15,STATE BANK OF MYSORE,50492,24005
777,Mar'15,STATE BANK OF PATIALA,14190,6927
778,Mar'15,STATE BANK OF TRAVANCORE,94849,84508.14
779,Mar'15,SYNDICATE BANK,68658,156625
780,Mar'15,TAMILNADU MERCANTILE BANK LTD,18407,55190
781,Mar'15,THANE JANTA SAHAKARI BANK LTD,3786,24863
782,Mar'15,THE COSMOS CO-OP BANK LIMITED,2025,13543
783,Mar'15,UCO BANK,34040,71447
784,Mar'15,UNION BANK OF INDIA,199150,8209300
785,Mar'15,UNITED BANK OF INDIA,10280,30164
786,Mar'15,VIJAYA BANK,129565,116381
787,Mar'15,YES BANK LIMITED,530091,2417462
