1,Apr'14,AGARTALA,STATE BANK OF INDIA,0,0,0
2,Apr'14,AMRITSAR,ORIENTAL BANK OF COMMERCE,0,0,0
3,Apr'14,ASANSOL,STATE BANK OF INDIA,0,0,0
4,Apr'14,BELGAUM,UNION BANK OF INDIA,0,0,0
5,Apr'14,BHILWARA,STATE BANK OF BIKANER AND JAIPUR,0,0,0
6,Apr'14,BIJAPUR,STATE BANK OF INDIA,0,0,0
7,Apr'14,BIKANER,STATE BANK OF BIKANER AND JAIPUR,0,0,0
8,Apr'14,BURDWAN,STATE BANK OF INDIA,0,0,0
9,Apr'14,COIMBATORE,BANK OF BARODA,0,0,0
10,Apr'14,CUTTACK,STATE BANK OF INDIA,0,0,0
11,Apr'14,DAVANGERE,STATE BANK OF MYSORE,0,0,0
12,Apr'14,DURGAPUR,STATE BANK OF INDIA,0,0,0
13,Apr'14,ERODE ,PUNJAB NATIONAL BANK,0,0,0
14,Apr'14,GADAG,STATE BANK OF INDIA,0,0,0
15,Apr'14,GANGTOK,STATE BANK OF INDIA,0,0,0
16,Apr'14,GULBARGA,STATE BANK OF HYDERABAD,0,0,0
17,Apr'14,HALDIA,UNITED BANK OF INDIA,0,0,0
18,Apr'14,HASSAN,STATE BANK OF MYSORE,0,0,0
19,Apr'14,HUBLI,STATE BANK OF INDIA,0,0,0
20,Apr'14,IMPHAL,STATE BANK OF INDIA,0,0,0
21,Apr'14,JALANDHAR,PUNJAB NATIONAL BANK,0,0,0
22,Apr'14,JODHPUR,STATE BANK OF INDIA,0,0,0
23,Apr'14,KAKINADA,STATE BANK OF INDIA,0,0,0
24,Apr'14,KOTA,UNION BANK OF INDIA,0,0,0
25,Apr'14,LUDHIANA,PUNJAB NATIONAL BANK,0,0,0
26,Apr'14,MADURAI,CANARA BANK,0,0,0
27,Apr'14,MANDYA,STATE BANK OF MYSORE,0,0,0
28,Apr'14,MANGALORE,CORPORATION BANK,0,0,0
29,Apr'14,MYSORE,PUNJAB NATIONAL BANK,0,0,0
30,Apr'14,NELLORE,STATE BANK OF INDIA,0,0,0
31,Apr'14,PONDICHERRY,STATE BANK OF INDIA,0,0,0
32,Apr'14,RAICHUR,STATE BANK OF HYDERABAD,0,0,0
33,Apr'14,SALEM,UNION BANK OF INDIA,0,0,0
34,Apr'14,SHIMOGA,STATE BANK OF MYSORE,0,0,0
35,Apr'14,SILIGURI,STATE BANK OF INDIA,0,0,0
36,Apr'14,TIRUCHIRAPALLI,STATE BANK OF INDIA,0,0,0
37,Apr'14,TIRUNELVELI,STATE BANK OF INDIA,0,0,0
38,Apr'14,TIRUPATI,STATE BANK OF INDIA,0,0,0
39,Apr'14,TIRUPUR,STATE BANK OF INDIA,0,0,0
40,Apr'14,TUMKUR,STATE BANK OF MYSORE,0,0,0
41,Apr'14,UDAIPUR,PUNJAB NATIONAL BANK,0,0,0
42,Apr'14,UDUPI,STATE BANK OF INDIA,0,0,0
43,Apr'14,VISAKHAPATNAM,ANDHRA BANK,0,0,0
44,Apr'14,AGRA,PUNJAB NATIONAL BANK,772,54785,55557
45,Apr'14,AHMEDABAD,RESERVE BANK OF INDIA,113737,1289616,1403353
46,Apr'14,ALLAHABAD,PUNJAB NATIONAL BANK,11945,45147,57092
47,Apr'14,ANAND,UNION BANK OF INDIA,16,2780,2796
48,Apr'14,AURANGABAD,PUNJAB NATIONAL BANK,873,120038,120911
49,Apr'14,BANGALORE,RESERVE BANK OF INDIA,594628,1541887,2136515
50,Apr'14,BHAVNAGAR,BANK OF BARODA,3,2169,2172
51,Apr'14,BHOPAL,RESERVE BANK OF INDIA,2048,136567,138615
52,Apr'14,BHUBANESWAR,RESERVE BANK OF INDIA,1503450,152269,1655719
53,Apr'14,CHANDIGARH,RESERVE BANK OF INDIA,5541,558079,563620
54,Apr'14,CHENNAI,RESERVE BANK OF INDIA,4659628,1872152,6531780
55,Apr'14,DEHRADUN,STATE BANK OF INDIA,785,58773,59558
56,Apr'14,DHANBAD,STATE BANK OF INDIA,98,18068,18166
57,Apr'14,ERNAKULAM,STATE BANK OF TRAVANCORE,15,37,52
58,Apr'14,GORAKHPUR,PUNJAB NATIONAL BANK,317,54419,54736
59,Apr'14,GUWAHATI,RESERVE BANK OF INDIA,73994,82897,156891
60,Apr'14,GWALIOR,STATE BANK OF INDIA,255,28552,28807
61,Apr'14,HYDERABAD,RESERVE BANK OF INDIA,239368,1142962,1382330
62,Apr'14,INDORE,STATE BANK OF INDIA,1366,193362,194728
63,Apr'14,JABALPUR,STATE BANK OF INDIA,272,48299,48571
64,Apr'14,JAIPUR,RESERVE BANK OF INDIA,49006,671162,720168
65,Apr'14,JAMMU,PUNJAB NATIONAL BANK,1162,33838,35000
66,Apr'14,JAMNAGAR,BANK OF BARODA,73,9619,9692
67,Apr'14,JAMSHEDPUR,UNION BANK OF INDIA,2909,67877,70786
68,Apr'14,KANPUR,RESERVE BANK OF INDIA,31492,126591,158083
69,Apr'14,KOLHAPUR,PUNJAB NATIONAL BANK,1412,69569,70981
70,Apr'14,KOLKATA CPC,RESERVE BANK OF INDIA,432398,1085338,1517736
71,Apr'14,KOZHIKODE,STATE BANK OF INDIA,10,2748,2758
72,Apr'14,LUCKNOW,PUNJAB NATIONAL BANK,4733,272616,277349
73,Apr'14,MUMBAI,RESERVE BANK OF INDIA,1761113,3483579,5244692
74,Apr'14,NAGPUR,RESERVE BANK OF INDIA,125791,280490,406281
75,Apr'14,NASIK,STATE BANK OF INDIA,7248,186851,194099
76,Apr'14,NEW DELHI,RESERVE BANK OF INDIA,776369,1890396,2666765
77,Apr'14,PANAJI,STATE BANK OF INDIA,232581,136792,369373
78,Apr'14,PATNA,RESERVE BANK OF INDIA,7443,97063,104506
79,Apr'14,PUNE,UNION BANK OF INDIA,161588,981890,1143478
80,Apr'14,RAIPUR,STATE BANK OF INDIA,610,65920,66530
81,Apr'14,RAJKOT,BANK OF BARODA,24766,26321,51087
82,Apr'14,RANCHI,STATE BANK OF INDIA,126,59115,59241
83,Apr'14,SHILLONG,STATE BANK OF INDIA,0,118,118
84,Apr'14,SHIMLA,STATE BANK OF INDIA,209,23,232
85,Apr'14,SOLAPUR,STATE BANK OF INDIA,763,54884,55647
86,Apr'14,SURAT,STATE BANK OF INDIA,14312,129646,143958
87,Apr'14,TRICHUR,STATE BANK OF INDIA,18,832,850
88,Apr'14,TRIVANDRUM,RESERVE BANK OF INDIA,22884,614343,637227
89,Apr'14,VADODARA,STATE BANK OF INDIA,12924,48115,61039
90,Apr'14,VARANASI,PUNJAB NATIONAL BANK,1075,59017,60092
91,May'14,AGARTALA,STATE BANK OF INDIA,0,0,0
92,May'14,AMRITSAR,ORIENTAL BANK OF COMMERCE,0,0,0
93,May'14,ASANSOL,STATE BANK OF INDIA,0,0,0
94,May'14,BELGAUM,UNION BANK OF INDIA,0,0,0
95,May'14,BHILWARA,STATE BANK OF BIKANER AND JAIPUR,0,0,0
96,May'14,BIJAPUR,STATE BANK OF INDIA,0,0,0
97,May'14,BIKANER,STATE BANK OF BIKANER AND JAIPUR,0,0,0
98,May'14,BURDWAN,STATE BANK OF INDIA,0,0,0
99,May'14,COIMBATORE,BANK OF BARODA,0,0,0
100,May'14,CUTTACK,STATE BANK OF INDIA,0,0,0
101,May'14,DAVANGERE,STATE BANK OF MYSORE,0,0,0
102,May'14,DURGAPUR,STATE BANK OF INDIA,0,0,0
103,May'14,ERODE ,PUNJAB NATIONAL BANK,0,0,0
104,May'14,GADAG,STATE BANK OF INDIA,0,0,0
105,May'14,GANGTOK,STATE BANK OF INDIA,0,0,0
106,May'14,GULBARGA,STATE BANK OF HYDERABAD,0,0,0
107,May'14,HALDIA,UNITED BANK OF INDIA,0,0,0
108,May'14,HASSAN,STATE BANK OF MYSORE,0,0,0
109,May'14,HUBLI,STATE BANK OF INDIA,0,0,0
110,May'14,IMPHAL,STATE BANK OF INDIA,0,0,0
111,May'14,JALANDHAR,PUNJAB NATIONAL BANK,0,0,0
112,May'14,JODHPUR,STATE BANK OF INDIA,0,0,0
113,May'14,KAKINADA,STATE BANK OF INDIA,0,0,0
114,May'14,KOLHAPUR,PUNJAB NATIONAL BANK,0,0,0
115,May'14,KOTA,UNION BANK OF INDIA,0,0,0
116,May'14,LUDHIANA,PUNJAB NATIONAL BANK,0,0,0
117,May'14,MADURAI,CANARA BANK,0,0,0
118,May'14,MANDYA,STATE BANK OF MYSORE,0,0,0
119,May'14,MANGALORE,CORPORATION BANK,0,0,0
120,May'14,MYSORE,PUNJAB NATIONAL BANK,0,0,0
121,May'14,NELLORE,STATE BANK OF INDIA,0,0,0
122,May'14,PONDICHERRY,STATE BANK OF INDIA,0,0,0
123,May'14,RAICHUR,STATE BANK OF HYDERABAD,0,0,0
124,May'14,SALEM,UNION BANK OF INDIA,0,0,0
125,May'14,SHIMOGA,STATE BANK OF MYSORE,0,0,0
126,May'14,SILIGURI,STATE BANK OF INDIA,0,0,0
127,May'14,TIRUCHIRAPALLI,STATE BANK OF INDIA,0,0,0
128,May'14,TIRUNELVELI,STATE BANK OF INDIA,0,0,0
129,May'14,TIRUPATI,STATE BANK OF INDIA,0,0,0
130,May'14,TIRUPUR,STATE BANK OF INDIA,0,0,0
131,May'14,TUMKUR,STATE BANK OF MYSORE,0,0,0
132,May'14,UDAIPUR,PUNJAB NATIONAL BANK,0,0,0
133,May'14,UDUPI,STATE BANK OF INDIA,0,0,0
134,May'14,VISAKHAPATNAM,ANDHRA BANK,0,0,0
135,May'14,AGRA,PUNJAB NATIONAL BANK,420,58041,58461
136,May'14,AHMEDABAD,RESERVE BANK OF INDIA,121064,1334516,1455580
137,May'14,ALLAHABAD,PUNJAB NATIONAL BANK,18825,43880,62705
138,May'14,ANAND,UNION BANK OF INDIA,2,2907,2909
139,May'14,AURANGABAD,PUNJAB NATIONAL BANK,457,117990,118447
140,May'14,BANGALORE,RESERVE BANK OF INDIA,497034,1552681,2049715
141,May'14,BHAVNAGAR,BANK OF BARODA,1,3255,3256
142,May'14,BHOPAL,RESERVE BANK OF INDIA,1420,136441,137861
143,May'14,BHUBANESWAR,RESERVE BANK OF INDIA,948798,160471,1109269
144,May'14,CHANDIGARH,RESERVE BANK OF INDIA,4328,561956,566284
145,May'14,CHENNAI,RESERVE BANK OF INDIA,2893911,1889530,4783441
146,May'14,DEHRADUN,STATE BANK OF INDIA,556,58807,59363
147,May'14,DHANBAD,STATE BANK OF INDIA,25,18129,18154
148,May'14,ERNAKULAM,STATE BANK OF TRAVANCORE,0,2,2
149,May'14,GORAKHPUR,PUNJAB NATIONAL BANK,151,52608,52759
150,May'14,GUWAHATI,RESERVE BANK OF INDIA,95475,83759,179234
151,May'14,GWALIOR,STATE BANK OF INDIA,100,27736,27836
152,May'14,HYDERABAD,RESERVE BANK OF INDIA,4090740,1175224,5265964
153,May'14,INDORE,STATE BANK OF INDIA,511,195264,195775
154,May'14,JABALPUR,STATE BANK OF INDIA,91,38882,38973
155,May'14,JAIPUR,RESERVE BANK OF INDIA,27825,681210,709035
156,May'14,JAMMU,PUNJAB NATIONAL BANK,709,34155,34864
157,May'14,JAMNAGAR,BANK OF BARODA,24,8610,8634
158,May'14,JAMSHEDPUR,UNION BANK OF INDIA,2699,70357,73056
159,May'14,KANPUR,RESERVE BANK OF INDIA,26647,127479,154126
160,May'14,KOLKATA CPC,RESERVE BANK OF INDIA,374967,1078287,1453254
161,May'14,KOZHIKODE,STATE BANK OF INDIA,14,2264,2278
162,May'14,LUCKNOW,PUNJAB NATIONAL BANK,3353,275656,279009
163,May'14,MUMBAI,RESERVE BANK OF INDIA,1128506,3441969,4570475
164,May'14,NAGPUR,RESERVE BANK OF INDIA,67534,278395,345929
165,May'14,NASIK,STATE BANK OF INDIA,9042,184399,193441
166,May'14,NEW DELHI,RESERVE BANK OF INDIA,613087,1912403,2525490
167,May'14,PANAJI,STATE BANK OF INDIA,213084,134665,347749
168,May'14,PATNA,RESERVE BANK OF INDIA,5038,97981,103019
169,May'14,PUNE,UNION BANK OF INDIA,142039,971088,1113127
170,May'14,RAIPUR,STATE BANK OF INDIA,146,66869,67015
171,May'14,RAJKOT,BANK OF BARODA,15190,28722,43912
172,May'14,RANCHI,STATE BANK OF INDIA,115,55396,55511
173,May'14,SHILLONG,STATE BANK OF INDIA,0,138,138
174,May'14,SHIMLA,STATE BANK OF INDIA,186685,23,186708
175,May'14,SOLAPUR,STATE BANK OF INDIA,563,54633,55196
176,May'14,SURAT,STATE BANK OF INDIA,4356,124183,128539
177,May'14,TRICHUR,STATE BANK OF INDIA,7,835,842
178,May'14,TRIVANDRUM,RESERVE BANK OF INDIA,11133,627625,638758
179,May'14,VADODARA,STATE BANK OF INDIA,9200,48696,57896
180,May'14,VARANASI,PUNJAB NATIONAL BANK,689,59396,60085
181,Jun'14,AGARTALA,STATE BANK OF INDIA,0,0,0
182,Jun'14,AMRITSAR,ORIENTAL BANK OF COMMERCE,0,0,0
183,Jun'14,ASANSOL,STATE BANK OF INDIA,0,0,0
184,Jun'14,BELGAUM,UNION BANK OF INDIA,0,0,0
185,Jun'14,BHILWARA,STATE BANK OF BIKANER AND JAIPUR,0,0,0
186,Jun'14,BIJAPUR,STATE BANK OF INDIA,0,0,0
187,Jun'14,BIKANER,STATE BANK OF BIKANER AND JAIPUR,0,0,0
188,Jun'14,BURDWAN,STATE BANK OF INDIA,0,0,0
189,Jun'14,COIMBATORE,BANK OF BARODA,0,0,0
190,Jun'14,CUTTACK,STATE BANK OF INDIA,0,0,0
191,Jun'14,DAVANGERE,STATE BANK OF MYSORE,0,0,0
192,Jun'14,DURGAPUR,STATE BANK OF INDIA,0,0,0
193,Jun'14,ERNAKULAM,STATE BANK OF TRAVANCORE,0,0,0
194,Jun'14,ERODE ,PUNJAB NATIONAL BANK,0,0,0
195,Jun'14,GADAG,STATE BANK OF INDIA,0,0,0
196,Jun'14,GANGTOK,STATE BANK OF INDIA,0,0,0
197,Jun'14,GULBARGA,STATE BANK OF HYDERABAD,0,0,0
198,Jun'14,HALDIA,UNITED BANK OF INDIA,0,0,0
199,Jun'14,HASSAN,STATE BANK OF MYSORE,0,0,0
200,Jun'14,HUBLI,STATE BANK OF INDIA,0,0,0
201,Jun'14,IMPHAL,STATE BANK OF INDIA,0,0,0
202,Jun'14,JALANDHAR,PUNJAB NATIONAL BANK,0,0,0
203,Jun'14,JODHPUR,STATE BANK OF INDIA,0,0,0
204,Jun'14,KAKINADA,STATE BANK OF INDIA,0,0,0
205,Jun'14,KOLHAPUR,PUNJAB NATIONAL BANK,0,0,0
206,Jun'14,KOTA,UNION BANK OF INDIA,0,0,0
207,Jun'14,KOZHIKODE,STATE BANK OF INDIA,0,0,0
208,Jun'14,LUDHIANA,PUNJAB NATIONAL BANK,0,0,0
209,Jun'14,MADURAI,CANARA BANK,0,0,0
210,Jun'14,MANDYA,STATE BANK OF MYSORE,0,0,0
211,Jun'14,MANGALORE,CORPORATION BANK,0,0,0
212,Jun'14,MYSORE,PUNJAB NATIONAL BANK,0,0,0
213,Jun'14,NELLORE,STATE BANK OF INDIA,0,0,0
214,Jun'14,PONDICHERRY,STATE BANK OF INDIA,0,0,0
215,Jun'14,RAICHUR,STATE BANK OF HYDERABAD,0,0,0
216,Jun'14,SALEM,UNION BANK OF INDIA,0,0,0
217,Jun'14,SHIMOGA,STATE BANK OF MYSORE,0,0,0
218,Jun'14,SILIGURI,STATE BANK OF INDIA,0,0,0
219,Jun'14,TIRUCHIRAPALLI,STATE BANK OF INDIA,0,0,0
220,Jun'14,TIRUNELVELI,STATE BANK OF INDIA,0,0,0
221,Jun'14,TIRUPATI,STATE BANK OF INDIA,0,0,0
222,Jun'14,TIRUPUR,STATE BANK OF INDIA,0,0,0
223,Jun'14,TUMKUR,STATE BANK OF MYSORE,0,0,0
224,Jun'14,UDAIPUR,PUNJAB NATIONAL BANK,0,0,0
225,Jun'14,UDUPI,STATE BANK OF INDIA,0,0,0
226,Jun'14,VISAKHAPATNAM,ANDHRA BANK,0,0,0
227,Jun'14,AGRA,PUNJAB NATIONAL BANK,494,57350,57844
228,Jun'14,AHMEDABAD,RESERVE BANK OF INDIA,123565,1316157,1439722
229,Jun'14,ALLAHABAD,PUNJAB NATIONAL BANK,10696,45218,55914
230,Jun'14,ANAND,UNION BANK OF INDIA,10,2707,2717
231,Jun'14,AURANGABAD,PUNJAB NATIONAL BANK,785,135279,136064
232,Jun'14,BANGALORE,RESERVE BANK OF INDIA,357282,1546144,1903426
233,Jun'14,BHAVNAGAR,BANK OF BARODA,4,3304,3308
234,Jun'14,BHOPAL,RESERVE BANK OF INDIA,3240,135346,138586
235,Jun'14,BHUBANESWAR,RESERVE BANK OF INDIA,2402092,159989,2562081
236,Jun'14,CHANDIGARH,RESERVE BANK OF INDIA,5648,578415,584063
237,Jun'14,CHENNAI,RESERVE BANK OF INDIA,2756214,1910410,4666624
238,Jun'14,DEHRADUN,STATE BANK OF INDIA,658,58888,59546
239,Jun'14,DHANBAD,STATE BANK OF INDIA,47,18760,18807
240,Jun'14,GORAKHPUR,PUNJAB NATIONAL BANK,190,51074,51264
241,Jun'14,GUWAHATI,RESERVE BANK OF INDIA,123937,84558,208495
242,Jun'14,GWALIOR,STATE BANK OF INDIA,184,27904,28088
243,Jun'14,HYDERABAD,RESERVE BANK OF INDIA,39904,1175340,1215244
244,Jun'14,INDORE,STATE BANK OF INDIA,833,197035,197868
245,Jun'14,JABALPUR,STATE BANK OF INDIA,151,48525,48676
246,Jun'14,JAIPUR,RESERVE BANK OF INDIA,30604,684600,715204
247,Jun'14,JAMMU,PUNJAB NATIONAL BANK,1564,33730,35294
248,Jun'14,JAMNAGAR,BANK OF BARODA,39,8605,8644
249,Jun'14,JAMSHEDPUR,UNION BANK OF INDIA,2650,67413,70063
250,Jun'14,KANPUR,RESERVE BANK OF INDIA,33569,126951,160520
251,Jun'14,KOLKATA CPC,RESERVE BANK OF INDIA,1091141,369820,1460961
252,Jun'14,LUCKNOW,PUNJAB NATIONAL BANK,4636,276216,280852
253,Jun'14,MUMBAI,RESERVE BANK OF INDIA,1484588,3435147,4919735
254,Jun'14,NAGPUR,RESERVE BANK OF INDIA,26416,281592,308008
255,Jun'14,NASIK,STATE BANK OF INDIA,3818,188163,191981
256,Jun'14,NEW DELHI,RESERVE BANK OF INDIA,1048280,1905573,2953853
257,Jun'14,PANAJI,STATE BANK OF INDIA,200716,136776,337492
258,Jun'14,PATNA,RESERVE BANK OF INDIA,2036,89478,91514
259,Jun'14,PUNE,UNION BANK OF INDIA,77575,974186,1051761
260,Jun'14,RAIPUR,STATE BANK OF INDIA,210,67538,67748
261,Jun'14,RAJKOT,BANK OF BARODA,17985,25570,43555
262,Jun'14,RANCHI,STATE BANK OF INDIA,158,55290,55448
263,Jun'14,SHILLONG,STATE BANK OF INDIA,0,129,129
264,Jun'14,SHIMLA,STATE BANK OF INDIA,186855,22,186877
265,Jun'14,SOLAPUR,STATE BANK OF INDIA,890,55740,56630
266,Jun'14,SURAT,STATE BANK OF INDIA,31449,125518,156967
267,Jun'14,TRICHUR,STATE BANK OF INDIA,10,508,518
268,Jun'14,TRIVANDRUM,RESERVE BANK OF INDIA,12179,643918,656097
269,Jun'14,VADODARA,STATE BANK OF INDIA,12198,48179,60377
270,Jun'14,VARANASI,PUNJAB NATIONAL BANK,580,59777,60357
271,Jul'14,AGARTALA,STATE BANK OF INDIA,0,0,0
272,Jul'14,AMRITSAR,ORIENTAL BANK OF COMMERCE,0,0,0
273,Jul'14,ASANSOL,STATE BANK OF INDIA,0,0,0
274,Jul'14,BELGAUM,UNION BANK OF INDIA,0,0,0
275,Jul'14,BHILWARA,STATE BANK OF BIKANER AND JAIPUR,0,0,0
276,Jul'14,BIJAPUR,STATE BANK OF INDIA,0,0,0
277,Jul'14,BIKANER,STATE BANK OF BIKANER AND JAIPUR,0,0,0
278,Jul'14,BURDWAN,STATE BANK OF INDIA,0,0,0
279,Jul'14,COIMBATORE,BANK OF BARODA,0,0,0
280,Jul'14,CUTTACK,STATE BANK OF INDIA,0,0,0
281,Jul'14,DAVANGERE,STATE BANK OF MYSORE,0,0,0
282,Jul'14,DURGAPUR,STATE BANK OF INDIA,0,0,0
283,Jul'14,ERNAKULAM,STATE BANK OF TRAVANCORE,0,0,0
284,Jul'14,ERODE ,PUNJAB NATIONAL BANK,0,0,0
285,Jul'14,GADAG,STATE BANK OF INDIA,0,0,0
286,Jul'14,GANGTOK,STATE BANK OF INDIA,0,0,0
287,Jul'14,GULBARGA,STATE BANK OF HYDERABAD,0,0,0
288,Jul'14,HALDIA,UNITED BANK OF INDIA,0,0,0
289,Jul'14,HASSAN,STATE BANK OF MYSORE,0,0,0
290,Jul'14,HUBLI,STATE BANK OF INDIA,0,0,0
291,Jul'14,IMPHAL,STATE BANK OF INDIA,0,0,0
292,Jul'14,JALANDHAR,PUNJAB NATIONAL BANK,0,0,0
293,Jul'14,JODHPUR,STATE BANK OF INDIA,0,0,0
294,Jul'14,KAKINADA,STATE BANK OF INDIA,0,0,0
295,Jul'14,KOLHAPUR,PUNJAB NATIONAL BANK,0,0,0
296,Jul'14,KOTA,UNION BANK OF INDIA,0,0,0
297,Jul'14,KOZHIKODE,STATE BANK OF INDIA,0,0,0
298,Jul'14,LUDHIANA,PUNJAB NATIONAL BANK,0,0,0
299,Jul'14,MADURAI,CANARA BANK,0,0,0
300,Jul'14,MANDYA,STATE BANK OF MYSORE,0,0,0
301,Jul'14,MANGALORE,CORPORATION BANK,0,0,0
302,Jul'14,MYSORE,PUNJAB NATIONAL BANK,0,0,0
303,Jul'14,NELLORE,STATE BANK OF INDIA,0,0,0
304,Jul'14,PONDICHERRY,STATE BANK OF INDIA,0,0,0
305,Jul'14,RAICHUR,STATE BANK OF HYDERABAD,0,0,0
306,Jul'14,SALEM,UNION BANK OF INDIA,0,0,0
307,Jul'14,SHIMOGA,STATE BANK OF MYSORE,0,0,0
308,Jul'14,SILIGURI,STATE BANK OF INDIA,0,0,0
309,Jul'14,TIRUCHIRAPALLI,STATE BANK OF INDIA,0,0,0
310,Jul'14,TIRUNELVELI,STATE BANK OF INDIA,0,0,0
311,Jul'14,TIRUPATI,STATE BANK OF INDIA,0,0,0
312,Jul'14,TIRUPUR,STATE BANK OF INDIA,0,0,0
313,Jul'14,TRICHUR,STATE BANK OF INDIA,0,0,0
314,Jul'14,TUMKUR,STATE BANK OF MYSORE,0,0,0
315,Jul'14,UDAIPUR,PUNJAB NATIONAL BANK,0,0,0
316,Jul'14,UDUPI,STATE BANK OF INDIA,0,0,0
317,Jul'14,VISAKHAPATNAM,ANDHRA BANK,0,0,0
318,Jul'14,AGRA,PUNJAB NATIONAL BANK,192,59073,59265
319,Jul'14,AHMEDABAD,RESERVE BANK OF INDIA,79994,1347264,1427258
320,Jul'14,ALLAHABAD,PUNJAB NATIONAL BANK,8820,47120,55940
321,Jul'14,ANAND,UNION BANK OF INDIA,9,2837,2846
322,Jul'14,AURANGABAD,PUNJAB NATIONAL BANK,636,254812,255448
323,Jul'14,BANGALORE,RESERVE BANK OF INDIA,390353,1539629,1929982
324,Jul'14,BHAVNAGAR,BANK OF BARODA,0,3417,3417
325,Jul'14,BHOPAL,RESERVE BANK OF INDIA,1945,137715,139660
326,Jul'14,BHUBANESWAR,RESERVE BANK OF INDIA,973858,167108,1140966
327,Jul'14,CHANDIGARH,RESERVE BANK OF INDIA,4894,595139,600033
328,Jul'14,CHENNAI,RESERVE BANK OF INDIA,2740024,1924068,4664092
329,Jul'14,DEHRADUN,STATE BANK OF INDIA,586,58967,59553
330,Jul'14,DHANBAD,STATE BANK OF INDIA,73,16811,16884
331,Jul'14,GORAKHPUR,PUNJAB NATIONAL BANK,201,52257,52458
332,Jul'14,GUWAHATI,RESERVE BANK OF INDIA,97683,91712,189395
333,Jul'14,GWALIOR,STATE BANK OF INDIA,333,20973,21306
334,Jul'14,HYDERABAD,RESERVE BANK OF INDIA,328016,1184269,1512285
335,Jul'14,INDORE,STATE BANK OF INDIA,848,197191,198039
336,Jul'14,JABALPUR,STATE BANK OF INDIA,151,44472,44623
337,Jul'14,JAIPUR,RESERVE BANK OF INDIA,28292,700138,728430
338,Jul'14,JAMMU,PUNJAB NATIONAL BANK,945,36858,37803
339,Jul'14,JAMNAGAR,BANK OF BARODA,8689,282,8971
340,Jul'14,JAMSHEDPUR,UNION BANK OF INDIA,2616,68900,71516
341,Jul'14,KANPUR,RESERVE BANK OF INDIA,39860,127265,167125
342,Jul'14,KOLKATA CPC,RESERVE BANK OF INDIA,369360,1102919,1472279
343,Jul'14,LUCKNOW,PUNJAB NATIONAL BANK,2840,278941,281781
344,Jul'14,MUMBAI,RESERVE BANK OF INDIA,1697892,3507333,5205225
345,Jul'14,NAGPUR,RESERVE BANK OF INDIA,112455,282927,395382
346,Jul'14,NASIK,STATE BANK OF INDIA,6993,192091,199084
347,Jul'14,NEW DELHI,RESERVE BANK OF INDIA,546234,1937581,2483815
348,Jul'14,PANAJI,STATE BANK OF INDIA,184980,138215,323195
349,Jul'14,PATNA,RESERVE BANK OF INDIA,4532,97680,102212
350,Jul'14,PUNE,UNION BANK OF INDIA,145683,979790,1125473
351,Jul'14,RAIPUR,STATE BANK OF INDIA,195,68875,69070
352,Jul'14,RAJKOT,BANK OF BARODA,18688,25820,44508
353,Jul'14,RANCHI,STATE BANK OF INDIA,191,55977,56168
354,Jul'14,SHILLONG,STATE BANK OF INDIA,0,129,129
355,Jul'14,SHIMLA,STATE BANK OF INDIA,186692,22,186714
356,Jul'14,SOLAPUR,STATE BANK OF INDIA,630,57602,58232
357,Jul'14,SURAT,STATE BANK OF INDIA,33740,123009,156749
358,Jul'14,TRIVANDRUM,RESERVE BANK OF INDIA,11857,650910,662767
359,Jul'14,VADODARA,STATE BANK OF INDIA,8389,47769,56158
360,Jul'14,VARANASI,PUNJAB NATIONAL BANK,462,60781,61243
361,Aug'14,AGARTALA,STATE BANK OF INDIA,0,0,0
362,Aug'14,AMRITSAR,ORIENTAL BANK OF COMMERCE,0,0,0
363,Aug'14,ASANSOL,STATE BANK OF INDIA,0,0,0
364,Aug'14,BELGAUM,UNION BANK OF INDIA,0,0,0
365,Aug'14,BHILWARA,STATE BANK OF BIKANER AND JAIPUR,0,0,0
366,Aug'14,BIJAPUR,STATE BANK OF INDIA,0,0,0
367,Aug'14,BIKANER,STATE BANK OF BIKANER AND JAIPUR,0,0,0
368,Aug'14,BURDWAN,STATE BANK OF INDIA,0,0,0
369,Aug'14,COIMBATORE,BANK OF BARODA,0,0,0
370,Aug'14,CUTTACK,STATE BANK OF INDIA,0,0,0
371,Aug'14,DAVANGERE,STATE BANK OF MYSORE,0,0,0
372,Aug'14,DURGAPUR,STATE BANK OF INDIA,0,0,0
373,Aug'14,ERNAKULAM,STATE BANK OF TRAVANCORE,0,0,0
374,Aug'14,ERODE ,PUNJAB NATIONAL BANK,0,0,0
375,Aug'14,GADAG,STATE BANK OF INDIA,0,0,0
376,Aug'14,GANGTOK,STATE BANK OF INDIA,0,0,0
377,Aug'14,GULBARGA,STATE BANK OF HYDERABAD,0,0,0
378,Aug'14,HALDIA,UNITED BANK OF INDIA,0,0,0
379,Aug'14,HASSAN,STATE BANK OF MYSORE,0,0,0
380,Aug'14,HUBLI,STATE BANK OF INDIA,0,0,0
381,Aug'14,IMPHAL,STATE BANK OF INDIA,0,0,0
382,Aug'14,JALANDHAR,PUNJAB NATIONAL BANK,0,0,0
383,Aug'14,JODHPUR,STATE BANK OF INDIA,0,0,0
384,Aug'14,KAKINADA,STATE BANK OF INDIA,0,0,0
385,Aug'14,KOLHAPUR,PUNJAB NATIONAL BANK,0,0,0
386,Aug'14,KOTA,UNION BANK OF INDIA,0,0,0
387,Aug'14,KOZHIKODE,STATE BANK OF INDIA,0,0,0
388,Aug'14,LUDHIANA,PUNJAB NATIONAL BANK,0,0,0
389,Aug'14,MADURAI,CANARA BANK,0,0,0
390,Aug'14,MANDYA,STATE BANK OF MYSORE,0,0,0
391,Aug'14,MANGALORE,CORPORATION BANK,0,0,0
392,Aug'14,MYSORE,PUNJAB NATIONAL BANK,0,0,0
393,Aug'14,NELLORE,STATE BANK OF INDIA,0,0,0
394,Aug'14,PONDICHERRY,STATE BANK OF INDIA,0,0,0
395,Aug'14,RAICHUR,STATE BANK OF HYDERABAD,0,0,0
396,Aug'14,SALEM,UNION BANK OF INDIA,0,0,0
397,Aug'14,SHIMOGA,STATE BANK OF MYSORE,0,0,0
398,Aug'14,SILIGURI,STATE BANK OF INDIA,0,0,0
399,Aug'14,TIRUCHIRAPALLI,STATE BANK OF INDIA,0,0,0
400,Aug'14,TIRUNELVELI,STATE BANK OF INDIA,0,0,0
401,Aug'14,TIRUPATI,STATE BANK OF INDIA,0,0,0
402,Aug'14,TIRUPUR,STATE BANK OF INDIA,0,0,0
403,Aug'14,TRICHUR,STATE BANK OF INDIA,0,0,0
404,Aug'14,TUMKUR,STATE BANK OF MYSORE,0,0,0
405,Aug'14,UDAIPUR,PUNJAB NATIONAL BANK,0,0,0
406,Aug'14,UDUPI,STATE BANK OF INDIA,0,0,0
407,Aug'14,VISAKHAPATNAM,ANDHRA BANK,0,0,0
408,Aug'14,AGRA,PUNJAB NATIONAL BANK,395,59028,59423
409,Aug'14,AHMEDABAD,RESERVE BANK OF INDIA,116282,1356258,1472540
410,Aug'14,ALLAHABAD,PUNJAB NATIONAL BANK,10788,47066,57854
411,Aug'14,ANAND,UNION BANK OF INDIA,2,3032,3034
412,Aug'14,AURANGABAD,PUNJAB NATIONAL BANK,944,127170,128114
413,Aug'14,BANGALORE,RESERVE BANK OF INDIA,395519,1555996,1951515
414,Aug'14,BHAVNAGAR,BANK OF BARODA,1,3628,3629
415,Aug'14,BHOPAL,RESERVE BANK OF INDIA,1461,138577,140038
416,Aug'14,BHUBANESWAR,RESERVE BANK OF INDIA,1310106,158461,1468567
417,Aug'14,CHANDIGARH,RESERVE BANK OF INDIA,4201,610875,615076
418,Aug'14,CHENNAI,RESERVE BANK OF INDIA,2692692,1941655,4634347
419,Aug'14,DEHRADUN,STATE BANK OF INDIA,483,61079,61562
420,Aug'14,DHANBAD,STATE BANK OF INDIA,30,16322,16352
421,Aug'14,GORAKHPUR,PUNJAB NATIONAL BANK,160,52145,52305
422,Aug'14,GUWAHATI,RESERVE BANK OF INDIA,96651,89306,185957
423,Aug'14,GWALIOR,STATE BANK OF INDIA,0,28526,28526
424,Aug'14,HYDERABAD,RESERVE BANK OF INDIA,45116,1189466,1234582
425,Aug'14,INDORE,STATE BANK OF INDIA,568,198960,199528
426,Aug'14,JABALPUR,STATE BANK OF INDIA,123,49765,49888
427,Aug'14,JAIPUR,RESERVE BANK OF INDIA,27642,709643,737285
428,Aug'14,JAMMU,PUNJAB NATIONAL BANK,839,35537,36376
429,Aug'14,JAMNAGAR,BANK OF BARODA,123,9002,9125
430,Aug'14,JAMSHEDPUR,UNION BANK OF INDIA,2495,68312,70807
431,Aug'14,KANPUR,RESERVE BANK OF INDIA,14771,127833,142604
432,Aug'14,KOLKATA CPC,RESERVE BANK OF INDIA,357709,1108530,1466239
433,Aug'14,LUCKNOW,PUNJAB NATIONAL BANK,3220,280915,284135
434,Aug'14,MUMBAI,RESERVE BANK OF INDIA,1825511,3389998,5215509
435,Aug'14,NAGPUR,RESERVE BANK OF INDIA,68624,283925,352549
436,Aug'14,NASIK,STATE BANK OF INDIA,8471,197632,206103
437,Aug'14,NEW DELHI,RESERVE BANK OF INDIA,1081912,3867545,4949457
438,Aug'14,PANAJI,STATE BANK OF INDIA,112290,138611,250901
439,Aug'14,PATNA,RESERVE BANK OF INDIA,2906,101013,103919
440,Aug'14,PUNE,UNION BANK OF INDIA,141633,986177,1127810
441,Aug'14,RAIPUR,STATE BANK OF INDIA,195,69968,70163
442,Aug'14,RAJKOT,BANK OF BARODA,16755,23867,40622
443,Aug'14,RANCHI,STATE BANK OF INDIA,88,55558,55646
444,Aug'14,SHILLONG,STATE BANK OF INDIA,0,130,130
445,Aug'14,SHIMLA,STATE BANK OF INDIA,186810,27,186837
446,Aug'14,SOLAPUR,STATE BANK OF INDIA,525,56917,57442
447,Aug'14,SURAT,STATE BANK OF INDIA,6157,130674,136831
448,Aug'14,TRIVANDRUM,RESERVE BANK OF INDIA,10936,670890,681826
449,Aug'14,VADODARA,STATE BANK OF INDIA,8085,48707,56792
450,Aug'14,VARANASI,PUNJAB NATIONAL BANK,244,61090,61334
451,Sep'14,AGARTALA,STATE BANK OF INDIA,0,0,0
452,Sep'14,AMRITSAR,ORIENTAL BANK OF COMMERCE,0,0,0
453,Sep'14,ASANSOL,STATE BANK OF INDIA,0,0,0
454,Sep'14,BELGAUM,UNION BANK OF INDIA,0,0,0
455,Sep'14,BHILWARA,STATE BANK OF BIKANER AND JAIPUR,0,0,0
456,Sep'14,BIJAPUR,STATE BANK OF INDIA,0,0,0
457,Sep'14,BIKANER,STATE BANK OF BIKANER AND JAIPUR,0,0,0
458,Sep'14,BURDWAN,STATE BANK OF INDIA,0,0,0
459,Sep'14,COIMBATORE,BANK OF BARODA,0,0,0
460,Sep'14,CUTTACK,STATE BANK OF INDIA,0,0,0
461,Sep'14,DAVANGERE,STATE BANK OF MYSORE,0,0,0
462,Sep'14,DURGAPUR,STATE BANK OF INDIA,0,0,0
463,Sep'14,ERNAKULAM,STATE BANK OF TRAVANCORE,0,0,0
464,Sep'14,ERODE ,PUNJAB NATIONAL BANK,0,0,0
465,Sep'14,GADAG,STATE BANK OF INDIA,0,0,0
466,Sep'14,GANGTOK,STATE BANK OF INDIA,0,0,0
467,Sep'14,GULBARGA,STATE BANK OF HYDERABAD,0,0,0
468,Sep'14,HALDIA,UNITED BANK OF INDIA,0,0,0
469,Sep'14,HASSAN,STATE BANK OF MYSORE,0,0,0
470,Sep'14,HUBLI,STATE BANK OF INDIA,0,0,0
471,Sep'14,IMPHAL,STATE BANK OF INDIA,0,0,0
472,Sep'14,JALANDHAR,PUNJAB NATIONAL BANK,0,0,0
473,Sep'14,JODHPUR,STATE BANK OF INDIA,0,0,0
474,Sep'14,KAKINADA,STATE BANK OF INDIA,0,0,0
475,Sep'14,KOLHAPUR,PUNJAB NATIONAL BANK,0,0,0
476,Sep'14,KOTA,UNION BANK OF INDIA,0,0,0
477,Sep'14,KOZHIKODE,STATE BANK OF INDIA,0,0,0
478,Sep'14,LUDHIANA,PUNJAB NATIONAL BANK,0,0,0
479,Sep'14,MADURAI,CANARA BANK,0,0,0
480,Sep'14,MANDYA,STATE BANK OF MYSORE,0,0,0
481,Sep'14,MANGALORE,CORPORATION BANK,0,0,0
482,Sep'14,MYSORE,PUNJAB NATIONAL BANK,0,0,0
483,Sep'14,NELLORE,STATE BANK OF INDIA,0,0,0
484,Sep'14,PONDICHERRY,STATE BANK OF INDIA,0,0,0
485,Sep'14,RAICHUR,STATE BANK OF HYDERABAD,0,0,0
486,Sep'14,SALEM,UNION BANK OF INDIA,0,0,0
487,Sep'14,SHIMOGA,STATE BANK OF MYSORE,0,0,0
488,Sep'14,SILIGURI,STATE BANK OF INDIA,0,0,0
489,Sep'14,TIRUCHIRAPALLI,STATE BANK OF INDIA,0,0,0
490,Sep'14,TIRUNELVELI,STATE BANK OF INDIA,0,0,0
491,Sep'14,TIRUPATI,STATE BANK OF INDIA,0,0,0
492,Sep'14,TIRUPUR,STATE BANK OF INDIA,0,0,0
493,Sep'14,TRICHUR,STATE BANK OF INDIA,0,0,0
494,Sep'14,TUMKUR,STATE BANK OF MYSORE,0,0,0
495,Sep'14,UDAIPUR,PUNJAB NATIONAL BANK,0,0,0
496,Sep'14,UDUPI,STATE BANK OF INDIA,0,0,0
497,Sep'14,VISAKHAPATNAM,ANDHRA BANK,0,0,0
498,Sep'14,AGRA,PUNJAB NATIONAL BANK,272,60175,60447
499,Sep'14,AHMEDABAD,RESERVE BANK OF INDIA,135280,1400920,1536200
500,Sep'14,ALLAHABAD,PUNJAB NATIONAL BANK,11861,47826,59687
501,Sep'14,ANAND,UNION BANK OF INDIA,15,3127,3142
502,Sep'14,AURANGABAD,PUNJAB NATIONAL BANK,720,122203,122923
503,Sep'14,BANGALORE,RESERVE BANK OF INDIA,405538,1580473,1986011
504,Sep'14,BHAVNAGAR,BANK OF BARODA,17,3658,3675
505,Sep'14,BHOPAL,RESERVE BANK OF INDIA,2982,138083,141065
506,Sep'14,BHUBANESWAR,RESERVE BANK OF INDIA,2050005,185958,2235963
507,Sep'14,CHANDIGARH,RESERVE BANK OF INDIA,6223,623085,629308
508,Sep'14,CHENNAI,RESERVE BANK OF INDIA,2970723,1986624,4957347
509,Sep'14,DEHRADUN,STATE BANK OF INDIA,784,61022,61806
510,Sep'14,DHANBAD,STATE BANK OF INDIA,81,19982,20063
511,Sep'14,GORAKHPUR,PUNJAB NATIONAL BANK,151,29646,29797
512,Sep'14,GUWAHATI,RESERVE BANK OF INDIA,127589,95098,222687
513,Sep'14,GWALIOR,STATE BANK OF INDIA,109,28345,28454
514,Sep'14,HYDERABAD,RESERVE BANK OF INDIA,342774,1201419,1544193
515,Sep'14,INDORE,STATE BANK OF INDIA,991,198850,199841
516,Sep'14,JABALPUR,STATE BANK OF INDIA,157,49604,49761
517,Sep'14,JAIPUR,RESERVE BANK OF INDIA,42848,722921,765769
518,Sep'14,JAMMU,PUNJAB NATIONAL BANK,1097,36051,37148
519,Sep'14,JAMNAGAR,BANK OF BARODA,299,8785,9084
520,Sep'14,JAMSHEDPUR,UNION BANK OF INDIA,2686,69223,71909
521,Sep'14,KANPUR,RESERVE BANK OF INDIA,29835,128003,157838
522,Sep'14,KOLKATA CPC,RESERVE BANK OF INDIA,570831,1125267,1696098
523,Sep'14,LUCKNOW,PUNJAB NATIONAL BANK,3599,281286,284885
524,Sep'14,MUMBAI,RESERVE BANK OF INDIA,2791464,3503898,6295362
525,Sep'14,NAGPUR,RESERVE BANK OF INDIA,84109,285648,369757
526,Sep'14,NASIK,STATE BANK OF INDIA,9177,207033,216210
527,Sep'14,NEW DELHI,RESERVE BANK OF INDIA,933978,1956554,2890532
528,Sep'14,PANAJI,STATE BANK OF INDIA,220255,142910,363165
529,Sep'14,PATNA,RESERVE BANK OF INDIA,5023,100098,105121
530,Sep'14,PUNE,UNION BANK OF INDIA,79887,990910,1070797
531,Sep'14,RAIPUR,STATE BANK OF INDIA,262,70064,70326
532,Sep'14,RAJKOT,BANK OF BARODA,7966,27158,35124
533,Sep'14,RANCHI,STATE BANK OF INDIA,237,56058,56295
534,Sep'14,SHILLONG,STATE BANK OF INDIA,0,132,132
535,Sep'14,SHIMLA,STATE BANK OF INDIA,185983,28,186011
536,Sep'14,SOLAPUR,STATE BANK OF INDIA,539,56579,57118
537,Sep'14,SURAT,STATE BANK OF INDIA,9267,119327,128594
538,Sep'14,TRIVANDRUM,RESERVE BANK OF INDIA,12237,689164,701401
539,Sep'14,VADODARA,STATE BANK OF INDIA,6386,33026,39412
540,Sep'14,VARANASI,PUNJAB NATIONAL BANK,915,62709,63624
541,Oct'14,AGARTALA,STATE BANK OF INDIA,0,0,0
542,Oct'14,AMRITSAR,ORIENTAL BANK OF COMMERCE,0,0,0
543,Oct'14,ASANSOL,STATE BANK OF INDIA,0,0,0
544,Oct'14,BELGAUM,UNION BANK OF INDIA,0,0,0
545,Oct'14,BHILWARA,STATE BANK OF BIKANER AND JAIPUR,0,0,0
546,Oct'14,BIJAPUR,STATE BANK OF INDIA,0,0,0
547,Oct'14,BIKANER,STATE BANK OF BIKANER AND JAIPUR,0,0,0
548,Oct'14,BURDWAN,STATE BANK OF INDIA,0,0,0
549,Oct'14,COIMBATORE,BANK OF BARODA,0,0,0
550,Oct'14,CUTTACK,STATE BANK OF INDIA,0,0,0
551,Oct'14,DAVANGERE,STATE BANK OF MYSORE,0,0,0
552,Oct'14,DURGAPUR,STATE BANK OF INDIA,0,0,0
553,Oct'14,ERNAKULAM,STATE BANK OF TRAVANCORE,0,0,0
554,Oct'14,ERODE ,PUNJAB NATIONAL BANK,0,0,0
555,Oct'14,GADAG,STATE BANK OF INDIA,0,0,0
556,Oct'14,GANGTOK,STATE BANK OF INDIA,0,0,0
557,Oct'14,GULBARGA,STATE BANK OF HYDERABAD,0,0,0
558,Oct'14,HALDIA,UNITED BANK OF INDIA,0,0,0
559,Oct'14,HASSAN,STATE BANK OF MYSORE,0,0,0
560,Oct'14,HUBLI,STATE BANK OF INDIA,0,0,0
561,Oct'14,IMPHAL,STATE BANK OF INDIA,0,0,0
562,Oct'14,JALANDHAR,PUNJAB NATIONAL BANK,0,0,0
563,Oct'14,JODHPUR,STATE BANK OF INDIA,0,0,0
564,Oct'14,KAKINADA,STATE BANK OF INDIA,0,0,0
565,Oct'14,KOLHAPUR,PUNJAB NATIONAL BANK,0,0,0
566,Oct'14,KOTA,UNION BANK OF INDIA,0,0,0
567,Oct'14,KOZHIKODE,STATE BANK OF INDIA,0,0,0
568,Oct'14,LUDHIANA,PUNJAB NATIONAL BANK,0,0,0
569,Oct'14,MADURAI,CANARA BANK,0,0,0
570,Oct'14,MANDYA,STATE BANK OF MYSORE,0,0,0
571,Oct'14,MANGALORE,CORPORATION BANK,0,0,0
572,Oct'14,MYSORE,PUNJAB NATIONAL BANK,0,0,0
573,Oct'14,NELLORE,STATE BANK OF INDIA,0,0,0
574,Oct'14,PONDICHERRY,STATE BANK OF INDIA,0,0,0
575,Oct'14,RAICHUR,STATE BANK OF HYDERABAD,0,0,0
576,Oct'14,SALEM,UNION BANK OF INDIA,0,0,0
577,Oct'14,SHIMOGA,STATE BANK OF MYSORE,0,0,0
578,Oct'14,SILIGURI,STATE BANK OF INDIA,0,0,0
579,Oct'14,TIRUCHIRAPALLI,STATE BANK OF INDIA,0,0,0
580,Oct'14,TIRUNELVELI,STATE BANK OF INDIA,0,0,0
581,Oct'14,TIRUPATI,STATE BANK OF INDIA,0,0,0
582,Oct'14,TIRUPUR,STATE BANK OF INDIA,0,0,0
583,Oct'14,TRICHUR,STATE BANK OF INDIA,0,0,0
584,Oct'14,TUMKUR,STATE BANK OF MYSORE,0,0,0
585,Oct'14,UDAIPUR,PUNJAB NATIONAL BANK,0,0,0
586,Oct'14,UDUPI,STATE BANK OF INDIA,0,0,0
587,Oct'14,VADODARA,STATE BANK OF INDIA,0,0,0
588,Oct'14,VISAKHAPATNAM,ANDHRA BANK,0,0,0
589,Oct'14,AGRA,PUNJAB NATIONAL BANK,749,601440,602189
590,Oct'14,AHMEDABAD,RESERVE BANK OF INDIA,196059,1495334,1691393
591,Oct'14,ALLAHABAD,PUNJAB NATIONAL BANK,21061,48701,69762
592,Oct'14,ANAND,UNION BANK OF INDIA,2,3270,3272
593,Oct'14,AURANGABAD,PUNJAB NATIONAL BANK,790,122662,123452
594,Oct'14,BANGALORE,RESERVE BANK OF INDIA,455651,1607589,2063240
595,Oct'14,BHAVNAGAR,BANK OF BARODA,1,3499,3500
596,Oct'14,BHOPAL,RESERVE BANK OF INDIA,2199,140012,142211
597,Oct'14,BHUBANESWAR,RESERVE BANK OF INDIA,823746,184774,1008520
598,Oct'14,CHANDIGARH,RESERVE BANK OF INDIA,6838,639723,646561
599,Oct'14,CHENNAI,RESERVE BANK OF INDIA,4400121,2024162,6424283
600,Oct'14,DEHRADUN,STATE BANK OF INDIA,696,61655,62351
601,Oct'14,DHANBAD,STATE BANK OF INDIA,100,19978,20078
602,Oct'14,GORAKHPUR,PUNJAB NATIONAL BANK,212,53764,53976
603,Oct'14,GUWAHATI,RESERVE BANK OF INDIA,114314,98872,213186
604,Oct'14,GWALIOR,STATE BANK OF INDIA,253,28106,28359
605,Oct'14,HYDERABAD,RESERVE BANK OF INDIA,34077,1223307,1257384
606,Oct'14,INDORE,STATE BANK OF INDIA,1277,202531,203808
607,Oct'14,JABALPUR,STATE BANK OF INDIA,236,49123,49359
608,Oct'14,JAIPUR,RESERVE BANK OF INDIA,35612,741795,777407
609,Oct'14,JAMMU,PUNJAB NATIONAL BANK,1114,41809,42923
610,Oct'14,JAMNAGAR,BANK OF BARODA,252,9241,9493
611,Oct'14,JAMSHEDPUR,UNION BANK OF INDIA,2625,68236,70861
612,Oct'14,KANPUR,RESERVE BANK OF INDIA,28161,128542,156703
613,Oct'14,KOLKATA CPC,RESERVE BANK OF INDIA,312411,1153868,1466279
614,Oct'14,LUCKNOW,PUNJAB NATIONAL BANK,3765,284354,288119
615,Oct'14,MUMBAI,RESERVE BANK OF INDIA,1982312,3535936,5518248
616,Oct'14,NAGPUR,RESERVE BANK OF INDIA,23266,289143,312409
617,Oct'14,NASIK,STATE BANK OF INDIA,8294,194039,202333
618,Oct'14,NEW DELHI,RESERVE BANK OF INDIA,998856,1986774,2985630
619,Oct'14,PANAJI,STATE BANK OF INDIA,207422,140405,347827
620,Oct'14,PATNA,RESERVE BANK OF INDIA,3325,103814,107139
621,Oct'14,PUNE,UNION BANK OF INDIA,87602,992256,1079858
622,Oct'14,RAIPUR,STATE BANK OF INDIA,293,71090,71383
623,Oct'14,RAJKOT,BANK OF BARODA,31866,17102,48968
624,Oct'14,RANCHI,STATE BANK OF INDIA,267,56519,56786
625,Oct'14,SHILLONG,STATE BANK OF INDIA,0,131,131
626,Oct'14,SHIMLA,STATE BANK OF INDIA,187027,28,187055
627,Oct'14,SOLAPUR,STATE BANK OF INDIA,734,57547,58281
628,Oct'14,SURAT,STATE BANK OF INDIA,14632,130021,144653
629,Oct'14,TRIVANDRUM,RESERVE BANK OF INDIA,13644,710334,723978
630,Oct'14,VARANASI,PUNJAB NATIONAL BANK,747,62805,63552
631,Nov'14,AGARTALA,STATE BANK OF INDIA,0,0,0
632,Nov'14,AMRITSAR,ORIENTAL BANK OF COMMERCE,0,0,0
633,Nov'14,ASANSOL,STATE BANK OF INDIA,0,0,0
634,Nov'14,BELGAUM,UNION BANK OF INDIA,0,0,0
635,Nov'14,BHILWARA,STATE BANK OF BIKANER AND JAIPUR,0,0,0
636,Nov'14,BIJAPUR,STATE BANK OF INDIA,0,0,0
637,Nov'14,BIKANER,STATE BANK OF BIKANER AND JAIPUR,0,0,0
638,Nov'14,BURDWAN,STATE BANK OF INDIA,0,0,0
639,Nov'14,COIMBATORE,BANK OF BARODA,0,0,0
640,Nov'14,CUTTACK,STATE BANK OF INDIA,0,0,0
641,Nov'14,DAVANGERE,STATE BANK OF MYSORE,0,0,0
642,Nov'14,DURGAPUR,STATE BANK OF INDIA,0,0,0
643,Nov'14,ERNAKULAM,STATE BANK OF TRAVANCORE,0,0,0
644,Nov'14,ERODE ,PUNJAB NATIONAL BANK,0,0,0
645,Nov'14,GADAG,STATE BANK OF INDIA,0,0,0
646,Nov'14,GANGTOK,STATE BANK OF INDIA,0,0,0
647,Nov'14,GULBARGA,STATE BANK OF HYDERABAD,0,0,0
648,Nov'14,HALDIA,UNITED BANK OF INDIA,0,0,0
649,Nov'14,HASSAN,STATE BANK OF MYSORE,0,0,0
650,Nov'14,HUBLI,STATE BANK OF INDIA,0,0,0
651,Nov'14,IMPHAL,STATE BANK OF INDIA,0,0,0
652,Nov'14,JALANDHAR,PUNJAB NATIONAL BANK,0,0,0
653,Nov'14,JODHPUR,STATE BANK OF INDIA,0,0,0
654,Nov'14,KAKINADA,STATE BANK OF INDIA,0,0,0
655,Nov'14,KOLHAPUR,PUNJAB NATIONAL BANK,0,0,0
656,Nov'14,KOTA,UNION BANK OF INDIA,0,0,0
657,Nov'14,KOZHIKODE,STATE BANK OF INDIA,0,0,0
658,Nov'14,LUDHIANA,PUNJAB NATIONAL BANK,0,0,0
659,Nov'14,MADURAI,CANARA BANK,0,0,0
660,Nov'14,MANDYA,STATE BANK OF MYSORE,0,0,0
661,Nov'14,MANGALORE,CORPORATION BANK,0,0,0
662,Nov'14,MYSORE,PUNJAB NATIONAL BANK,0,0,0
663,Nov'14,NELLORE,STATE BANK OF INDIA,0,0,0
664,Nov'14,PONDICHERRY,STATE BANK OF INDIA,0,0,0
665,Nov'14,RAICHUR,STATE BANK OF HYDERABAD,0,0,0
666,Nov'14,SALEM,UNION BANK OF INDIA,0,0,0
667,Nov'14,SHIMOGA,STATE BANK OF MYSORE,0,0,0
668,Nov'14,SILIGURI,STATE BANK OF INDIA,0,0,0
669,Nov'14,TIRUCHIRAPALLI,STATE BANK OF INDIA,0,0,0
670,Nov'14,TIRUNELVELI,STATE BANK OF INDIA,0,0,0
671,Nov'14,TIRUPATI,STATE BANK OF INDIA,0,0,0
672,Nov'14,TIRUPUR,STATE BANK OF INDIA,0,0,0
673,Nov'14,TRICHUR,STATE BANK OF INDIA,0,0,0
674,Nov'14,TUMKUR,STATE BANK OF MYSORE,0,0,0
675,Nov'14,UDAIPUR,PUNJAB NATIONAL BANK,0,0,0
676,Nov'14,UDUPI,STATE BANK OF INDIA,0,0,0
677,Nov'14,VADODARA,STATE BANK OF INDIA,0,0,0
678,Nov'14,VISAKHAPATNAM,ANDHRA BANK,0,0,0
679,Nov'14,AGRA,PUNJAB NATIONAL BANK,460,60066,60526
680,Nov'14,AHMEDABAD,RESERVE BANK OF INDIA,58614,1439348,1497962
681,Nov'14,ALLAHABAD,PUNJAB NATIONAL BANK,2465,48193,50658
682,Nov'14,ANAND,UNION BANK OF INDIA,0,2038,2038
683,Nov'14,AURANGABAD,PUNJAB NATIONAL BANK,586,122856,123442
684,Nov'14,BANGALORE,RESERVE BANK OF INDIA,400108,1598911,1999019
685,Nov'14,BHAVNAGAR,BANK OF BARODA,11,3768,3779
686,Nov'14,BHOPAL,RESERVE BANK OF INDIA,1102,139209,140311
687,Nov'14,BHUBANESWAR,RESERVE BANK OF INDIA,1270431,185816,1456247
688,Nov'14,CHANDIGARH,RESERVE BANK OF INDIA,4332,644986,649318
689,Nov'14,CHENNAI,RESERVE BANK OF INDIA,3127937,2045169,5173106
690,Nov'14,DEHRADUN,STATE BANK OF INDIA,593,61640,62233
691,Nov'14,DHANBAD,STATE BANK OF INDIA,57,20647,20704
692,Nov'14,GORAKHPUR,PUNJAB NATIONAL BANK,189,54142,54331
693,Nov'14,GUWAHATI,RESERVE BANK OF INDIA,60019,99159,159178
694,Nov'14,GWALIOR,STATE BANK OF INDIA,212,29455,29667
695,Nov'14,HYDERABAD,RESERVE BANK OF INDIA,181246,1226136,1407382
696,Nov'14,INDORE,STATE BANK OF INDIA,595,199756,200351
697,Nov'14,JABALPUR,STATE BANK OF INDIA,132,49352,49484
698,Nov'14,JAIPUR,RESERVE BANK OF INDIA,25372,749416,774788
699,Nov'14,JAMMU,PUNJAB NATIONAL BANK,913,34536,35449
700,Nov'14,JAMNAGAR,BANK OF BARODA,318,18568,18886
701,Nov'14,JAMSHEDPUR,UNION BANK OF INDIA,2400,68726,71126
702,Nov'14,KANPUR,RESERVE BANK OF INDIA,30614,128486,159100
703,Nov'14,KOLKATA CPC,RESERVE BANK OF INDIA,323234,1129244,1452478
704,Nov'14,LUCKNOW,PUNJAB NATIONAL BANK,2731,282218,284949
705,Nov'14,MUMBAI,RESERVE BANK OF INDIA,1893850,3424740,5318590
706,Nov'14,NAGPUR,RESERVE BANK OF INDIA,70587,287577,358164
707,Nov'14,NASIK,STATE BANK OF INDIA,50154,193461,243615
708,Nov'14,NEW DELHI,RESERVE BANK OF INDIA,530000,1949488,2479488
709,Nov'14,PANAJI,STATE BANK OF INDIA,228767,140746,369513
710,Nov'14,PATNA,RESERVE BANK OF INDIA,2578,77002,79580
711,Nov'14,PUNE,UNION BANK OF INDIA,59867,982582,1042449
712,Nov'14,RAIPUR,STATE BANK OF INDIA,257,71587,71844
713,Nov'14,RAJKOT,BANK OF BARODA,9448,28638,38086
714,Nov'14,RANCHI,STATE BANK OF INDIA,144,56945,57089
715,Nov'14,SHILLONG,STATE BANK OF INDIA,0,145,145
716,Nov'14,SHIMLA,STATE BANK OF INDIA,189146,29,189175
717,Nov'14,SOLAPUR,STATE BANK OF INDIA,59,57885,57944
718,Nov'14,SURAT,STATE BANK OF INDIA,4018,129106,133124
719,Nov'14,TRIVANDRUM,RESERVE BANK OF INDIA,11046,712913,723959
720,Nov'14,VARANASI,PUNJAB NATIONAL BANK,357,62855,63212
721,Dec'14,AGARTALA,STATE BANK OF INDIA,0,0,0
722,Dec'14,AMRITSAR,ORIENTAL BANK OF COMMERCE,0,0,0
723,Dec'14,ANAND,UNION BANK OF INDIA,0,0,0
724,Dec'14,ASANSOL,STATE BANK OF INDIA,0,0,0
725,Dec'14,BELGAUM,UNION BANK OF INDIA,0,0,0
726,Dec'14,BHILWARA,STATE BANK OF BIKANER AND JAIPUR,0,0,0
727,Dec'14,BIJAPUR,STATE BANK OF INDIA,0,0,0
728,Dec'14,BIKANER,STATE BANK OF BIKANER AND JAIPUR,0,0,0
729,Dec'14,BURDWAN,STATE BANK OF INDIA,0,0,0
730,Dec'14,COIMBATORE,BANK OF BARODA,0,0,0
731,Dec'14,CUTTACK,STATE BANK OF INDIA,0,0,0
732,Dec'14,DAVANGERE,STATE BANK OF MYSORE,0,0,0
733,Dec'14,DURGAPUR,STATE BANK OF INDIA,0,0,0
734,Dec'14,ERNAKULAM,STATE BANK OF TRAVANCORE,0,0,0
735,Dec'14,ERODE ,PUNJAB NATIONAL BANK,0,0,0
736,Dec'14,GADAG,STATE BANK OF INDIA,0,0,0
737,Dec'14,GANGTOK,STATE BANK OF INDIA,0,0,0
738,Dec'14,GULBARGA,STATE BANK OF HYDERABAD,0,0,0
739,Dec'14,HALDIA,UNITED BANK OF INDIA,0,0,0
740,Dec'14,HASSAN,STATE BANK OF MYSORE,0,0,0
741,Dec'14,HUBLI,STATE BANK OF INDIA,0,0,0
742,Dec'14,IMPHAL,STATE BANK OF INDIA,0,0,0
743,Dec'14,JALANDHAR,PUNJAB NATIONAL BANK,0,0,0
744,Dec'14,JODHPUR,STATE BANK OF INDIA,0,0,0
745,Dec'14,KAKINADA,STATE BANK OF INDIA,0,0,0
746,Dec'14,KOLHAPUR,PUNJAB NATIONAL BANK,0,0,0
747,Dec'14,KOTA,UNION BANK OF INDIA,0,0,0
748,Dec'14,KOZHIKODE,STATE BANK OF INDIA,0,0,0
749,Dec'14,LUDHIANA,PUNJAB NATIONAL BANK,0,0,0
750,Dec'14,MADURAI,CANARA BANK,0,0,0
751,Dec'14,MANDYA,STATE BANK OF MYSORE,0,0,0
752,Dec'14,MANGALORE,CORPORATION BANK,0,0,0
753,Dec'14,MYSORE,PUNJAB NATIONAL BANK,0,0,0
754,Dec'14,NELLORE,STATE BANK OF INDIA,0,0,0
755,Dec'14,PONDICHERRY,STATE BANK OF INDIA,0,0,0
756,Dec'14,RAICHUR,STATE BANK OF HYDERABAD,0,0,0
757,Dec'14,SALEM,UNION BANK OF INDIA,0,0,0
758,Dec'14,SHIMOGA,STATE BANK OF MYSORE,0,0,0
759,Dec'14,SILIGURI,STATE BANK OF INDIA,0,0,0
760,Dec'14,TIRUCHIRAPALLI,STATE BANK OF INDIA,0,0,0
761,Dec'14,TIRUNELVELI,STATE BANK OF INDIA,0,0,0
762,Dec'14,TIRUPATI,STATE BANK OF INDIA,0,0,0
763,Dec'14,TIRUPUR,STATE BANK OF INDIA,0,0,0
764,Dec'14,TRICHUR,STATE BANK OF INDIA,0,0,0
765,Dec'14,TUMKUR,STATE BANK OF MYSORE,0,0,0
766,Dec'14,UDAIPUR,PUNJAB NATIONAL BANK,0,0,0
767,Dec'14,UDUPI,STATE BANK OF INDIA,0,0,0
768,Dec'14,VADODARA,STATE BANK OF INDIA,0,0,0
769,Dec'14,VISAKHAPATNAM,ANDHRA BANK,0,0,0
770,Dec'14,AGRA,PUNJAB NATIONAL BANK,469,62376,62845
771,Dec'14,AHMEDABAD,RESERVE BANK OF INDIA,110527,1526643,1637170
772,Dec'14,ALLAHABAD,PUNJAB NATIONAL BANK,19908,49895,69803
773,Dec'14,AURANGABAD,PUNJAB NATIONAL BANK,930,123842,124772
774,Dec'14,BANGALORE,RESERVE BANK OF INDIA,445125,1653247,2098372
775,Dec'14,BHAVNAGAR,BANK OF BARODA,1,1081,1082
776,Dec'14,BHOPAL,RESERVE BANK OF INDIA,3592,141713,145305
777,Dec'14,BHUBANESWAR,RESERVE BANK OF INDIA,2744147,196262,2940409
778,Dec'14,CHANDIGARH,RESERVE BANK OF INDIA,5891,681481,687372
779,Dec'14,CHENNAI,RESERVE BANK OF INDIA,3109260,2105252,5214512
780,Dec'14,DEHRADUN,STATE BANK OF INDIA,484,63020,63504
781,Dec'14,DHANBAD,STATE BANK OF INDIA,52,21213,21265
782,Dec'14,GORAKHPUR,PUNJAB NATIONAL BANK,189,53149,53338
783,Dec'14,GUWAHATI,RESERVE BANK OF INDIA,166882,102738,269620
784,Dec'14,GWALIOR,STATE BANK OF INDIA,212,30393,30605
785,Dec'14,HYDERABAD,RESERVE BANK OF INDIA,181458,1259379,1440837
786,Dec'14,INDORE,STATE BANK OF INDIA,675,193798,194473
787,Dec'14,JABALPUR,STATE BANK OF INDIA,124,51162,51286
788,Dec'14,JAIPUR,RESERVE BANK OF INDIA,27579,775119,802698
789,Dec'14,JAMMU,PUNJAB NATIONAL BANK,1537,38203,39740
790,Dec'14,JAMNAGAR,BANK OF BARODA,23,9566,9589
791,Dec'14,JAMSHEDPUR,UNION BANK OF INDIA,2460,71250,73710
792,Dec'14,KANPUR,RESERVE BANK OF INDIA,30110,131150,161260
793,Dec'14,KOLKATA CPC,RESERVE BANK OF INDIA,344322,1179248,1523570
794,Dec'14,LUCKNOW,PUNJAB NATIONAL BANK,2888,288864,291752
795,Dec'14,MUMBAI,RESERVE BANK OF INDIA,1689555,3643917,5333472
796,Dec'14,NAGPUR,RESERVE BANK OF INDIA,121033,293354,414387
797,Dec'14,NASIK,STATE BANK OF INDIA,7781,199279,207060
798,Dec'14,NEW DELHI,RESERVE BANK OF INDIA,549843,2006211,2556054
799,Dec'14,PANAJI,STATE BANK OF INDIA,224955,145560,370515
800,Dec'14,PATNA,RESERVE BANK OF INDIA,5747,108420,114167
801,Dec'14,PUNE,UNION BANK OF INDIA,73729,1018717,1092446
802,Dec'14,RAIPUR,STATE BANK OF INDIA,205,73339,73544
803,Dec'14,RAJKOT,BANK OF BARODA,18893,29545,48438
804,Dec'14,RANCHI,STATE BANK OF INDIA,163,58389,58552
805,Dec'14,SHILLONG,STATE BANK OF INDIA,0,137,137
806,Dec'14,SHIMLA,STATE BANK OF INDIA,190374,26,190400
807,Dec'14,SOLAPUR,STATE BANK OF INDIA,554,58268,58822
808,Dec'14,SURAT,STATE BANK OF INDIA,5438,100129,105567
809,Dec'14,TRIVANDRUM,RESERVE BANK OF INDIA,12804,742604,755408
810,Dec'14,VARANASI,PUNJAB NATIONAL BANK,731,64587,65318
811,Jan'15,AGARTALA,STATE BANK OF INDIA,0,0,0
812,Jan'15,AMRITSAR,ORIENTAL BANK OF COMMERCE,0,0,0
813,Jan'15,ANAND,UNION BANK OF INDIA,0,0,0
814,Jan'15,ASANSOL,STATE BANK OF INDIA,0,0,0
815,Jan'15,BELGAUM,UNION BANK OF INDIA,0,0,0
816,Jan'15,BHAVNAGAR,BANK OF BARODA,0,0,0
817,Jan'15,BHILWARA,STATE BANK OF BIKANER AND JAIPUR,0,0,0
818,Jan'15,BIJAPUR,STATE BANK OF INDIA,0,0,0
819,Jan'15,BIKANER,STATE BANK OF BIKANER AND JAIPUR,0,0,0
820,Jan'15,BURDWAN,STATE BANK OF INDIA,0,0,0
821,Jan'15,COIMBATORE,BANK OF BARODA,0,0,0
822,Jan'15,CUTTACK,STATE BANK OF INDIA,0,0,0
823,Jan'15,DAVANGERE,STATE BANK OF MYSORE,0,0,0
824,Jan'15,DURGAPUR,STATE BANK OF INDIA,0,0,0
825,Jan'15,ERNAKULAM,STATE BANK OF TRAVANCORE,0,0,0
826,Jan'15,ERODE ,PUNJAB NATIONAL BANK,0,0,0
827,Jan'15,GADAG,STATE BANK OF INDIA,0,0,0
828,Jan'15,GANGTOK,STATE BANK OF INDIA,0,0,0
829,Jan'15,GULBARGA,STATE BANK OF HYDERABAD,0,0,0
830,Jan'15,HALDIA,UNITED BANK OF INDIA,0,0,0
831,Jan'15,HASSAN,STATE BANK OF MYSORE,0,0,0
832,Jan'15,HUBLI,STATE BANK OF INDIA,0,0,0
833,Jan'15,IMPHAL,STATE BANK OF INDIA,0,0,0
834,Jan'15,JALANDHAR,PUNJAB NATIONAL BANK,0,0,0
835,Jan'15,JODHPUR,STATE BANK OF INDIA,0,0,0
836,Jan'15,KAKINADA,STATE BANK OF INDIA,0,0,0
837,Jan'15,KOLHAPUR,PUNJAB NATIONAL BANK,0,0,0
838,Jan'15,KOTA,UNION BANK OF INDIA,0,0,0
839,Jan'15,KOZHIKODE,STATE BANK OF INDIA,0,0,0
840,Jan'15,LUDHIANA,PUNJAB NATIONAL BANK,0,0,0
841,Jan'15,MADURAI,CANARA BANK,0,0,0
842,Jan'15,MANDYA,STATE BANK OF MYSORE,0,0,0
843,Jan'15,MANGALORE,CORPORATION BANK,0,0,0
844,Jan'15,MYSORE,PUNJAB NATIONAL BANK,0,0,0
845,Jan'15,NELLORE,STATE BANK OF INDIA,0,0,0
846,Jan'15,PONDICHERRY,STATE BANK OF INDIA,0,0,0
847,Jan'15,RAICHUR,STATE BANK OF HYDERABAD,0,0,0
848,Jan'15,SALEM,UNION BANK OF INDIA,0,0,0
849,Jan'15,SHILLONG,STATE BANK OF INDIA,0,0,0
850,Jan'15,SHIMOGA,STATE BANK OF MYSORE,0,0,0
851,Jan'15,SILIGURI,STATE BANK OF INDIA,0,0,0
852,Jan'15,TIRUCHIRAPALLI,STATE BANK OF INDIA,0,0,0
853,Jan'15,TIRUNELVELI,STATE BANK OF INDIA,0,0,0
854,Jan'15,TIRUPATI,STATE BANK OF INDIA,0,0,0
855,Jan'15,TIRUPUR,STATE BANK OF INDIA,0,0,0
856,Jan'15,TRICHUR,STATE BANK OF INDIA,0,0,0
857,Jan'15,TUMKUR,STATE BANK OF MYSORE,0,0,0
858,Jan'15,UDAIPUR,PUNJAB NATIONAL BANK,0,0,0
859,Jan'15,UDUPI,STATE BANK OF INDIA,0,0,0
860,Jan'15,VADODARA,STATE BANK OF INDIA,0,0,0
861,Jan'15,VISAKHAPATNAM,ANDHRA BANK,0,0,0
862,Jan'15,AGRA,PUNJAB NATIONAL BANK,610,62267,62877
863,Jan'15,AHMEDABAD,RESERVE BANK OF INDIA,148677,1558642,1707319
864,Jan'15,ALLAHABAD,PUNJAB NATIONAL BANK,11354,50340,61694
865,Jan'15,AURANGABAD,PUNJAB NATIONAL BANK,727,127708,128435
866,Jan'15,BANGALORE,RESERVE BANK OF INDIA,408902,1660486,2069388
867,Jan'15,BHOPAL,RESERVE BANK OF INDIA,1846,142656,144502
868,Jan'15,BHUBANESWAR,RESERVE BANK OF INDIA,1616689,205580,1822269
869,Jan'15,CHANDIGARH,RESERVE BANK OF INDIA,5344,701576,706920
870,Jan'15,CHENNAI,RESERVE BANK OF INDIA,4042654,2122210,6164864
871,Jan'15,DEHRADUN,STATE BANK OF INDIA,765,63282,64047
872,Jan'15,DHANBAD,STATE BANK OF INDIA,74,21901,21975
873,Jan'15,GORAKHPUR,PUNJAB NATIONAL BANK,230,54918,55148
874,Jan'15,GUWAHATI,RESERVE BANK OF INDIA,115936,112123,228059
875,Jan'15,GWALIOR,STATE BANK OF INDIA,240,30594,30834
876,Jan'15,HYDERABAD,RESERVE BANK OF INDIA,183169,1292813,1475982
877,Jan'15,INDORE,STATE BANK OF INDIA,864,206853,207717
878,Jan'15,JABALPUR,STATE BANK OF INDIA,163,52450,52613
879,Jan'15,JAIPUR,RESERVE BANK OF INDIA,21439,804584,826023
880,Jan'15,JAMMU,PUNJAB NATIONAL BANK,861,39374,40235
881,Jan'15,JAMNAGAR,BANK OF BARODA,151,9750,9901
882,Jan'15,JAMSHEDPUR,UNION BANK OF INDIA,2309,72623,74932
883,Jan'15,KANPUR,RESERVE BANK OF INDIA,25455,131947,157402
884,Jan'15,KOLKATA CPC,RESERVE BANK OF INDIA,326178,1185936,1512114
885,Jan'15,LUCKNOW,PUNJAB NATIONAL BANK,2958,290209,293167
886,Jan'15,MUMBAI,RESERVE BANK OF INDIA,1413152,3576932,4990084
887,Jan'15,NAGPUR,RESERVE BANK OF INDIA,26293,294760,321053
888,Jan'15,NASIK,STATE BANK OF INDIA,8703,199849,208552
889,Jan'15,NEW DELHI,RESERVE BANK OF INDIA,746401,2009815,2756216
890,Jan'15,PANAJI,STATE BANK OF INDIA,211419,145077,356496
891,Jan'15,PATNA,RESERVE BANK OF INDIA,3753,103165,106918
892,Jan'15,PUNE,UNION BANK OF INDIA,91576,1015760,1107336
893,Jan'15,RAIPUR,STATE BANK OF INDIA,235,75492,75727
894,Jan'15,RAJKOT,BANK OF BARODA,7483,27288,34771
895,Jan'15,RANCHI,STATE BANK OF INDIA,215,59170,59385
896,Jan'15,SHIMLA,STATE BANK OF INDIA,191394,26,191420
897,Jan'15,SOLAPUR,STATE BANK OF INDIA,577,59272,59849
898,Jan'15,SURAT,STATE BANK OF INDIA,15131,104759,119890
899,Jan'15,TRIVANDRUM,RESERVE BANK OF INDIA,12010,759079,771089
900,Jan'15,VARANASI,PUNJAB NATIONAL BANK,496,55872,56368
901,Feb'15,AGARTALA,STATE BANK OF INDIA,0,0,0
902,Feb'15,AMRITSAR,ORIENTAL BANK OF COMMERCE,0,0,0
903,Feb'15,ANAND,UNION BANK OF INDIA,0,0,0
904,Feb'15,ASANSOL,STATE BANK OF INDIA,0,0,0
905,Feb'15,BELGAUM,UNION BANK OF INDIA,0,0,0
906,Feb'15,BHAVNAGAR,BANK OF BARODA,0,0,0
907,Feb'15,BHILWARA,STATE BANK OF BIKANER AND JAIPUR,0,0,0
908,Feb'15,BIJAPUR,STATE BANK OF INDIA,0,0,0
909,Feb'15,BIKANER,STATE BANK OF BIKANER AND JAIPUR,0,0,0
910,Feb'15,BURDWAN,STATE BANK OF INDIA,0,0,0
911,Feb'15,COIMBATORE,BANK OF BARODA,0,0,0
912,Feb'15,CUTTACK,STATE BANK OF INDIA,0,0,0
913,Feb'15,DAVANGERE,STATE BANK OF MYSORE,0,0,0
914,Feb'15,DURGAPUR,STATE BANK OF INDIA,0,0,0
915,Feb'15,ERNAKULAM,STATE BANK OF TRAVANCORE,0,0,0
916,Feb'15,ERODE ,PUNJAB NATIONAL BANK,0,0,0
917,Feb'15,GADAG,STATE BANK OF INDIA,0,0,0
918,Feb'15,GANGTOK,STATE BANK OF INDIA,0,0,0
919,Feb'15,GULBARGA,STATE BANK OF HYDERABAD,0,0,0
920,Feb'15,HALDIA,UNITED BANK OF INDIA,0,0,0
921,Feb'15,HASSAN,STATE BANK OF MYSORE,0,0,0
922,Feb'15,HUBLI,STATE BANK OF INDIA,0,0,0
923,Feb'15,IMPHAL,STATE BANK OF INDIA,0,0,0
924,Feb'15,JALANDHAR,PUNJAB NATIONAL BANK,0,0,0
925,Feb'15,JODHPUR,STATE BANK OF INDIA,0,0,0
926,Feb'15,KAKINADA,STATE BANK OF INDIA,0,0,0
927,Feb'15,KOLHAPUR,PUNJAB NATIONAL BANK,0,0,0
928,Feb'15,KOTA,UNION BANK OF INDIA,0,0,0
929,Feb'15,KOZHIKODE,STATE BANK OF INDIA,0,0,0
930,Feb'15,LUDHIANA,PUNJAB NATIONAL BANK,0,0,0
931,Feb'15,MADURAI,CANARA BANK,0,0,0
932,Feb'15,MANDYA,STATE BANK OF MYSORE,0,0,0
933,Feb'15,MANGALORE,CORPORATION BANK,0,0,0
934,Feb'15,MYSORE,PUNJAB NATIONAL BANK,0,0,0
935,Feb'15,NELLORE,STATE BANK OF INDIA,0,0,0
936,Feb'15,PONDICHERRY,STATE BANK OF INDIA,0,0,0
937,Feb'15,RAICHUR,STATE BANK OF HYDERABAD,0,0,0
938,Feb'15,RAJKOT,BANK OF BARODA,0,0,0
939,Feb'15,SALEM,UNION BANK OF INDIA,0,0,0
940,Feb'15,SHILLONG,STATE BANK OF INDIA,0,0,0
941,Feb'15,SHIMOGA,STATE BANK OF MYSORE,0,0,0
942,Feb'15,SILIGURI,STATE BANK OF INDIA,0,0,0
943,Feb'15,TIRUCHIRAPALLI,STATE BANK OF INDIA,0,0,0
944,Feb'15,TIRUNELVELI,STATE BANK OF INDIA,0,0,0
945,Feb'15,TIRUPATI,STATE BANK OF INDIA,0,0,0
946,Feb'15,TIRUPUR,STATE BANK OF INDIA,0,0,0
947,Feb'15,TRICHUR,STATE BANK OF INDIA,0,0,0
948,Feb'15,TUMKUR,STATE BANK OF MYSORE,0,0,0
949,Feb'15,UDAIPUR,PUNJAB NATIONAL BANK,0,0,0
950,Feb'15,UDUPI,STATE BANK OF INDIA,0,0,0
951,Feb'15,VADODARA,STATE BANK OF INDIA,0,0,0
952,Feb'15,VISAKHAPATNAM,ANDHRA BANK,0,0,0
953,Feb'15,DHANBAD,STATE BANK OF INDIA,26,21174,21200
954,Feb'15,GWALIOR,STATE BANK OF INDIA,335,30867,31202
955,Feb'15,GORAKHPUR,PUNJAB NATIONAL BANK,210,49799,50009
956,Feb'15,JAMNAGAR,BANK OF BARODA,40,6667,6707
957,Feb'15,VARANASI,PUNJAB NATIONAL BANK,496,55872,56368
958,Feb'15,AGRA,PUNJAB NATIONAL BANK,488,57145,57633
959,Feb'15,SOLAPUR,STATE BANK OF INDIA,642,59329,59971
960,Feb'15,JABALPUR,STATE BANK OF INDIA,160,53318,53478
961,Feb'15,AURANGABAD,PUNJAB NATIONAL BANK,1063,112713,113776
962,Feb'15,INDORE,STATE BANK OF INDIA,718,207705,208423
963,Feb'15,DEHRADUN,STATE BANK OF INDIA,765,63282,64047
964,Feb'15,RANCHI,STATE BANK OF INDIA,172,50657,50829
965,Feb'15,RAIPUR,STATE BANK OF INDIA,171,76015,76186
966,Feb'15,JAMSHEDPUR,UNION BANK OF INDIA,2282,64992,67274
967,Feb'15,JAMMU,PUNJAB NATIONAL BANK,852,39611,40463
968,Feb'15,BHOPAL,RESERVE BANK OF INDIA,1650,142050,143700
969,Feb'15,LUCKNOW,PUNJAB NATIONAL BANK,3166,222298,225464
970,Feb'15,CHANDIGARH,RESERVE BANK OF INDIA,4262,637414,641676
971,Feb'15,PATNA,RESERVE BANK OF INDIA,3613,85373,88986
972,Feb'15,NASIK,STATE BANK OF INDIA,8494,172658,181152
973,Feb'15,ALLAHABAD,PUNJAB NATIONAL BANK,2798,39628,42426
974,Feb'15,SURAT,STATE BANK OF INDIA,4941,97805,102746
975,Feb'15,TRIVANDRUM,RESERVE BANK OF INDIA,11609,695485,707094
976,Feb'15,KANPUR,RESERVE BANK OF INDIA,21721,132222,153943
977,Feb'15,JAIPUR,RESERVE BANK OF INDIA,20021,814755,834776
978,Feb'15,PUNE,UNION BANK OF INDIA,72797,1014563,1087360
979,Feb'15,NAGPUR,RESERVE BANK OF INDIA,72980,294893,367873
980,Feb'15,PANAJI,STATE BANK OF INDIA,66016,137240,203256
981,Feb'15,GUWAHATI,RESERVE BANK OF INDIA,154258,105261,259519
982,Feb'15,AHMEDABAD,RESERVE BANK OF INDIA,121022,1580104,1701126
983,Feb'15,HYDERABAD,RESERVE BANK OF INDIA,179401,1307423,1486824
984,Feb'15,SHIMLA,STATE BANK OF INDIA,192092,26,192118
985,Feb'15,KOLKATA CPC,RESERVE BANK OF INDIA,276729,1184359,1461088
986,Feb'15,BANGALORE,RESERVE BANK OF INDIA,335067,1663239,1998306
987,Feb'15,NEW DELHI,RESERVE BANK OF INDIA,564588,1987464,2552052
988,Feb'15,MUMBAI,RESERVE BANK OF INDIA,2292056,3496322,5788378
989,Feb'15,BHUBANESWAR,RESERVE BANK OF INDIA,1327513,197365,1524878
990,Feb'15,CHENNAI,RESERVE BANK OF INDIA,2548154,2148196,4696350
991,Mar'15,AGARTALA,STATE BANK OF INDIA,0,0,0
992,Mar'15,AGRA,PUNJAB NATIONAL BANK,0,0,0
993,Mar'15,AMRITSAR,ORIENTAL BANK OF COMMERCE,0,0,0
994,Mar'15,ANAND,UNION BANK OF INDIA,0,0,0
995,Mar'15,ASANSOL,STATE BANK OF INDIA,0,0,0
996,Mar'15,BELGAUM,UNION BANK OF INDIA,0,0,0
997,Mar'15,BHAVNAGAR,BANK OF BARODA,0,0,0
998,Mar'15,BHILWARA,STATE BANK OF BIKANER AND JAIPUR,0,0,0
999,Mar'15,BIJAPUR,STATE BANK OF INDIA,0,0,0
1000,Mar'15,BIKANER,STATE BANK OF BIKANER AND JAIPUR,0,0,0
1001,Mar'15,BURDWAN,STATE BANK OF INDIA,0,0,0
1002,Mar'15,COIMBATORE,BANK OF BARODA,0,0,0
1003,Mar'15,CUTTACK,STATE BANK OF INDIA,0,0,0
1004,Mar'15,DAVANGERE,STATE BANK OF MYSORE,0,0,0
1005,Mar'15,DEHRADUN,STATE BANK OF INDIA,0,0,0
1006,Mar'15,DURGAPUR,STATE BANK OF INDIA,0,0,0
1007,Mar'15,ERNAKULAM,STATE BANK OF TRAVANCORE,0,0,0
1008,Mar'15,ERODE ,PUNJAB NATIONAL BANK,0,0,0
1009,Mar'15,GADAG,STATE BANK OF INDIA,0,0,0
1010,Mar'15,GANGTOK,STATE BANK OF INDIA,0,0,0
1011,Mar'15,GULBARGA,STATE BANK OF HYDERABAD,0,0,0
1012,Mar'15,HALDIA,UNITED BANK OF INDIA,0,0,0
1013,Mar'15,HASSAN,STATE BANK OF MYSORE,0,0,0
1014,Mar'15,HUBLI,STATE BANK OF INDIA,0,0,0
1015,Mar'15,IMPHAL,STATE BANK OF INDIA,0,0,0
1016,Mar'15,JALANDHAR,PUNJAB NATIONAL BANK,0,0,0
1017,Mar'15,JAMNAGAR,BANK OF BARODA,0,0,0
1018,Mar'15,JODHPUR,STATE BANK OF INDIA,0,0,0
1019,Mar'15,KAKINADA,STATE BANK OF INDIA,0,0,0
1020,Mar'15,KOLHAPUR,PUNJAB NATIONAL BANK,0,0,0
1021,Mar'15,KOTA,UNION BANK OF INDIA,0,0,0
1022,Mar'15,KOZHIKODE,STATE BANK OF INDIA,0,0,0
1023,Mar'15,LUDHIANA,PUNJAB NATIONAL BANK,0,0,0
1024,Mar'15,MADURAI,CANARA BANK,0,0,0
1025,Mar'15,MANDYA,STATE BANK OF MYSORE,0,0,0
1026,Mar'15,MANGALORE,CORPORATION BANK,0,0,0
1027,Mar'15,MYSORE,PUNJAB NATIONAL BANK,0,0,0
1028,Mar'15,NELLORE,STATE BANK OF INDIA,0,0,0
1029,Mar'15,PONDICHERRY,STATE BANK OF INDIA,0,0,0
1030,Mar'15,RAICHUR,STATE BANK OF HYDERABAD,0,0,0
1031,Mar'15,RAJKOT,BANK OF BARODA,0,0,0
1032,Mar'15,SALEM,UNION BANK OF INDIA,0,0,0
1033,Mar'15,SHILLONG,STATE BANK OF INDIA,0,0,0
1034,Mar'15,SHIMOGA,STATE BANK OF MYSORE,0,0,0
1035,Mar'15,SILIGURI,STATE BANK OF INDIA,0,0,0
1036,Mar'15,TIRUCHIRAPALLI,STATE BANK OF INDIA,0,0,0
1037,Mar'15,TIRUNELVELI,STATE BANK OF INDIA,0,0,0
1038,Mar'15,TIRUPATI,STATE BANK OF INDIA,0,0,0
1039,Mar'15,TIRUPUR,STATE BANK OF INDIA,0,0,0
1040,Mar'15,TRICHUR,STATE BANK OF INDIA,0,0,0
1041,Mar'15,TUMKUR,STATE BANK OF MYSORE,0,0,0
1042,Mar'15,UDAIPUR,PUNJAB NATIONAL BANK,0,0,0
1043,Mar'15,UDUPI,STATE BANK OF INDIA,0,0,0
1044,Mar'15,VADODARA,STATE BANK OF INDIA,0,0,0
1045,Mar'15,VARANASI,PUNJAB NATIONAL BANK,0,0,0
1046,Mar'15,VISAKHAPATNAM,ANDHRA BANK,0,0,0
1047,Mar'15,DHANBAD,STATE BANK OF INDIA,45,24660,24705
1048,Mar'15,RANCHI,STATE BANK OF INDIA,89,71008,71097
1049,Mar'15,JABALPUR,STATE BANK OF INDIA,90,53021,53111
1050,Mar'15,RAIPUR,STATE BANK OF INDIA,116,76919,77035
1051,Mar'15,GORAKHPUR,PUNJAB NATIONAL BANK,145,58457,58602
1052,Mar'15,GWALIOR,STATE BANK OF INDIA,595,33022,33617
1053,Mar'15,SOLAPUR,STATE BANK OF INDIA,635,59681,60316
1054,Mar'15,INDORE,STATE BANK OF INDIA,784,208238,209022
1055,Mar'15,SURAT,STATE BANK OF INDIA,952,10036,10988
1056,Mar'15,AURANGABAD,PUNJAB NATIONAL BANK,1128,145115,146243
1057,Mar'15,JAMMU,PUNJAB NATIONAL BANK,1264,40024,41288
1058,Mar'15,JAMSHEDPUR,UNION BANK OF INDIA,2307,79427,81734
1059,Mar'15,LUCKNOW,PUNJAB NATIONAL BANK,2363,364155,366518
1060,Mar'15,BHOPAL,RESERVE BANK OF INDIA,2794,140969,143763
1061,Mar'15,PATNA,RESERVE BANK OF INDIA,4918,131015,135933
1062,Mar'15,CHANDIGARH,RESERVE BANK OF INDIA,5547,793676,799223
1063,Mar'15,TRIVANDRUM,RESERVE BANK OF INDIA,6608,849757,856365
1064,Mar'15,NASIK,STATE BANK OF INDIA,6870,235294,242164
1065,Mar'15,JAIPUR,RESERVE BANK OF INDIA,8181,831119,839300
1066,Mar'15,ALLAHABAD,PUNJAB NATIONAL BANK,8631,63419,72050
1067,Mar'15,KANPUR,RESERVE BANK OF INDIA,23347,135134,158481
1068,Mar'15,NAGPUR,RESERVE BANK OF INDIA,65007,299350,364357
1069,Mar'15,PUNE,UNION BANK OF INDIA,77643,1032244,1109887
1070,Mar'15,AHMEDABAD,RESERVE BANK OF INDIA,109895,1800140,1910035
1071,Mar'15,HYDERABAD,RESERVE BANK OF INDIA,161634,1334821,1496455
1072,Mar'15,KOLKATA CPC,RESERVE BANK OF INDIA,181934,1243043,1424977
1073,Mar'15,GUWAHATI,RESERVE BANK OF INDIA,182690,134457,317147
1074,Mar'15,PANAJI,STATE BANK OF INDIA,233487,159089,392576
1075,Mar'15,BANGALORE,RESERVE BANK OF INDIA,307864,1716502,2024366
1076,Mar'15,SHIMLA,STATE BANK OF INDIA,388402,27,388429
1077,Mar'15,MUMBAI,RESERVE BANK OF INDIA,803890,3708170,4512060
1078,Mar'15,NEW DELHI,RESERVE BANK OF INDIA,841954,2007508,2849462
1079,Mar'15,BHUBANESWAR,RESERVE BANK OF INDIA,2339202,235490,2574692
1080,Mar'15,CHENNAI,RESERVE BANK OF INDIA,2797189,2198089,4995278
,,,TOTAL,115300422,226073220.00,341373642
