1,Apr'15,AGARTALA,STATE BANK OF INDIA,0,0,0
2,Apr'15,AGRA,PUNJAB NATIONAL BANK,0,0,0
3,Apr'15,AMRITSAR,ORIENTAL BANK OF COMMERCE,0,0,0
4,Apr'15,ANAND,UNION BANK OF INDIA,0,0,0
5,Apr'15,ASANSOL,STATE BANK OF INDIA,0,0,0
6,Apr'15,AURANGABAD,PUNJAB NATIONAL BANK,0,0,0
7,Apr'15,BELGAUM,UNION BANK OF INDIA,0,0,0
8,Apr'15,BHAVNAGAR,BANK OF BARODA,0,0,0
9,Apr'15,BHILWARA,STATE BANK OF BIKANER AND JAIPUR,0,0,0
10,Apr'15,BIJAPUR,STATE BANK OF INDIA,0,0,0
11,Apr'15,BIKANER,STATE BANK OF BIKANER AND JAIPUR,0,0,0
12,Apr'15,BURDWAN,STATE BANK OF INDIA,0,0,0
13,Apr'15,COIMBATORE,BANK OF BARODA,0,0,0
14,Apr'15,CUTTACK,STATE BANK OF INDIA,0,0,0
15,Apr'15,DAVANGERE,STATE BANK OF MYSORE,0,0,0
16,Apr'15,DEHRADUN,STATE BANK OF INDIA,0,0,0
17,Apr'15,DURGAPUR,STATE BANK OF INDIA,0,0,0
18,Apr'15,ERNAKULAM,STATE BANK OF TRAVANCORE,0,0,0
19,Apr'15,ERODE ,PUNJAB NATIONAL BANK,0,0,0
20,Apr'15,GADAG,STATE BANK OF INDIA,0,0,0
21,Apr'15,GANGTOK,STATE BANK OF INDIA,0,0,0
22,Apr'15,GULBARGA,STATE BANK OF HYDERABAD,0,0,0
23,Apr'15,HALDIA,UNITED BANK OF INDIA,0,0,0
24,Apr'15,HASSAN,STATE BANK OF MYSORE,0,0,0
25,Apr'15,HUBLI,STATE BANK OF INDIA,0,0,0
26,Apr'15,IMPHAL,STATE BANK OF INDIA,0,0,0
27,Apr'15,JAIPUR,RESERVE BANK OF INDIA,0,0,0
28,Apr'15,JALANDHAR,PUNJAB NATIONAL BANK,0,0,0
29,Apr'15,JAMNAGAR,BANK OF BARODA,0,0,0
30,Apr'15,JODHPUR,STATE BANK OF INDIA,0,0,0
31,Apr'15,KAKINADA,STATE BANK OF INDIA,0,0,0
32,Apr'15,KOLHAPUR,PUNJAB NATIONAL BANK,0,0,0
33,Apr'15,KOTA,UNION BANK OF INDIA,0,0,0
34,Apr'15,KOZHIKODE,STATE BANK OF INDIA,0,0,0
35,Apr'15,LUDHIANA,PUNJAB NATIONAL BANK,0,0,0
36,Apr'15,MADURAI,CANARA BANK,0,0,0
37,Apr'15,MANDYA,STATE BANK OF MYSORE,0,0,0
38,Apr'15,MANGALORE,CORPORATION BANK,0,0,0
39,Apr'15,MYSORE,PUNJAB NATIONAL BANK,0,0,0
40,Apr'15,NELLORE,STATE BANK OF INDIA,0,0,0
41,Apr'15,PONDICHERRY,STATE BANK OF INDIA,0,0,0
42,Apr'15,RAICHUR,STATE BANK OF HYDERABAD,0,0,0
43,Apr'15,RAJKOT,BANK OF BARODA,0,0,0
44,Apr'15,SALEM,UNION BANK OF INDIA,0,0,0
45,Apr'15,SHILLONG,STATE BANK OF INDIA,0,0,0
46,Apr'15,SHIMOGA,STATE BANK OF MYSORE,0,0,0
47,Apr'15,SILIGURI,STATE BANK OF INDIA,0,0,0
48,Apr'15,SURAT,STATE BANK OF INDIA,0,0,0
49,Apr'15,TIRUCHIRAPALLI,STATE BANK OF INDIA,0,0,0
50,Apr'15,TIRUNELVELI,STATE BANK OF INDIA,0,0,0
51,Apr'15,TIRUPATI,STATE BANK OF INDIA,0,0,0
52,Apr'15,TIRUPUR,STATE BANK OF INDIA,0,0,0
53,Apr'15,TRICHUR,STATE BANK OF INDIA,0,0,0
54,Apr'15,TUMKUR,STATE BANK OF MYSORE,0,0,0
55,Apr'15,UDAIPUR,PUNJAB NATIONAL BANK,0,0,0
56,Apr'15,UDUPI,STATE BANK OF INDIA,0,0,0
57,Apr'15,VADODARA,STATE BANK OF INDIA,0,0,0
58,Apr'15,VARANASI,PUNJAB NATIONAL BANK,0,0,0
59,Apr'15,VISAKHAPATNAM,ANDHRA BANK,0,0,0
60,Apr'15,AHMEDABAD,RESERVE BANK OF INDIA,136904.00,1724465.00,1861369
61,Apr'15,ALLAHABAD,PUNJAB NATIONAL BANK,21651.00,52418.00,74069
62,Apr'15,BANGALORE,RESERVE BANK OF INDIA,435326.00,1707153.00,2142479
63,Apr'15,BHOPAL,RESERVE BANK OF INDIA,1023.00,143068.00,144091
64,Apr'15,BHUBANESWAR,RESERVE BANK OF INDIA,418182.00,225209.00,643391
65,Apr'15,CHANDIGARH,RESERVE BANK OF INDIA,1691.00,708911.00,710602
66,Apr'15,CHENNAI,RESERVE BANK OF INDIA,2092993.00,2229818.00,4322811
67,Apr'15,DHANBAD,STATE BANK OF INDIA,0.00,24243.00,24243
68,Apr'15,GORAKHPUR,PUNJAB NATIONAL BANK,104.00,58399.00,58503
69,Apr'15,GUWAHATI,RESERVE BANK OF INDIA,487.00,123079.00,123566
70,Apr'15,GWALIOR,STATE BANK OF INDIA,103.00,31681.00,31784
71,Apr'15,HYDERABAD,RESERVE BANK OF INDIA,169772.00,1338691.00,1508463
72,Apr'15,INDORE,STATE BANK OF INDIA,669.00,215854.00,216523
73,Apr'15,JABALPUR,STATE BANK OF INDIA,135.00,58327.00,58462
74,Apr'15,JAMMU,PUNJAB NATIONAL BANK,654.00,41671.00,42325
75,Apr'15,JAMSHEDPUR,UNION BANK OF INDIA,0.00,73485.00,73485
76,Apr'15,KANPUR,RESERVE BANK OF INDIA,20455.00,135479.00,155934
77,Apr'15,KOLKATA CPC,RESERVE BANK OF INDIA,69787.00,1242875.00,1312662
78,Apr'15,LUCKNOW,PUNJAB NATIONAL BANK,3354.00,294881.00,298235
79,Apr'15,MUMBAI,RESERVE BANK OF INDIA,651242.00,3622432.00,4273674
80,Apr'15,NAGPUR,RESERVE BANK OF INDIA,125758.00,304517.00,430275
81,Apr'15,NASIK,STATE BANK OF INDIA,7029.00,211534.00,218563
82,Apr'15,NEW DELHI,RESERVE BANK OF INDIA,334538.00,1986150.00,2320688
83,Apr'15,PANAJI,STATE BANK OF INDIA,250730.00,148397.00,399127
84,Apr'15,PATNA,RESERVE BANK OF INDIA,1430.00,109148.00,110578
85,Apr'15,PUNE,UNION BANK OF INDIA,68033.00,1038072.00,1106105
86,Apr'15,RAIPUR,STATE BANK OF INDIA,248.00,77668.00,77916
87,Apr'15,RANCHI,STATE BANK OF INDIA,0.00,61751.00,61751
88,Apr'15,SHIMLA,STATE BANK OF INDIA,98.00,26.00,124
89,Apr'15,SOLAPUR,STATE BANK OF INDIA,609.00,62587.00,63196
90,Apr'15,TRIVANDRUM,RESERVE BANK OF INDIA,18182.00,789256.00,807438
91,May'15,AGARTALA,STATE BANK OF INDIA,0,0,0
92,May'15,AGRA,PUNJAB NATIONAL BANK,0,0,0
93,May'15,AMRITSAR,ORIENTAL BANK OF COMMERCE,0,0,0
94,May'15,ANAND,UNION BANK OF INDIA,0,0,0
95,May'15,ASANSOL,STATE BANK OF INDIA,0,0,0
96,May'15,AURANGABAD,PUNJAB NATIONAL BANK,0,0,0
97,May'15,BELGAUM,UNION BANK OF INDIA,0,0,0
98,May'15,BHAVNAGAR,BANK OF BARODA,0,0,0
99,May'15,BHILWARA,STATE BANK OF BIKANER AND JAIPUR,0,0,0
100,May'15,BIJAPUR,STATE BANK OF INDIA,0,0,0
101,May'15,BIKANER,STATE BANK OF BIKANER AND JAIPUR,0,0,0
102,May'15,BURDWAN,STATE BANK OF INDIA,0,0,0
103,May'15,COIMBATORE,BANK OF BARODA,0,0,0
104,May'15,CUTTACK,STATE BANK OF INDIA,0,0,0
105,May'15,DAVANGERE,STATE BANK OF MYSORE,0,0,0
106,May'15,DEHRADUN,STATE BANK OF INDIA,0,0,0
107,May'15,DURGAPUR,STATE BANK OF INDIA,0,0,0
108,May'15,ERNAKULAM,STATE BANK OF TRAVANCORE,0,0,0
109,May'15,ERODE ,PUNJAB NATIONAL BANK,0,0,0
110,May'15,GADAG,STATE BANK OF INDIA,0,0,0
111,May'15,GANGTOK,STATE BANK OF INDIA,0,0,0
112,May'15,GULBARGA,STATE BANK OF HYDERABAD,0,0,0
113,May'15,HALDIA,UNITED BANK OF INDIA,0,0,0
114,May'15,HASSAN,STATE BANK OF MYSORE,0,0,0
115,May'15,HUBLI,STATE BANK OF INDIA,0,0,0
116,May'15,IMPHAL,STATE BANK OF INDIA,0,0,0
117,May'15,JALANDHAR,PUNJAB NATIONAL BANK,0,0,0
118,May'15,JAMNAGAR,BANK OF BARODA,0,0,0
119,May'15,JODHPUR,STATE BANK OF INDIA,0,0,0
120,May'15,KAKINADA,STATE BANK OF INDIA,0,0,0
121,May'15,KOLHAPUR,PUNJAB NATIONAL BANK,0,0,0
122,May'15,KOTA,UNION BANK OF INDIA,0,0,0
123,May'15,KOZHIKODE,STATE BANK OF INDIA,0,0,0
124,May'15,LUDHIANA,PUNJAB NATIONAL BANK,0,0,0
125,May'15,MADURAI,CANARA BANK,0,0,0
126,May'15,MANDYA,STATE BANK OF MYSORE,0,0,0
127,May'15,MANGALORE,CORPORATION BANK,0,0,0
128,May'15,MYSORE,PUNJAB NATIONAL BANK,0,0,0
129,May'15,NELLORE,STATE BANK OF INDIA,0,0,0
130,May'15,PONDICHERRY,STATE BANK OF INDIA,0,0,0
131,May'15,RAICHUR,STATE BANK OF HYDERABAD,0,0,0
132,May'15,RAJKOT,BANK OF BARODA,0,0,0
133,May'15,SALEM,UNION BANK OF INDIA,0,0,0
134,May'15,SHILLONG,STATE BANK OF INDIA,0,0,0
135,May'15,SHIMOGA,STATE BANK OF MYSORE,0,0,0
136,May'15,SILIGURI,STATE BANK OF INDIA,0,0,0
137,May'15,SURAT,STATE BANK OF INDIA,0,0,0
138,May'15,TIRUCHIRAPALLI,STATE BANK OF INDIA,0,0,0
139,May'15,TIRUNELVELI,STATE BANK OF INDIA,0,0,0
140,May'15,TIRUPATI,STATE BANK OF INDIA,0,0,0
141,May'15,TIRUPUR,STATE BANK OF INDIA,0,0,0
142,May'15,TRICHUR,STATE BANK OF INDIA,0,0,0
143,May'15,TUMKUR,STATE BANK OF MYSORE,0,0,0
144,May'15,UDAIPUR,PUNJAB NATIONAL BANK,0,0,0
145,May'15,UDUPI,STATE BANK OF INDIA,0,0,0
146,May'15,VADODARA,STATE BANK OF INDIA,0,0,0
147,May'15,VARANASI,PUNJAB NATIONAL BANK,0,0,0
148,May'15,VISAKHAPATNAM,ANDHRA BANK,0,0,0
149,May'15,JAIPUR,RESERVE BANK OF INDIA,14889,846562,861451
150,May'15,AHMEDABAD,RESERVE BANK OF INDIA,83756,1742889,1826645
151,May'15,ALLAHABAD,PUNJAB NATIONAL BANK,227,51999,52226
152,May'15,BANGALORE,RESERVE BANK OF INDIA,418705,1702543,2121248
153,May'15,BHOPAL,RESERVE BANK OF INDIA,113,141802,141915
154,May'15,BHUBANESWAR,RESERVE BANK OF INDIA,875570,223942,1099512
155,May'15,CHANDIGARH,RESERVE BANK OF INDIA,640,698231,698871
156,May'15,CHENNAI,RESERVE BANK OF INDIA,1559732,2226654,3786386
157,May'15,DHANBAD,STATE BANK OF INDIA,0,23715,23715
158,May'15,GORAKHPUR,PUNJAB NATIONAL BANK,0,56759,56759
159,May'15,GUWAHATI,RESERVE BANK OF INDIA,492,126095,126587
160,May'15,GWALIOR,STATE BANK OF INDIA,0,31283,31283
161,May'15,HYDERABAD,RESERVE BANK OF INDIA,3413,1347359,1350772
162,May'15,INDORE,STATE BANK OF INDIA,0,208179,208179
163,May'15,JABALPUR,STATE BANK OF INDIA,0,54435,54435
164,May'15,JAMMU,PUNJAB NATIONAL BANK,408,40029,40437
165,May'15,JAMSHEDPUR,UNION BANK OF INDIA,0,73428,73428
166,May'15,KANPUR,RESERVE BANK OF INDIA,5752,134808,140560
167,May'15,KOLKATA CPC,RESERVE BANK OF INDIA,55327,1241086,1296413
168,May'15,LUCKNOW,PUNJAB NATIONAL BANK,63,290811,290874
169,May'15,MUMBAI,RESERVE BANK OF INDIA,316314,3642371,3958685
170,May'15,NAGPUR,RESERVE BANK OF INDIA,66686,303943,370629
171,May'15,NASIK,STATE BANK OF INDIA,0,204882,204882
172,May'15,NEW DELHI,RESERVE BANK OF INDIA,135141,1979085,2114226
173,May'15,PANAJI,STATE BANK OF INDIA,342577,147492,490069
174,May'15,PATNA,RESERVE BANK OF INDIA,1507,99468,100975
175,May'15,PUNE,UNION BANK OF INDIA,58767,1027816,1086583
176,May'15,RAIPUR,STATE BANK OF INDIA,0,77632,77632
177,May'15,RANCHI,STATE BANK OF INDIA,0,61104,61104
178,May'15,SHIMLA,STATE BANK OF INDIA,97,24,121
179,May'15,SOLAPUR,STATE BANK OF INDIA,46,61837,61883
180,May'15,TRIVANDRUM,RESERVE BANK OF INDIA,8774,780658,789432
181,Jun'15,AGARTALA,STATE BANK OF INDIA,0,0,0
182,Jun'15,AGRA,PUNJAB NATIONAL BANK,0,0,0
183,Jun'15,AMRITSAR,ORIENTAL BANK OF COMMERCE,0,0,0
184,Jun'15,ANAND,UNION BANK OF INDIA,0,0,0
185,Jun'15,ASANSOL,STATE BANK OF INDIA,0,0,0
186,Jun'15,AURANGABAD,PUNJAB NATIONAL BANK,0,0,0
187,Jun'15,BELGAUM,UNION BANK OF INDIA,0,0,0
188,Jun'15,BHAVNAGAR,BANK OF BARODA,0,0,0
189,Jun'15,BHILWARA,STATE BANK OF BIKANER AND JAIPUR,0,0,0
190,Jun'15,BIJAPUR,STATE BANK OF INDIA,0,0,0
191,Jun'15,BIKANER,STATE BANK OF BIKANER AND JAIPUR,0,0,0
192,Jun'15,BURDWAN,STATE BANK OF INDIA,0,0,0
193,Jun'15,COIMBATORE,BANK OF BARODA,0,0,0
194,Jun'15,CUTTACK,STATE BANK OF INDIA,0,0,0
195,Jun'15,DAVANGERE,STATE BANK OF MYSORE,0,0,0
196,Jun'15,DEHRADUN,STATE BANK OF INDIA,0,0,0
197,Jun'15,DURGAPUR,STATE BANK OF INDIA,0,0,0
198,Jun'15,ERNAKULAM,STATE BANK OF TRAVANCORE,0,0,0
199,Jun'15,ERODE ,PUNJAB NATIONAL BANK,0,0,0
200,Jun'15,GADAG,STATE BANK OF INDIA,0,0,0
201,Jun'15,GANGTOK,STATE BANK OF INDIA,0,0,0
202,Jun'15,GULBARGA,STATE BANK OF HYDERABAD,0,0,0
203,Jun'15,HALDIA,UNITED BANK OF INDIA,0,0,0
204,Jun'15,HASSAN,STATE BANK OF MYSORE,0,0,0
205,Jun'15,HUBLI,STATE BANK OF INDIA,0,0,0
206,Jun'15,IMPHAL,STATE BANK OF INDIA,0,0,0
207,Jun'15,JALANDHAR,PUNJAB NATIONAL BANK,0,0,0
208,Jun'15,JAMNAGAR,BANK OF BARODA,0,0,0
209,Jun'15,JODHPUR,STATE BANK OF INDIA,0,0,0
210,Jun'15,KAKINADA,STATE BANK OF INDIA,0,0,0
211,Jun'15,KOLHAPUR,PUNJAB NATIONAL BANK,0,0,0
212,Jun'15,KOTA,UNION BANK OF INDIA,0,0,0
213,Jun'15,KOZHIKODE,STATE BANK OF INDIA,0,0,0
214,Jun'15,LUDHIANA,PUNJAB NATIONAL BANK,0,0,0
215,Jun'15,MADURAI,CANARA BANK,0,0,0
216,Jun'15,MANDYA,STATE BANK OF MYSORE,0,0,0
217,Jun'15,MANGALORE,CORPORATION BANK,0,0,0
218,Jun'15,MYSORE,PUNJAB NATIONAL BANK,0,0,0
219,Jun'15,NELLORE,STATE BANK OF INDIA,0,0,0
220,Jun'15,PONDICHERRY,STATE BANK OF INDIA,0,0,0
221,Jun'15,RAICHUR,STATE BANK OF HYDERABAD,0,0,0
222,Jun'15,RAJKOT,BANK OF BARODA,0,0,0
223,Jun'15,SALEM,UNION BANK OF INDIA,0,0,0
224,Jun'15,SHILLONG,STATE BANK OF INDIA,0,0,0
225,Jun'15,SHIMOGA,STATE BANK OF MYSORE,0,0,0
226,Jun'15,SILIGURI,STATE BANK OF INDIA,0,0,0
227,Jun'15,SURAT,STATE BANK OF INDIA,0,0,0
228,Jun'15,TIRUCHIRAPALLI,STATE BANK OF INDIA,0,0,0
229,Jun'15,TIRUNELVELI,STATE BANK OF INDIA,0,0,0
230,Jun'15,TIRUPATI,STATE BANK OF INDIA,0,0,0
231,Jun'15,TIRUPUR,STATE BANK OF INDIA,0,0,0
232,Jun'15,TRICHUR,STATE BANK OF INDIA,0,0,0
233,Jun'15,TUMKUR,STATE BANK OF MYSORE,0,0,0
234,Jun'15,UDAIPUR,PUNJAB NATIONAL BANK,0,0,0
235,Jun'15,UDUPI,STATE BANK OF INDIA,0,0,0
236,Jun'15,VADODARA,STATE BANK OF INDIA,0,0,0
237,Jun'15,VARANASI,PUNJAB NATIONAL BANK,0,0,0
238,Jun'15,VISAKHAPATNAM,ANDHRA BANK,0,0,0
239,Jun'15,AHMEDABAD,RESERVE BANK OF INDIA,87959,1778764,1866723
240,Jun'15,ALLAHABAD,PUNJAB NATIONAL BANK,0,53405,53405
241,Jun'15,BANGALORE,RESERVE BANK OF INDIA,329621,1744327,2073948
242,Jun'15,BHOPAL,RESERVE BANK OF INDIA,1634,144239,145873
243,Jun'15,BHUBANESWAR,RESERVE BANK OF INDIA,931754,228140,1159894
244,Jun'15,CHANDIGARH,RESERVE BANK OF INDIA,2006,724076,726082
245,Jun'15,CHENNAI,RESERVE BANK OF INDIA,420136,2277897,2698033
246,Jun'15,DHANBAD,STATE BANK OF INDIA,0,24176,24176
247,Jun'15,GORAKHPUR,PUNJAB NATIONAL BANK,0,53469,53469
248,Jun'15,GUWAHATI,RESERVE BANK OF INDIA,2627,127914,130541
249,Jun'15,GWALIOR,STATE BANK OF INDIA,0,33497,33497
250,Jun'15,HYDERABAD,RESERVE BANK OF INDIA,4552,1382355,1386907
251,Jun'15,INDORE,STATE BANK OF INDIA,0,214882,214882
252,Jun'15,JABALPUR,STATE BANK OF INDIA,0,54992,54992
253,Jun'15,JAIPUR,RESERVE BANK OF INDIA,16956,857837,874793
254,Jun'15,JAMMU,PUNJAB NATIONAL BANK,1184,41973,43157
255,Jun'15,JAMSHEDPUR,UNION BANK OF INDIA,0,74646,74646
256,Jun'15,KANPUR,RESERVE BANK OF INDIA,5680,136870,142550
257,Jun'15,KOLKATA CPC,RESERVE BANK OF INDIA,50397,1275904,1326301
258,Jun'15,LUCKNOW,PUNJAB NATIONAL BANK,0,293206,293206
259,Jun'15,MUMBAI,RESERVE BANK OF INDIA,368141,3677358,4045499
260,Jun'15,NAGPUR,RESERVE BANK OF INDIA,9913,305447,315360
261,Jun'15,NASIK,STATE BANK OF INDIA,0,208883,208883
262,Jun'15,NEW DELHI,RESERVE BANK OF INDIA,524773,1995885,2520658
263,Jun'15,PANAJI,STATE BANK OF INDIA,223022,150498,373520
264,Jun'15,PATNA,RESERVE BANK OF INDIA,2748,111394,114142
265,Jun'15,PUNE,UNION BANK OF INDIA,42128,1048139,1090267
266,Jun'15,RAIPUR,STATE BANK OF INDIA,0,78429,78429
267,Jun'15,RANCHI,STATE BANK OF INDIA,0,63736,63736
268,Jun'15,SHIMLA,STATE BANK OF INDIA,98,23,121
269,Jun'15,SOLAPUR,STATE BANK OF INDIA,0,62945,62945
270,Jun'15,TRIVANDRUM,RESERVE BANK OF INDIA,8329,816081,824410
271,Jul'15,AGARTALA,STATE BANK OF INDIA,0,0,0
272,Jul'15,AGRA,PUNJAB NATIONAL BANK,0,0,0
273,Jul'15,AMRITSAR,ORIENTAL BANK OF COMMERCE,0,0,0
274,Jul'15,ANAND,UNION BANK OF INDIA,0,0,0
275,Jul'15,ASANSOL,STATE BANK OF INDIA,0,0,0
276,Jul'15,AURANGABAD,PUNJAB NATIONAL BANK,0,0,0
277,Jul'15,BELGAUM,UNION BANK OF INDIA,0,0,0
278,Jul'15,BHAVNAGAR,BANK OF BARODA,0,0,0
279,Jul'15,BHILWARA,STATE BANK OF BIKANER AND JAIPUR,0,0,0
280,Jul'15,BIJAPUR,STATE BANK OF INDIA,0,0,0
281,Jul'15,BIKANER,STATE BANK OF BIKANER AND JAIPUR,0,0,0
282,Jul'15,BURDWAN,STATE BANK OF INDIA,0,0,0
283,Jul'15,COIMBATORE,BANK OF BARODA,0,0,0
284,Jul'15,CUTTACK,STATE BANK OF INDIA,0,0,0
285,Jul'15,DAVANGERE,STATE BANK OF MYSORE,0,0,0
286,Jul'15,DEHRADUN,STATE BANK OF INDIA,0,0,0
287,Jul'15,DURGAPUR,STATE BANK OF INDIA,0,0,0
288,Jul'15,ERNAKULAM,STATE BANK OF TRAVANCORE,0,0,0
289,Jul'15,ERODE ,PUNJAB NATIONAL BANK,0,0,0
290,Jul'15,GADAG,STATE BANK OF INDIA,0,0,0
291,Jul'15,GANGTOK,STATE BANK OF INDIA,0,0,0
292,Jul'15,GULBARGA,STATE BANK OF HYDERABAD,0,0,0
293,Jul'15,HALDIA,UNITED BANK OF INDIA,0,0,0
294,Jul'15,HASSAN,STATE BANK OF MYSORE,0,0,0
295,Jul'15,HUBLI,STATE BANK OF INDIA,0,0,0
296,Jul'15,IMPHAL,STATE BANK OF INDIA,0,0,0
297,Jul'15,JALANDHAR,PUNJAB NATIONAL BANK,0,0,0
298,Jul'15,JAMNAGAR,BANK OF BARODA,0,0,0
299,Jul'15,JODHPUR,STATE BANK OF INDIA,0,0,0
300,Jul'15,KAKINADA,STATE BANK OF INDIA,0,0,0
301,Jul'15,KOLHAPUR,PUNJAB NATIONAL BANK,0,0,0
302,Jul'15,KOTA,UNION BANK OF INDIA,0,0,0
303,Jul'15,KOZHIKODE,STATE BANK OF INDIA,0,0,0
304,Jul'15,LUDHIANA,PUNJAB NATIONAL BANK,0,0,0
305,Jul'15,MADURAI,CANARA BANK,0,0,0
306,Jul'15,MANDYA,STATE BANK OF MYSORE,0,0,0
307,Jul'15,MANGALORE,CORPORATION BANK,0,0,0
308,Jul'15,MYSORE,PUNJAB NATIONAL BANK,0,0,0
309,Jul'15,NELLORE,STATE BANK OF INDIA,0,0,0
310,Jul'15,PONDICHERRY,STATE BANK OF INDIA,0,0,0
311,Jul'15,RAICHUR,STATE BANK OF HYDERABAD,0,0,0
312,Jul'15,RAJKOT,BANK OF BARODA,0,0,0
313,Jul'15,SALEM,UNION BANK OF INDIA,0,0,0
314,Jul'15,SHILLONG,STATE BANK OF INDIA,0,0,0
315,Jul'15,SHIMOGA,STATE BANK OF MYSORE,0,0,0
316,Jul'15,SILIGURI,STATE BANK OF INDIA,0,0,0
317,Jul'15,SURAT,STATE BANK OF INDIA,0,0,0
318,Jul'15,TIRUCHIRAPALLI,STATE BANK OF INDIA,0,0,0
319,Jul'15,TIRUNELVELI,STATE BANK OF INDIA,0,0,0
320,Jul'15,TIRUPATI,STATE BANK OF INDIA,0,0,0
321,Jul'15,TIRUPUR,STATE BANK OF INDIA,0,0,0
322,Jul'15,TRICHUR,STATE BANK OF INDIA,0,0,0
323,Jul'15,TUMKUR,STATE BANK OF MYSORE,0,0,0
324,Jul'15,UDAIPUR,PUNJAB NATIONAL BANK,0,0,0
325,Jul'15,UDUPI,STATE BANK OF INDIA,0,0,0
326,Jul'15,VADODARA,STATE BANK OF INDIA,0,0,0
327,Jul'15,VARANASI,PUNJAB NATIONAL BANK,0,0,0
328,Jul'15,VISAKHAPATNAM,ANDHRA BANK,0,0,0
329,Jul'15,AHMEDABAD,RESERVE BANK OF INDIA,89737,1780003,1869740
330,Jul'15,ALLAHABAD,PUNJAB NATIONAL BANK,1262,54025,55287
331,Jul'15,BANGALORE,RESERVE BANK OF INDIA,191784,1733626,1925410
332,Jul'15,BHOPAL,RESERVE BANK OF INDIA,114,138889,139003
333,Jul'15,BHUBANESWAR,RESERVE BANK OF INDIA,912294,229396,1141690
334,Jul'15,CHANDIGARH,RESERVE BANK OF INDIA,1374,733251,734625
335,Jul'15,CHENNAI,RESERVE BANK OF INDIA,1304462,2287598,3592060
336,Jul'15,DHANBAD,STATE BANK OF INDIA,0,24796,24796
337,Jul'15,GORAKHPUR,PUNJAB NATIONAL BANK,0,57664,57664
338,Jul'15,GUWAHATI,RESERVE BANK OF INDIA,486,124451,124937
339,Jul'15,GWALIOR,STATE BANK OF INDIA,0,33568,33568
340,Jul'15,HYDERABAD,RESERVE BANK OF INDIA,4538,1397709,1402247
341,Jul'15,INDORE,STATE BANK OF INDIA,0,209278,209278
342,Jul'15,JABALPUR,STATE BANK OF INDIA,0,55627,55627
343,Jul'15,JAIPUR,RESERVE BANK OF INDIA,14620,866423,881043
344,Jul'15,JAMMU,PUNJAB NATIONAL BANK,306,42883,43189
345,Jul'15,JAMSHEDPUR,UNION BANK OF INDIA,0,74397,74397
346,Jul'15,KANPUR,RESERVE BANK OF INDIA,1624,137825,139449
347,Jul'15,KOLKATA CPC,RESERVE BANK OF INDIA,30256,1295346,1325602
348,Jul'15,LUCKNOW,PUNJAB NATIONAL BANK,0,296529,296529
349,Jul'15,MUMBAI,RESERVE BANK OF INDIA,739220,3708705,4447925
350,Jul'15,NAGPUR,RESERVE BANK OF INDIA,66479,305516,371995
351,Jul'15,NASIK,STATE BANK OF INDIA,0,208031,208031
352,Jul'15,NEW DELHI,RESERVE BANK OF INDIA,111098,2013293,2124391
353,Jul'15,PANAJI,STATE BANK OF INDIA,172203,149459,321662
354,Jul'15,PATNA,RESERVE BANK OF INDIA,2654,111934,114588
355,Jul'15,PUNE,UNION BANK OF INDIA,46219,1045382,1091601
356,Jul'15,RAIPUR,STATE BANK OF INDIA,0,78748,78748
357,Jul'15,RANCHI,STATE BANK OF INDIA,0,62766,62766
358,Jul'15,SHIMLA,STATE BANK OF INDIA,101,6,107
359,Jul'15,SOLAPUR,STATE BANK OF INDIA,0,62757,62757
360,Jul'15,TRIVANDRUM,RESERVE BANK OF INDIA,6940,818272,825212
361,Aug'15,AGARTALA,STATE BANK OF INDIA,0,0,0
362,Aug'15,AGRA,PUNJAB NATIONAL BANK,0,0,0
363,Aug'15,AMRITSAR,ORIENTAL BANK OF COMMERCE,0,0,0
364,Aug'15,ANAND,UNION BANK OF INDIA,0,0,0
365,Aug'15,ASANSOL,STATE BANK OF INDIA,0,0,0
366,Aug'15,AURANGABAD,PUNJAB NATIONAL BANK,0,0,0
367,Aug'15,BELGAUM,UNION BANK OF INDIA,0,0,0
368,Aug'15,BHAVNAGAR,BANK OF BARODA,0,0,0
369,Aug'15,BHILWARA,STATE BANK OF BIKANER AND JAIPUR,0,0,0
370,Aug'15,BIJAPUR,STATE BANK OF INDIA,0,0,0
371,Aug'15,BIKANER,STATE BANK OF BIKANER AND JAIPUR,0,0,0
372,Aug'15,BURDWAN,STATE BANK OF INDIA,0,0,0
373,Aug'15,COIMBATORE,BANK OF BARODA,0,0,0
374,Aug'15,CUTTACK,STATE BANK OF INDIA,0,0,0
375,Aug'15,DAVANGERE,STATE BANK OF MYSORE,0,0,0
376,Aug'15,DEHRADUN,STATE BANK OF INDIA,0,0,0
377,Aug'15,DURGAPUR,STATE BANK OF INDIA,0,0,0
378,Aug'15,ERNAKULAM,STATE BANK OF TRAVANCORE,0,0,0
379,Aug'15,ERODE ,PUNJAB NATIONAL BANK,0,0,0
380,Aug'15,GADAG,STATE BANK OF INDIA,0,0,0
381,Aug'15,GANGTOK,STATE BANK OF INDIA,0,0,0
382,Aug'15,GULBARGA,STATE BANK OF HYDERABAD,0,0,0
383,Aug'15,HALDIA,UNITED BANK OF INDIA,0,0,0
384,Aug'15,HASSAN,STATE BANK OF MYSORE,0,0,0
385,Aug'15,HUBLI,STATE BANK OF INDIA,0,0,0
386,Aug'15,IMPHAL,STATE BANK OF INDIA,0,0,0
387,Aug'15,JALANDHAR,PUNJAB NATIONAL BANK,0,0,0
388,Aug'15,JAMNAGAR,BANK OF BARODA,0,0,0
389,Aug'15,JODHPUR,STATE BANK OF INDIA,0,0,0
390,Aug'15,KAKINADA,STATE BANK OF INDIA,0,0,0
391,Aug'15,KOLHAPUR,PUNJAB NATIONAL BANK,0,0,0
392,Aug'15,KOTA,UNION BANK OF INDIA,0,0,0
393,Aug'15,KOZHIKODE,STATE BANK OF INDIA,0,0,0
394,Aug'15,LUDHIANA,PUNJAB NATIONAL BANK,0,0,0
395,Aug'15,MADURAI,CANARA BANK,0,0,0
396,Aug'15,MANDYA,STATE BANK OF MYSORE,0,0,0
397,Aug'15,MANGALORE,CORPORATION BANK,0,0,0
398,Aug'15,MYSORE,PUNJAB NATIONAL BANK,0,0,0
399,Aug'15,NELLORE,STATE BANK OF INDIA,0,0,0
400,Aug'15,PONDICHERRY,STATE BANK OF INDIA,0,0,0
401,Aug'15,RAICHUR,STATE BANK OF HYDERABAD,0,0,0
402,Aug'15,RAJKOT,BANK OF BARODA,0,0,0
403,Aug'15,SALEM,UNION BANK OF INDIA,0,0,0
404,Aug'15,SHILLONG,STATE BANK OF INDIA,0,0,0
405,Aug'15,SHIMOGA,STATE BANK OF MYSORE,0,0,0
406,Aug'15,SILIGURI,STATE BANK OF INDIA,0,0,0
407,Aug'15,SURAT,STATE BANK OF INDIA,0,0,0
408,Aug'15,TIRUCHIRAPALLI,STATE BANK OF INDIA,0,0,0
409,Aug'15,TIRUNELVELI,STATE BANK OF INDIA,0,0,0
410,Aug'15,TIRUPATI,STATE BANK OF INDIA,0,0,0
411,Aug'15,TIRUPUR,STATE BANK OF INDIA,0,0,0
412,Aug'15,TRICHUR,STATE BANK OF INDIA,0,0,0
413,Aug'15,TUMKUR,STATE BANK OF MYSORE,0,0,0
414,Aug'15,UDAIPUR,PUNJAB NATIONAL BANK,0,0,0
415,Aug'15,UDUPI,STATE BANK OF INDIA,0,0,0
416,Aug'15,VADODARA,STATE BANK OF INDIA,0,0,0
417,Aug'15,VARANASI,PUNJAB NATIONAL BANK,0,0,0
418,Aug'15,VISAKHAPATNAM,ANDHRA BANK,0,0,0
419,Aug'15,AHMEDABAD,RESERVE BANK OF INDIA,50359,1783120,1833479
420,Aug'15,ALLAHABAD,PUNJAB NATIONAL BANK,1238,54188,55426
421,Aug'15,BANGALORE,RESERVE BANK OF INDIA,163313,1751708,1915021
422,Aug'15,BHOPAL,RESERVE BANK OF INDIA,424,145163,145587
423,Aug'15,BHUBANESWAR,RESERVE BANK OF INDIA,1107762,231172,1338934
424,Aug'15,CHANDIGARH,RESERVE BANK OF INDIA,398,739012,739410
425,Aug'15,CHENNAI,RESERVE BANK OF INDIA,1344075,2293614,3637689
426,Aug'15,DHANBAD,STATE BANK OF INDIA,0,24796,24796
427,Aug'15,GORAKHPUR,PUNJAB NATIONAL BANK,0,58129,58129
428,Aug'15,GUWAHATI,RESERVE BANK OF INDIA,499,128508,129007
429,Aug'15,GWALIOR,STATE BANK OF INDIA,0,31277,31277
430,Aug'15,HYDERABAD,RESERVE BANK OF INDIA,3161,1310026,1313187
431,Aug'15,INDORE,STATE BANK OF INDIA,0,209584,209584
432,Aug'15,JABALPUR,STATE BANK OF INDIA,0,56072,56072
433,Aug'15,JAIPUR,RESERVE BANK OF INDIA,15743,868928,884671
434,Aug'15,JAMMU,PUNJAB NATIONAL BANK,288,42501,42789
435,Aug'15,JAMSHEDPUR,UNION BANK OF INDIA,0,74753,74753
436,Aug'15,KANPUR,RESERVE BANK OF INDIA,2604,137477,140081
437,Aug'15,KOLKATA CPC,RESERVE BANK OF INDIA,26835,1304822,1331657
438,Aug'15,LUCKNOW,PUNJAB NATIONAL BANK,0,297366,297366
439,Aug'15,MUMBAI,RESERVE BANK OF INDIA,397164,3312204,3709368
440,Aug'15,NAGPUR,RESERVE BANK OF INDIA,111156,305683,416839
441,Aug'15,NASIK,STATE BANK OF INDIA,0,208316,208316
442,Aug'15,NEW DELHI,RESERVE BANK OF INDIA,25188,2004015,2029203
443,Aug'15,PANAJI,STATE BANK OF INDIA,171931,147540,319471
444,Aug'15,PATNA,RESERVE BANK OF INDIA,1130,112629,113759
445,Aug'15,PUNE,UNION BANK OF INDIA,33409,1044085,1077494
446,Aug'15,RAIPUR,STATE BANK OF INDIA,0,78512,78512
447,Aug'15,RANCHI,STATE BANK OF INDIA,0,62544,62544
448,Aug'15,SHIMLA,STATE BANK OF INDIA,100,5,105
449,Aug'15,SOLAPUR,STATE BANK OF INDIA,0,62987,62987
450,Aug'15,TRIVANDRUM,RESERVE BANK OF INDIA,6654,819113,825767
451,Sep'15,AGARTALA,STATE BANK OF INDIA,0,0,0
452,Sep'15,AGRA,PUNJAB NATIONAL BANK,0,0,0
453,Sep'15,AMRITSAR,ORIENTAL BANK OF COMMERCE,0,0,0
454,Sep'15,ANAND,UNION BANK OF INDIA,0,0,0
455,Sep'15,ASANSOL,STATE BANK OF INDIA,0,0,0
456,Sep'15,AURANGABAD,PUNJAB NATIONAL BANK,0,0,0
457,Sep'15,BELGAUM,UNION BANK OF INDIA,0,0,0
458,Sep'15,BHAVNAGAR,BANK OF BARODA,0,0,0
459,Sep'15,BHILWARA,STATE BANK OF BIKANER AND JAIPUR,0,0,0
460,Sep'15,BIJAPUR,STATE BANK OF INDIA,0,0,0
461,Sep'15,BIKANER,STATE BANK OF BIKANER AND JAIPUR,0,0,0
462,Sep'15,BURDWAN,STATE BANK OF INDIA,0,0,0
463,Sep'15,COIMBATORE,BANK OF BARODA,0,0,0
464,Sep'15,CUTTACK,STATE BANK OF INDIA,0,0,0
465,Sep'15,DAVANGERE,STATE BANK OF MYSORE,0,0,0
466,Sep'15,DEHRADUN,STATE BANK OF INDIA,0,0,0
467,Sep'15,DURGAPUR,STATE BANK OF INDIA,0,0,0
468,Sep'15,ERNAKULAM,STATE BANK OF TRAVANCORE,0,0,0
469,Sep'15,ERODE ,PUNJAB NATIONAL BANK,0,0,0
470,Sep'15,GADAG,STATE BANK OF INDIA,0,0,0
471,Sep'15,GANGTOK,STATE BANK OF INDIA,0,0,0
472,Sep'15,GULBARGA,STATE BANK OF HYDERABAD,0,0,0
473,Sep'15,HALDIA,UNITED BANK OF INDIA,0,0,0
474,Sep'15,HASSAN,STATE BANK OF MYSORE,0,0,0
475,Sep'15,HUBLI,STATE BANK OF INDIA,0,0,0
476,Sep'15,IMPHAL,STATE BANK OF INDIA,0,0,0
477,Sep'15,JALANDHAR,PUNJAB NATIONAL BANK,0,0,0
478,Sep'15,JAMNAGAR,BANK OF BARODA,0,0,0
479,Sep'15,JODHPUR,STATE BANK OF INDIA,0,0,0
480,Sep'15,KAKINADA,STATE BANK OF INDIA,0,0,0
481,Sep'15,KOLHAPUR,PUNJAB NATIONAL BANK,0,0,0
482,Sep'15,KOTA,UNION BANK OF INDIA,0,0,0
483,Sep'15,KOZHIKODE,STATE BANK OF INDIA,0,0,0
484,Sep'15,LUDHIANA,PUNJAB NATIONAL BANK,0,0,0
485,Sep'15,MADURAI,CANARA BANK,0,0,0
486,Sep'15,MANDYA,STATE BANK OF MYSORE,0,0,0
487,Sep'15,MANGALORE,CORPORATION BANK,0,0,0
488,Sep'15,MYSORE,PUNJAB NATIONAL BANK,0,0,0
489,Sep'15,NELLORE,STATE BANK OF INDIA,0,0,0
490,Sep'15,PONDICHERRY,STATE BANK OF INDIA,0,0,0
491,Sep'15,RAICHUR,STATE BANK OF HYDERABAD,0,0,0
492,Sep'15,RAJKOT,BANK OF BARODA,0,0,0
493,Sep'15,SALEM,UNION BANK OF INDIA,0,0,0
494,Sep'15,SHILLONG,STATE BANK OF INDIA,0,0,0
495,Sep'15,SHIMOGA,STATE BANK OF MYSORE,0,0,0
496,Sep'15,SILIGURI,STATE BANK OF INDIA,0,0,0
497,Sep'15,SURAT,STATE BANK OF INDIA,0,0,0
498,Sep'15,TIRUCHIRAPALLI,STATE BANK OF INDIA,0,0,0
499,Sep'15,TIRUNELVELI,STATE BANK OF INDIA,0,0,0
500,Sep'15,TIRUPATI,STATE BANK OF INDIA,0,0,0
501,Sep'15,TIRUPUR,STATE BANK OF INDIA,0,0,0
502,Sep'15,TRICHUR,STATE BANK OF INDIA,0,0,0
503,Sep'15,TUMKUR,STATE BANK OF MYSORE,0,0,0
504,Sep'15,UDAIPUR,PUNJAB NATIONAL BANK,0,0,0
505,Sep'15,UDUPI,STATE BANK OF INDIA,0,0,0
506,Sep'15,VADODARA,STATE BANK OF INDIA,0,0,0
507,Sep'15,VARANASI,PUNJAB NATIONAL BANK,0,0,0
508,Sep'15,VISAKHAPATNAM,ANDHRA BANK,0,0,0
509,Sep'15,AHMEDABAD,RESERVE BANK OF INDIA,64715,1795622,1860337
510,Sep'15,ALLAHABAD,PUNJAB NATIONAL BANK,1226,54666,55892
511,Sep'15,BANGALORE,RESERVE BANK OF INDIA,112937,1758077,1871014
512,Sep'15,BHOPAL,RESERVE BANK OF INDIA,972,144534,145506
513,Sep'15,BHUBANESWAR,RESERVE BANK OF INDIA,1076745,225758,1302503
514,Sep'15,CHANDIGARH,RESERVE BANK OF INDIA,2190,748666,750856
515,Sep'15,CHENNAI,RESERVE BANK OF INDIA,1297833,2322204,3620037
516,Sep'15,DHANBAD,STATE BANK OF INDIA,0,24340,24340
517,Sep'15,GORAKHPUR,PUNJAB NATIONAL BANK,0,58037,58037
518,Sep'15,GUWAHATI,RESERVE BANK OF INDIA,2209,126280,128489
519,Sep'15,GWALIOR,STATE BANK OF INDIA,0,31136,31136
520,Sep'15,HYDERABAD,RESERVE BANK OF INDIA,4033,1400115,1404148
521,Sep'15,INDORE,STATE BANK OF INDIA,0,208934,208934
522,Sep'15,JABALPUR,STATE BANK OF INDIA,0,55408,55408
523,Sep'15,JAIPUR,RESERVE BANK OF INDIA,16001,881518,897519
524,Sep'15,JAMMU,PUNJAB NATIONAL BANK,1016,51423,52439
525,Sep'15,JAMSHEDPUR,UNION BANK OF INDIA,0,74052,74052
526,Sep'15,KANPUR,RESERVE BANK OF INDIA,3769,138902,142671
527,Sep'15,KOLKATA CPC,RESERVE BANK OF INDIA,13560,1306232,1319792
528,Sep'15,LUCKNOW,PUNJAB NATIONAL BANK,0,297654,297654
529,Sep'15,MUMBAI,RESERVE BANK OF INDIA,303852,3518200,3822052
530,Sep'15,NAGPUR,RESERVE BANK OF INDIA,62606,306812,369418
531,Sep'15,NASIK,STATE BANK OF INDIA,0,209517,209517
532,Sep'15,NEW DELHI,RESERVE BANK OF INDIA,532934,2002003,2534937
533,Sep'15,PANAJI,STATE BANK OF INDIA,220044,152733,372777
534,Sep'15,PATNA,RESERVE BANK OF INDIA,1807,112698,114505
535,Sep'15,PUNE,UNION BANK OF INDIA,34065,1051779,1085844
536,Sep'15,RAIPUR,STATE BANK OF INDIA,0,78732,78732
537,Sep'15,RANCHI,STATE BANK OF INDIA,0,62621,62621
538,Sep'15,SHIMLA,STATE BANK OF INDIA,100,5,105
539,Sep'15,SOLAPUR,STATE BANK OF INDIA,0,62751,62751
540,Sep'15,TRIVANDRUM,RESERVE BANK OF INDIA,7983,825057,833040
541,Oct'15,AGARTALA,STATE BANK OF INDIA,0,0,0
542,Oct'15,AGRA,PUNJAB NATIONAL BANK,0,0,0
543,Oct'15,AMRITSAR,ORIENTAL BANK OF COMMERCE,0,0,0
544,Oct'15,ANAND,UNION BANK OF INDIA,0,0,0
545,Oct'15,ASANSOL,STATE BANK OF INDIA,0,0,0
546,Oct'15,AURANGABAD,PUNJAB NATIONAL BANK,0,0,0
547,Oct'15,BELGAUM,UNION BANK OF INDIA,0,0,0
548,Oct'15,BHAVNAGAR,BANK OF BARODA,0,0,0
549,Oct'15,BHILWARA,STATE BANK OF BIKANER AND JAIPUR,0,0,0
550,Oct'15,BIJAPUR,STATE BANK OF INDIA,0,0,0
551,Oct'15,BIKANER,STATE BANK OF BIKANER AND JAIPUR,0,0,0
552,Oct'15,BURDWAN,STATE BANK OF INDIA,0,0,0
553,Oct'15,COIMBATORE,BANK OF BARODA,0,0,0
554,Oct'15,CUTTACK,STATE BANK OF INDIA,0,0,0
555,Oct'15,DAVANGERE,STATE BANK OF MYSORE,0,0,0
556,Oct'15,DEHRADUN,STATE BANK OF INDIA,0,0,0
557,Oct'15,DURGAPUR,STATE BANK OF INDIA,0,0,0
558,Oct'15,ERNAKULAM,STATE BANK OF TRAVANCORE,0,0,0
559,Oct'15,ERODE ,PUNJAB NATIONAL BANK,0,0,0
560,Oct'15,GADAG,STATE BANK OF INDIA,0,0,0
561,Oct'15,GANGTOK,STATE BANK OF INDIA,0,0,0
562,Oct'15,GULBARGA,STATE BANK OF HYDERABAD,0,0,0
563,Oct'15,HALDIA,UNITED BANK OF INDIA,0,0,0
564,Oct'15,HASSAN,STATE BANK OF MYSORE,0,0,0
565,Oct'15,HUBLI,STATE BANK OF INDIA,0,0,0
566,Oct'15,IMPHAL,STATE BANK OF INDIA,0,0,0
567,Oct'15,JALANDHAR,PUNJAB NATIONAL BANK,0,0,0
568,Oct'15,JAMNAGAR,BANK OF BARODA,0,0,0
569,Oct'15,JODHPUR,STATE BANK OF INDIA,0,0,0
570,Oct'15,KAKINADA,STATE BANK OF INDIA,0,0,0
571,Oct'15,KOLHAPUR,PUNJAB NATIONAL BANK,0,0,0
572,Oct'15,KOTA,UNION BANK OF INDIA,0,0,0
573,Oct'15,KOZHIKODE,STATE BANK OF INDIA,0,0,0
574,Oct'15,LUDHIANA,PUNJAB NATIONAL BANK,0,0,0
575,Oct'15,MADURAI,CANARA BANK,0,0,0
576,Oct'15,MANDYA,STATE BANK OF MYSORE,0,0,0
577,Oct'15,MANGALORE,CORPORATION BANK,0,0,0
578,Oct'15,MYSORE,PUNJAB NATIONAL BANK,0,0,0
579,Oct'15,NELLORE,STATE BANK OF INDIA,0,0,0
580,Oct'15,PONDICHERRY,STATE BANK OF INDIA,0,0,0
581,Oct'15,RAICHUR,STATE BANK OF HYDERABAD,0,0,0
582,Oct'15,RAJKOT,BANK OF BARODA,0,0,0
583,Oct'15,SALEM,UNION BANK OF INDIA,0,0,0
584,Oct'15,SHILLONG,STATE BANK OF INDIA,0,0,0
585,Oct'15,SHIMOGA,STATE BANK OF MYSORE,0,0,0
586,Oct'15,SILIGURI,STATE BANK OF INDIA,0,0,0
587,Oct'15,SURAT,STATE BANK OF INDIA,0,0,0
588,Oct'15,TIRUCHIRAPALLI,STATE BANK OF INDIA,0,0,0
589,Oct'15,TIRUNELVELI,STATE BANK OF INDIA,0,0,0
590,Oct'15,TIRUPATI,STATE BANK OF INDIA,0,0,0
591,Oct'15,TIRUPUR,STATE BANK OF INDIA,0,0,0
592,Oct'15,TRICHUR,STATE BANK OF INDIA,0,0,0
593,Oct'15,TUMKUR,STATE BANK OF MYSORE,0,0,0
594,Oct'15,UDAIPUR,PUNJAB NATIONAL BANK,0,0,0
595,Oct'15,UDUPI,STATE BANK OF INDIA,0,0,0
596,Oct'15,VADODARA,STATE BANK OF INDIA,0,0,0
597,Oct'15,VARANASI,PUNJAB NATIONAL BANK,0,0,0
598,Oct'15,VISAKHAPATNAM,ANDHRA BANK,0,0,0
599,Oct'15,AHMEDABAD,RESERVE BANK OF INDIA,110674,1823971,1934645
600,Oct'15,ALLAHABAD,PUNJAB NATIONAL BANK,2111,55229,57340
601,Oct'15,BANGALORE,RESERVE BANK OF INDIA,153861,1778785,1932646
602,Oct'15,BHOPAL,RESERVE BANK OF INDIA,459,144760,145219
603,Oct'15,BHUBANESWAR,RESERVE BANK OF INDIA,1009140,228472,1237612
604,Oct'15,CHANDIGARH,RESERVE BANK OF INDIA,663,747733,748396
605,Oct'15,CHENNAI,RESERVE BANK OF INDIA,1814238,2320846,4135084
606,Oct'15,DHANBAD,STATE BANK OF INDIA,0,25425,25425
607,Oct'15,GORAKHPUR,PUNJAB NATIONAL BANK,0,58348,58348
608,Oct'15,GUWAHATI,RESERVE BANK OF INDIA,490,126199,126689
609,Oct'15,GWALIOR,STATE BANK OF INDIA,0,32287,32287
610,Oct'15,HYDERABAD,RESERVE BANK OF INDIA,5916,1410281,1416197
611,Oct'15,INDORE,STATE BANK OF INDIA,0,209319,209319
612,Oct'15,JABALPUR,STATE BANK OF INDIA,0,55249,55249
613,Oct'15,JAIPUR,RESERVE BANK OF INDIA,26474,887945,914419
614,Oct'15,JAMMU,PUNJAB NATIONAL BANK,227,36255,36482
615,Oct'15,JAMSHEDPUR,UNION BANK OF INDIA,0,75209,75209
616,Oct'15,KANPUR,RESERVE BANK OF INDIA,1744,139752,141496
617,Oct'15,KOLKATA CPC,RESERVE BANK OF INDIA,60111,1312186,1372297
618,Oct'15,LUCKNOW,PUNJAB NATIONAL BANK,0,298680,298680
619,Oct'15,MUMBAI,RESERVE BANK OF INDIA,443390,3592560,4035950
620,Oct'15,NAGPUR,RESERVE BANK OF INDIA,72262,308237,380499
621,Oct'15,NASIK,STATE BANK OF INDIA,0,209626,209626
622,Oct'15,NEW DELHI,RESERVE BANK OF INDIA,51658,2027044,2078702
623,Oct'15,PANAJI,STATE BANK OF INDIA,198991,150725,349716
624,Oct'15,PATNA,RESERVE BANK OF INDIA,2009,113758,115767
625,Oct'15,PUNE,UNION BANK OF INDIA,33095,1059166,1092261
626,Oct'15,RAIPUR,STATE BANK OF INDIA,0,79293,79293
627,Oct'15,RANCHI,STATE BANK OF INDIA,0,62969,62969
628,Oct'15,SHIMLA,STATE BANK OF INDIA,101,5,106
629,Oct'15,SOLAPUR,STATE BANK OF INDIA,0,63810,63810
630,Oct'15,TRIVANDRUM,RESERVE BANK OF INDIA,10944,840238,851182
631,Nov'15,AGARTALA,STATE BANK OF INDIA,0,0,0
632,Nov'15,AGRA,PUNJAB NATIONAL BANK,0,0,0
633,Nov'15,AMRITSAR,ORIENTAL BANK OF COMMERCE,0,0,0
634,Nov'15,ANAND,UNION BANK OF INDIA,0,0,0
635,Nov'15,ASANSOL,STATE BANK OF INDIA,0,0,0
636,Nov'15,AURANGABAD,PUNJAB NATIONAL BANK,0,0,0
637,Nov'15,BELGAUM,UNION BANK OF INDIA,0,0,0
638,Nov'15,BHAVNAGAR,BANK OF BARODA,0,0,0
639,Nov'15,BHILWARA,STATE BANK OF BIKANER AND JAIPUR,0,0,0
640,Nov'15,BIJAPUR,STATE BANK OF INDIA,0,0,0
641,Nov'15,BIKANER,STATE BANK OF BIKANER AND JAIPUR,0,0,0
642,Nov'15,BURDWAN,STATE BANK OF INDIA,0,0,0
643,Nov'15,COIMBATORE,BANK OF BARODA,0,0,0
644,Nov'15,CUTTACK,STATE BANK OF INDIA,0,0,0
645,Nov'15,DAVANGERE,STATE BANK OF MYSORE,0,0,0
646,Nov'15,DEHRADUN,STATE BANK OF INDIA,0,0,0
647,Nov'15,DURGAPUR,STATE BANK OF INDIA,0,0,0
648,Nov'15,ERNAKULAM,STATE BANK OF TRAVANCORE,0,0,0
649,Nov'15,ERODE ,PUNJAB NATIONAL BANK,0,0,0
650,Nov'15,GADAG,STATE BANK OF INDIA,0,0,0
651,Nov'15,GANGTOK,STATE BANK OF INDIA,0,0,0
652,Nov'15,GULBARGA,STATE BANK OF HYDERABAD,0,0,0
653,Nov'15,HALDIA,UNITED BANK OF INDIA,0,0,0
654,Nov'15,HASSAN,STATE BANK OF MYSORE,0,0,0
655,Nov'15,HUBLI,STATE BANK OF INDIA,0,0,0
656,Nov'15,IMPHAL,STATE BANK OF INDIA,0,0,0
657,Nov'15,JALANDHAR,PUNJAB NATIONAL BANK,0,0,0
658,Nov'15,JAMNAGAR,BANK OF BARODA,0,0,0
659,Nov'15,JODHPUR,STATE BANK OF INDIA,0,0,0
660,Nov'15,KAKINADA,STATE BANK OF INDIA,0,0,0
661,Nov'15,KOLHAPUR,PUNJAB NATIONAL BANK,0,0,0
662,Nov'15,KOTA,UNION BANK OF INDIA,0,0,0
663,Nov'15,KOZHIKODE,STATE BANK OF INDIA,0,0,0
664,Nov'15,LUDHIANA,PUNJAB NATIONAL BANK,0,0,0
665,Nov'15,MADURAI,CANARA BANK,0,0,0
666,Nov'15,MANDYA,STATE BANK OF MYSORE,0,0,0
667,Nov'15,MANGALORE,CORPORATION BANK,0,0,0
668,Nov'15,MYSORE,PUNJAB NATIONAL BANK,0,0,0
669,Nov'15,NELLORE,STATE BANK OF INDIA,0,0,0
670,Nov'15,PONDICHERRY,STATE BANK OF INDIA,0,0,0
671,Nov'15,RAICHUR,STATE BANK OF HYDERABAD,0,0,0
672,Nov'15,RAJKOT,BANK OF BARODA,0,0,0
673,Nov'15,SALEM,UNION BANK OF INDIA,0,0,0
674,Nov'15,SHILLONG,STATE BANK OF INDIA,0,0,0
675,Nov'15,SHIMOGA,STATE BANK OF MYSORE,0,0,0
676,Nov'15,SILIGURI,STATE BANK OF INDIA,0,0,0
677,Nov'15,SURAT,STATE BANK OF INDIA,0,0,0
678,Nov'15,TIRUCHIRAPALLI,STATE BANK OF INDIA,0,0,0
679,Nov'15,TIRUNELVELI,STATE BANK OF INDIA,0,0,0
680,Nov'15,TIRUPATI,STATE BANK OF INDIA,0,0,0
681,Nov'15,TIRUPUR,STATE BANK OF INDIA,0,0,0
682,Nov'15,TRICHUR,STATE BANK OF INDIA,0,0,0
683,Nov'15,TUMKUR,STATE BANK OF MYSORE,0,0,0
684,Nov'15,UDAIPUR,PUNJAB NATIONAL BANK,0,0,0
685,Nov'15,UDUPI,STATE BANK OF INDIA,0,0,0
686,Nov'15,VADODARA,STATE BANK OF INDIA,0,0,0
687,Nov'15,VARANASI,PUNJAB NATIONAL BANK,0,0,0
688,Nov'15,VISAKHAPATNAM,ANDHRA BANK,0,0,0
689,Nov'15,AHMEDABAD,RESERVE BANK OF INDIA,7748,1810555,1818303
690,Nov'15,ALLAHABAD,PUNJAB NATIONAL BANK,1309,56109,57418
691,Nov'15,BANGALORE,RESERVE BANK OF INDIA,108071,1663316,1771387
692,Nov'15,BHOPAL,RESERVE BANK OF INDIA,114,144399,144513
693,Nov'15,BHUBANESWAR,RESERVE BANK OF INDIA,1240520,228705,1469225
694,Nov'15,CHANDIGARH,RESERVE BANK OF INDIA,563,749209,749772
695,Nov'15,CHENNAI,RESERVE BANK OF INDIA,198361,2315976,2514337
696,Nov'15,DHANBAD,STATE BANK OF INDIA,0,25284,25284
697,Nov'15,GORAKHPUR,PUNJAB NATIONAL BANK,0,58411,58411
698,Nov'15,GUWAHATI,RESERVE BANK OF INDIA,508,129160,129668
699,Nov'15,GWALIOR,STATE BANK OF INDIA,0,31839,31839
700,Nov'15,HYDERABAD,RESERVE BANK OF INDIA,3382,1394400,1397782
701,Nov'15,INDORE,STATE BANK OF INDIA,0,208530,208530
702,Nov'15,JABALPUR,STATE BANK OF INDIA,0,55822,55822
703,Nov'15,JAIPUR,RESERVE BANK OF INDIA,15852,889749,905601
704,Nov'15,JAMMU,PUNJAB NATIONAL BANK,129,44636,44765
705,Nov'15,JAMSHEDPUR,UNION BANK OF INDIA,0,75140,75140
706,Nov'15,KANPUR,RESERVE BANK OF INDIA,1393,139678,141071
707,Nov'15,KOLKATA CPC,RESERVE BANK OF INDIA,8091,1310727,1318818
708,Nov'15,LUCKNOW,PUNJAB NATIONAL BANK,0,298830,298830
709,Nov'15,MUMBAI,RESERVE BANK OF INDIA,206723,3542158,3748881
710,Nov'15,NAGPUR,RESERVE BANK OF INDIA,10243,306269,316512
711,Nov'15,NASIK,STATE BANK OF INDIA,0,212237,212237
712,Nov'15,NEW DELHI,RESERVE BANK OF INDIA,21508,1994475,2015983
713,Nov'15,PANAJI,STATE BANK OF INDIA,225208,150949,376157
714,Nov'15,PATNA,RESERVE BANK OF INDIA,1246,114800,116046
715,Nov'15,PUNE,UNION BANK OF INDIA,28029,1052456,1080485
716,Nov'15,RAIPUR,STATE BANK OF INDIA,0,79719,79719
717,Nov'15,RANCHI,STATE BANK OF INDIA,0,55981,55981
718,Nov'15,SHIMLA,STATE BANK OF INDIA,101,5,106
719,Nov'15,SOLAPUR,STATE BANK OF INDIA,0,63375,63375
720,Nov'15,TRIVANDRUM,RESERVE BANK OF INDIA,6451,842923,849374
721,Dec'15,AGARTALA,STATE BANK OF INDIA,0,0,0
722,Dec'15,AGRA,PUNJAB NATIONAL BANK,0,0,0
723,Dec'15,AMRITSAR,ORIENTAL BANK OF COMMERCE,0,0,0
724,Dec'15,ANAND,UNION BANK OF INDIA,0,0,0
725,Dec'15,ASANSOL,STATE BANK OF INDIA,0,0,0
726,Dec'15,AURANGABAD,PUNJAB NATIONAL BANK,0,0,0
727,Dec'15,BELGAUM,UNION BANK OF INDIA,0,0,0
728,Dec'15,BHAVNAGAR,BANK OF BARODA,0,0,0
729,Dec'15,BHILWARA,STATE BANK OF BIKANER AND JAIPUR,0,0,0
730,Dec'15,BIJAPUR,STATE BANK OF INDIA,0,0,0
731,Dec'15,BIKANER,STATE BANK OF BIKANER AND JAIPUR,0,0,0
732,Dec'15,BURDWAN,STATE BANK OF INDIA,0,0,0
733,Dec'15,COIMBATORE,BANK OF BARODA,0,0,0
734,Dec'15,CUTTACK,STATE BANK OF INDIA,0,0,0
735,Dec'15,DAVANGERE,STATE BANK OF MYSORE,0,0,0
736,Dec'15,DEHRADUN,STATE BANK OF INDIA,0,0,0
737,Dec'15,DURGAPUR,STATE BANK OF INDIA,0,0,0
738,Dec'15,ERNAKULAM,STATE BANK OF TRAVANCORE,0,0,0
739,Dec'15,ERODE ,PUNJAB NATIONAL BANK,0,0,0
740,Dec'15,GADAG,STATE BANK OF INDIA,0,0,0
741,Dec'15,GANGTOK,STATE BANK OF INDIA,0,0,0
742,Dec'15,GULBARGA,STATE BANK OF HYDERABAD,0,0,0
743,Dec'15,HALDIA,UNITED BANK OF INDIA,0,0,0
744,Dec'15,HASSAN,STATE BANK OF MYSORE,0,0,0
745,Dec'15,HUBLI,STATE BANK OF INDIA,0,0,0
746,Dec'15,IMPHAL,STATE BANK OF INDIA,0,0,0
747,Dec'15,JALANDHAR,PUNJAB NATIONAL BANK,0,0,0
748,Dec'15,JAMNAGAR,BANK OF BARODA,0,0,0
749,Dec'15,JODHPUR,STATE BANK OF INDIA,0,0,0
750,Dec'15,KAKINADA,STATE BANK OF INDIA,0,0,0
751,Dec'15,KOLHAPUR,PUNJAB NATIONAL BANK,0,0,0
752,Dec'15,KOTA,UNION BANK OF INDIA,0,0,0
753,Dec'15,KOZHIKODE,STATE BANK OF INDIA,0,0,0
754,Dec'15,LUDHIANA,PUNJAB NATIONAL BANK,0,0,0
755,Dec'15,MADURAI,CANARA BANK,0,0,0
756,Dec'15,MANDYA,STATE BANK OF MYSORE,0,0,0
757,Dec'15,MANGALORE,CORPORATION BANK,0,0,0
758,Dec'15,MYSORE,PUNJAB NATIONAL BANK,0,0,0
759,Dec'15,NELLORE,STATE BANK OF INDIA,0,0,0
760,Dec'15,PONDICHERRY,STATE BANK OF INDIA,0,0,0
761,Dec'15,RAICHUR,STATE BANK OF HYDERABAD,0,0,0
762,Dec'15,RAJKOT,BANK OF BARODA,0,0,0
763,Dec'15,SALEM,UNION BANK OF INDIA,0,0,0
764,Dec'15,SHILLONG,STATE BANK OF INDIA,0,0,0
765,Dec'15,SHIMOGA,STATE BANK OF MYSORE,0,0,0
766,Dec'15,SILIGURI,STATE BANK OF INDIA,0,0,0
767,Dec'15,SURAT,STATE BANK OF INDIA,0,0,0
768,Dec'15,TIRUCHIRAPALLI,STATE BANK OF INDIA,0,0,0
769,Dec'15,TIRUNELVELI,STATE BANK OF INDIA,0,0,0
770,Dec'15,TIRUPATI,STATE BANK OF INDIA,0,0,0
771,Dec'15,TIRUPUR,STATE BANK OF INDIA,0,0,0
772,Dec'15,TRICHUR,STATE BANK OF INDIA,0,0,0
773,Dec'15,TUMKUR,STATE BANK OF MYSORE,0,0,0
774,Dec'15,UDAIPUR,PUNJAB NATIONAL BANK,0,0,0
775,Dec'15,UDUPI,STATE BANK OF INDIA,0,0,0
776,Dec'15,VADODARA,STATE BANK OF INDIA,0,0,0
777,Dec'15,VARANASI,PUNJAB NATIONAL BANK,0,0,0
778,Dec'15,VISAKHAPATNAM,ANDHRA BANK,0,0,0
779,Dec'15,AHMEDABAD,RESERVE BANK OF INDIA,52759,1781753,1834512
780,Dec'15,ALLAHABAD,PUNJAB NATIONAL BANK,1254,55942,57196
781,Dec'15,BANGALORE,RESERVE BANK OF INDIA,101567,1716327,1817894
782,Dec'15,BHOPAL,RESERVE BANK OF INDIA,1223,145939,147162
783,Dec'15,BHUBANESWAR,RESERVE BANK OF INDIA,796227,173005,969232
784,Dec'15,CHANDIGARH,RESERVE BANK OF INDIA,1486,660556,662042
785,Dec'15,CHENNAI,RESERVE BANK OF INDIA,116431,1922871,2039302
786,Dec'15,DHANBAD,STATE BANK OF INDIA,0,27053,27053
787,Dec'15,GORAKHPUR,PUNJAB NATIONAL BANK,0,58283,58283
788,Dec'15,GUWAHATI,RESERVE BANK OF INDIA,2828,97082,99910
789,Dec'15,GWALIOR,STATE BANK OF INDIA,0,31808,31808
790,Dec'15,HYDERABAD,RESERVE BANK OF INDIA,4073,13694986,13699059
791,Dec'15,INDORE,STATE BANK OF INDIA,0,221610,221610
792,Dec'15,JABALPUR,STATE BANK OF INDIA,0,52070,52070
793,Dec'15,JAIPUR,RESERVE BANK OF INDIA,5060,580093,585153
794,Dec'15,JAMMU,PUNJAB NATIONAL BANK,768,42892,43660
795,Dec'15,JAMSHEDPUR,UNION BANK OF INDIA,0,76117,76117
796,Dec'15,KANPUR,RESERVE BANK OF INDIA,4057,140638,144695
797,Dec'15,KOLKATA CPC,RESERVE BANK OF INDIA,13496,1309649,1323145
798,Dec'15,LUCKNOW,PUNJAB NATIONAL BANK,0,302313,302313
799,Dec'15,MUMBAI,RESERVE BANK OF INDIA,307992,3652053,3960045
800,Dec'15,NAGPUR,RESERVE BANK OF INDIA,66013,313225,379238
801,Dec'15,NASIK,STATE BANK OF INDIA,0,216529,216529
802,Dec'15,NEW DELHI,RESERVE BANK OF INDIA,362023,1950398,2312421
803,Dec'15,PANAJI,STATE BANK OF INDIA,222011,154799,376810
804,Dec'15,PATNA,RESERVE BANK OF INDIA,2501,115458,117959
805,Dec'15,PUNE,UNION BANK OF INDIA,24415,1076459,1100874
806,Dec'15,RAIPUR,STATE BANK OF INDIA,0,80390,80390
807,Dec'15,RANCHI,STATE BANK OF INDIA,0,72964,72964
808,Dec'15,SHIMLA,STATE BANK OF INDIA,101,5,106
809,Dec'15,SOLAPUR,STATE BANK OF INDIA,0,65686,65686
810,Dec'15,TRIVANDRUM,RESERVE BANK OF INDIA,7970,777879,785849
811,Jan'16,AGARTALA,STATE BANK OF INDIA,0,0,0
812,Jan'16,AGRA,PUNJAB NATIONAL BANK,0,0,0
813,Jan'16,AMRITSAR,ORIENTAL BANK OF COMMERCE,0,0,0
814,Jan'16,ANAND,UNION BANK OF INDIA,0,0,0
815,Jan'16,ASANSOL,STATE BANK OF INDIA,0,0,0
816,Jan'16,AURANGABAD,PUNJAB NATIONAL BANK,0,0,0
817,Jan'16,BELGAUM,UNION BANK OF INDIA,0,0,0
818,Jan'16,BHAVNAGAR,BANK OF BARODA,0,0,0
819,Jan'16,BHILWARA,STATE BANK OF BIKANER AND JAIPUR,0,0,0
820,Jan'16,BIJAPUR,STATE BANK OF INDIA,0,0,0
821,Jan'16,BIKANER,STATE BANK OF BIKANER AND JAIPUR,0,0,0
822,Jan'16,BURDWAN,STATE BANK OF INDIA,0,0,0
823,Jan'16,COIMBATORE,BANK OF BARODA,0,0,0
824,Jan'16,CUTTACK,STATE BANK OF INDIA,0,0,0
825,Jan'16,DAVANGERE,STATE BANK OF MYSORE,0,0,0
826,Jan'16,DEHRADUN,STATE BANK OF INDIA,0,0,0
827,Jan'16,DURGAPUR,STATE BANK OF INDIA,0,0,0
828,Jan'16,ERNAKULAM,STATE BANK OF TRAVANCORE,0,0,0
829,Jan'16,ERODE ,PUNJAB NATIONAL BANK,0,0,0
830,Jan'16,GADAG,STATE BANK OF INDIA,0,0,0
831,Jan'16,GANGTOK,STATE BANK OF INDIA,0,0,0
832,Jan'16,GULBARGA,STATE BANK OF HYDERABAD,0,0,0
833,Jan'16,HALDIA,UNITED BANK OF INDIA,0,0,0
834,Jan'16,HASSAN,STATE BANK OF MYSORE,0,0,0
835,Jan'16,HUBLI,STATE BANK OF INDIA,0,0,0
836,Jan'16,IMPHAL,STATE BANK OF INDIA,0,0,0
837,Jan'16,JALANDHAR,PUNJAB NATIONAL BANK,0,0,0
838,Jan'16,JAMNAGAR,BANK OF BARODA,0,0,0
839,Jan'16,JODHPUR,STATE BANK OF INDIA,0,0,0
840,Jan'16,KAKINADA,STATE BANK OF INDIA,0,0,0
841,Jan'16,KOLHAPUR,PUNJAB NATIONAL BANK,0,0,0
842,Jan'16,KOTA,UNION BANK OF INDIA,0,0,0
843,Jan'16,KOZHIKODE,STATE BANK OF INDIA,0,0,0
844,Jan'16,LUDHIANA,PUNJAB NATIONAL BANK,0,0,0
845,Jan'16,MADURAI,CANARA BANK,0,0,0
846,Jan'16,MANDYA,STATE BANK OF MYSORE,0,0,0
847,Jan'16,MANGALORE,CORPORATION BANK,0,0,0
848,Jan'16,MYSORE,PUNJAB NATIONAL BANK,0,0,0
849,Jan'16,NELLORE,STATE BANK OF INDIA,0,0,0
850,Jan'16,PONDICHERRY,STATE BANK OF INDIA,0,0,0
851,Jan'16,RAICHUR,STATE BANK OF HYDERABAD,0,0,0
852,Jan'16,RAJKOT,BANK OF BARODA,0,0,0
853,Jan'16,SALEM,UNION BANK OF INDIA,0,0,0
854,Jan'16,SHILLONG,STATE BANK OF INDIA,0,0,0
855,Jan'16,SHIMOGA,STATE BANK OF MYSORE,0,0,0
856,Jan'16,SILIGURI,STATE BANK OF INDIA,0,0,0
857,Jan'16,SURAT,STATE BANK OF INDIA,0,0,0
858,Jan'16,TIRUCHIRAPALLI,STATE BANK OF INDIA,0,0,0
859,Jan'16,TIRUNELVELI,STATE BANK OF INDIA,0,0,0
860,Jan'16,TIRUPATI,STATE BANK OF INDIA,0,0,0
861,Jan'16,TIRUPUR,STATE BANK OF INDIA,0,0,0
862,Jan'16,TRICHUR,STATE BANK OF INDIA,0,0,0
863,Jan'16,TUMKUR,STATE BANK OF MYSORE,0,0,0
864,Jan'16,UDAIPUR,PUNJAB NATIONAL BANK,0,0,0
865,Jan'16,UDUPI,STATE BANK OF INDIA,0,0,0
866,Jan'16,VADODARA,STATE BANK OF INDIA,0,0,0
867,Jan'16,VARANASI,PUNJAB NATIONAL BANK,0,0,0
868,Jan'16,VISAKHAPATNAM,ANDHRA BANK,0,0,0
869,Jan'16,AHMEDABAD,RESERVE BANK OF INDIA,62135,1665129,1727264
870,Jan'16,ALLAHABAD,PUNJAB NATIONAL BANK,0,4921,4921
871,Jan'16,BANGALORE,RESERVE BANK OF INDIA,92285,1662882,1755167
872,Jan'16,BHOPAL,RESERVE BANK OF INDIA,803,145884,146687
873,Jan'16,BHUBANESWAR,RESERVE BANK OF INDIA,817983,109261,927244
874,Jan'16,CHANDIGARH,RESERVE BANK OF INDIA,1373,19471,20844
875,Jan'16,CHENNAI,RESERVE BANK OF INDIA,1137392,1590315,2727707
876,Jan'16,DHANBAD,STATE BANK OF INDIA,0,5284,5284
877,Jan'16,GORAKHPUR,PUNJAB NATIONAL BANK,0,3267,3267
878,Jan'16,GUWAHATI,RESERVE BANK OF INDIA,496,3906,4402
879,Jan'16,GWALIOR,STATE BANK OF INDIA,0,32080,32080
880,Jan'16,HYDERABAD,RESERVE BANK OF INDIA,5225,576479,581704
881,Jan'16,INDORE,STATE BANK OF INDIA,0,203704,203704
882,Jan'16,JABALPUR,STATE BANK OF INDIA,0,56011,56011
883,Jan'16,JAIPUR,RESERVE BANK OF INDIA,1980,10254,12234
884,Jan'16,JAMMU,PUNJAB NATIONAL BANK,781,46191,46972
885,Jan'16,JAMSHEDPUR,UNION BANK OF INDIA,0,10646,10646
886,Jan'16,KANPUR,RESERVE BANK OF INDIA,1592,13481,15073
887,Jan'16,KOLKATA CPC,RESERVE BANK OF INDIA,9012,1181481,1190493
888,Jan'16,LUCKNOW,PUNJAB NATIONAL BANK,0,28652,28652
889,Jan'16,MUMBAI,RESERVE BANK OF INDIA,271533,3528111,3799644
890,Jan'16,NAGPUR,RESERVE BANK OF INDIA,58946,310998,369944
891,Jan'16,NASIK,STATE BANK OF INDIA,0,216576,216576
892,Jan'16,NEW DELHI,RESERVE BANK OF INDIA,225702,22938,248640
893,Jan'16,PANAJI,STATE BANK OF INDIA,214607,151272,365879
894,Jan'16,PATNA,RESERVE BANK OF INDIA,2211,16438,18649
895,Jan'16,PUNE,UNION BANK OF INDIA,26980,896329,923309
896,Jan'16,RAIPUR,STATE BANK OF INDIA,0,78948,78948
897,Jan'16,RANCHI,STATE BANK OF INDIA,0,16303,16303
898,Jan'16,SHIMLA,STATE BANK OF INDIA,102,5,107
899,Jan'16,SOLAPUR,STATE BANK OF INDIA,0,64644,64644
900,Jan'16,TRIVANDRUM,RESERVE BANK OF INDIA,7232,687060,694292
901,Feb'16,AGARTALA,STATE BANK OF INDIA,0,0,0
902,Feb'16,AGRA,PUNJAB NATIONAL BANK,0,0,0
903,Feb'16,AMRITSAR,ORIENTAL BANK OF COMMERCE,0,0,0
904,Feb'16,ANAND,UNION BANK OF INDIA,0,0,0
905,Feb'16,ASANSOL,STATE BANK OF INDIA,0,0,0
906,Feb'16,AURANGABAD,PUNJAB NATIONAL BANK,0,0,0
907,Feb'16,BELGAUM,UNION BANK OF INDIA,0,0,0
908,Feb'16,BHAVNAGAR,BANK OF BARODA,0,0,0
909,Feb'16,BHILWARA,STATE BANK OF BIKANER AND JAIPUR,0,0,0
910,Feb'16,BIJAPUR,STATE BANK OF INDIA,0,0,0
911,Feb'16,BIKANER,STATE BANK OF BIKANER AND JAIPUR,0,0,0
912,Feb'16,BURDWAN,STATE BANK OF INDIA,0,0,0
913,Feb'16,COIMBATORE,BANK OF BARODA,0,0,0
914,Feb'16,CUTTACK,STATE BANK OF INDIA,0,0,0
915,Feb'16,DAVANGERE,STATE BANK OF MYSORE,0,0,0
916,Feb'16,DEHRADUN,STATE BANK OF INDIA,0,0,0
917,Feb'16,DURGAPUR,STATE BANK OF INDIA,0,0,0
918,Feb'16,ERNAKULAM,STATE BANK OF TRAVANCORE,0,0,0
919,Feb'16,ERODE ,PUNJAB NATIONAL BANK,0,0,0
920,Feb'16,GADAG,STATE BANK OF INDIA,0,0,0
921,Feb'16,GANGTOK,STATE BANK OF INDIA,0,0,0
922,Feb'16,GULBARGA,STATE BANK OF HYDERABAD,0,0,0
923,Feb'16,HALDIA,UNITED BANK OF INDIA,0,0,0
924,Feb'16,HASSAN,STATE BANK OF MYSORE,0,0,0
925,Feb'16,HUBLI,STATE BANK OF INDIA,0,0,0
926,Feb'16,IMPHAL,STATE BANK OF INDIA,0,0,0
927,Feb'16,JALANDHAR,PUNJAB NATIONAL BANK,0,0,0
928,Feb'16,JAMNAGAR,BANK OF BARODA,0,0,0
929,Feb'16,JODHPUR,STATE BANK OF INDIA,0,0,0
930,Feb'16,KAKINADA,STATE BANK OF INDIA,0,0,0
931,Feb'16,KOLHAPUR,PUNJAB NATIONAL BANK,0,0,0
932,Feb'16,KOTA,UNION BANK OF INDIA,0,0,0
933,Feb'16,KOZHIKODE,STATE BANK OF INDIA,0,0,0
934,Feb'16,LUDHIANA,PUNJAB NATIONAL BANK,0,0,0
935,Feb'16,MADURAI,CANARA BANK,0,0,0
936,Feb'16,MANDYA,STATE BANK OF MYSORE,0,0,0
937,Feb'16,MANGALORE,CORPORATION BANK,0,0,0
938,Feb'16,MYSORE,PUNJAB NATIONAL BANK,0,0,0
939,Feb'16,NELLORE,STATE BANK OF INDIA,0,0,0
940,Feb'16,PONDICHERRY,STATE BANK OF INDIA,0,0,0
941,Feb'16,RAICHUR,STATE BANK OF HYDERABAD,0,0,0
942,Feb'16,RAJKOT,BANK OF BARODA,0,0,0
943,Feb'16,SALEM,UNION BANK OF INDIA,0,0,0
944,Feb'16,SHILLONG,STATE BANK OF INDIA,0,0,0
945,Feb'16,SHIMOGA,STATE BANK OF MYSORE,0,0,0
946,Feb'16,SILIGURI,STATE BANK OF INDIA,0,0,0
947,Feb'16,SURAT,STATE BANK OF INDIA,0,0,0
948,Feb'16,TIRUCHIRAPALLI,STATE BANK OF INDIA,0,0,0
949,Feb'16,TIRUNELVELI,STATE BANK OF INDIA,0,0,0
950,Feb'16,TIRUPATI,STATE BANK OF INDIA,0,0,0
951,Feb'16,TIRUPUR,STATE BANK OF INDIA,0,0,0
952,Feb'16,TRICHUR,STATE BANK OF INDIA,0,0,0
953,Feb'16,TUMKUR,STATE BANK OF MYSORE,0,0,0
954,Feb'16,UDAIPUR,PUNJAB NATIONAL BANK,0,0,0
955,Feb'16,UDUPI,STATE BANK OF INDIA,0,0,0
956,Feb'16,VADODARA,STATE BANK OF INDIA,0,0,0
957,Feb'16,VARANASI,PUNJAB NATIONAL BANK,0,0,0
958,Feb'16,VISAKHAPATNAM,ANDHRA BANK,0,0,0
959,Feb'16,AHMEDABAD,RESERVE BANK OF INDIA,8981,924631,933612
960,Feb'16,ALLAHABAD,PUNJAB NATIONAL BANK,0,3923,3923
961,Feb'16,BANGALORE,RESERVE BANK OF INDIA,61246,1621870,1683116
962,Feb'16,BHOPAL,RESERVE BANK OF INDIA,115,144570,144685
963,Feb'16,BHUBANESWAR,RESERVE BANK OF INDIA,868358,22957,891315
964,Feb'16,CHANDIGARH,RESERVE BANK OF INDIA,550,17263,17813
965,Feb'16,CHENNAI,RESERVE BANK OF INDIA,103886,592369,696255
966,Feb'16,DHANBAD,STATE BANK OF INDIA,0,4260,4260
967,Feb'16,GORAKHPUR,PUNJAB NATIONAL BANK,0,24267,24267
968,Feb'16,GUWAHATI,RESERVE BANK OF INDIA,515,2063,2578
969,Feb'16,GWALIOR,STATE BANK OF INDIA,0,33503,33503
970,Feb'16,HYDERABAD,RESERVE BANK OF INDIA,3217,384576,387793
971,Feb'16,INDORE,STATE BANK OF INDIA,0,201355,201355
972,Feb'16,JABALPUR,STATE BANK OF INDIA,0,59030,59030
973,Feb'16,JAIPUR,RESERVE BANK OF INDIA,1837,13081,14918
974,Feb'16,JAMMU,PUNJAB NATIONAL BANK,374,46337,46711
975,Feb'16,JAMSHEDPUR,UNION BANK OF INDIA,0,2785,2785
976,Feb'16,KANPUR,RESERVE BANK OF INDIA,1364,10776,12140
977,Feb'16,KOLKATA CPC,RESERVE BANK OF INDIA,7380,1168715,1176095
978,Feb'16,LUCKNOW,PUNJAB NATIONAL BANK,0,16677,16677
979,Feb'16,MUMBAI,RESERVE BANK OF INDIA,229216,3473995,3703211
980,Feb'16,NAGPUR,RESERVE BANK OF INDIA,52293,307889,360182
981,Feb'16,NASIK,STATE BANK OF INDIA,0,214362,214362
982,Feb'16,NEW DELHI,RESERVE BANK OF INDIA,21131,48442,69573
983,Feb'16,PANAJI,STATE BANK OF INDIA,219984,149031,369015
984,Feb'16,PATNA,RESERVE BANK OF INDIA,1249,6074,7323
985,Feb'16,PUNE,UNION BANK OF INDIA,21398,716099,737497
986,Feb'16,RAIPUR,STATE BANK OF INDIA,0,79074,79074
987,Feb'16,RANCHI,STATE BANK OF INDIA,0,4241,4241
988,Feb'16,SHIMLA,STATE BANK OF INDIA,101,5,106
989,Feb'16,SOLAPUR,STATE BANK OF INDIA,0,61773,61773
990,Feb'16,TRIVANDRUM,RESERVE BANK OF INDIA,6603,684538,691141
991,Mar'16,AGARTALA,STATE BANK OF INDIA,0,0,0
992,Mar'16,AGRA,PUNJAB NATIONAL BANK,0,0,0
993,Mar'16,AMRITSAR,ORIENTAL BANK OF COMMERCE,0,0,0
994,Mar'16,ANAND,UNION BANK OF INDIA,0,0,0
995,Mar'16,ASANSOL,STATE BANK OF INDIA,0,0,0
996,Mar'16,AURANGABAD,PUNJAB NATIONAL BANK,0,0,0
997,Mar'16,BELGAUM,UNION BANK OF INDIA,0,0,0
998,Mar'16,BHAVNAGAR,BANK OF BARODA,0,0,0
999,Mar'16,BHILWARA,STATE BANK OF BIKANER AND JAIPUR,0,0,0
1000,Mar'16,BIJAPUR,STATE BANK OF INDIA,0,0,0
1001,Mar'16,BIKANER,STATE BANK OF BIKANER AND JAIPUR,0,0,0
1002,Mar'16,BURDWAN,STATE BANK OF INDIA,0,0,0
1003,Mar'16,COIMBATORE,BANK OF BARODA,0,0,0
1004,Mar'16,CUTTACK,STATE BANK OF INDIA,0,0,0
1005,Mar'16,DAVANGERE,STATE BANK OF MYSORE,0,0,0
1006,Mar'16,DEHRADUN,STATE BANK OF INDIA,0,0,0
1007,Mar'16,DURGAPUR,STATE BANK OF INDIA,0,0,0
1008,Mar'16,ERNAKULAM,STATE BANK OF TRAVANCORE,0,0,0
1009,Mar'16,ERODE ,PUNJAB NATIONAL BANK,0,0,0
1010,Mar'16,GADAG,STATE BANK OF INDIA,0,0,0
1011,Mar'16,GANGTOK,STATE BANK OF INDIA,0,0,0
1012,Mar'16,GULBARGA,STATE BANK OF HYDERABAD,0,0,0
1013,Mar'16,HALDIA,UNITED BANK OF INDIA,0,0,0
1014,Mar'16,HASSAN,STATE BANK OF MYSORE,0,0,0
1015,Mar'16,HUBLI,STATE BANK OF INDIA,0,0,0
1016,Mar'16,IMPHAL,STATE BANK OF INDIA,0,0,0
1017,Mar'16,JALANDHAR,PUNJAB NATIONAL BANK,0,0,0
1018,Mar'16,JAMNAGAR,BANK OF BARODA,0,0,0
1019,Mar'16,JODHPUR,STATE BANK OF INDIA,0,0,0
1020,Mar'16,KAKINADA,STATE BANK OF INDIA,0,0,0
1021,Mar'16,KOLHAPUR,PUNJAB NATIONAL BANK,0,0,0
1022,Mar'16,KOTA,UNION BANK OF INDIA,0,0,0
1023,Mar'16,KOZHIKODE,STATE BANK OF INDIA,0,0,0
1024,Mar'16,LUDHIANA,PUNJAB NATIONAL BANK,0,0,0
1025,Mar'16,MADURAI,CANARA BANK,0,0,0
1026,Mar'16,MANDYA,STATE BANK OF MYSORE,0,0,0
1027,Mar'16,MANGALORE,CORPORATION BANK,0,0,0
1028,Mar'16,MYSORE,PUNJAB NATIONAL BANK,0,0,0
1029,Mar'16,NELLORE,STATE BANK OF INDIA,0,0,0
1030,Mar'16,PONDICHERRY,STATE BANK OF INDIA,0,0,0
1031,Mar'16,RAICHUR,STATE BANK OF HYDERABAD,0,0,0
1032,Mar'16,RAJKOT,BANK OF BARODA,0,0,0
1033,Mar'16,SALEM,UNION BANK OF INDIA,0,0,0
1034,Mar'16,SHILLONG,STATE BANK OF INDIA,0,0,0
1035,Mar'16,SHIMOGA,STATE BANK OF MYSORE,0,0,0
1036,Mar'16,SILIGURI,STATE BANK OF INDIA,0,0,0
1037,Mar'16,SURAT,STATE BANK OF INDIA,0,0,0
1038,Mar'16,TIRUCHIRAPALLI,STATE BANK OF INDIA,0,0,0
1039,Mar'16,TIRUNELVELI,STATE BANK OF INDIA,0,0,0
1040,Mar'16,TIRUPATI,STATE BANK OF INDIA,0,0,0
1041,Mar'16,TIRUPUR,STATE BANK OF INDIA,0,0,0
1042,Mar'16,TRICHUR,STATE BANK OF INDIA,0,0,0
1043,Mar'16,TUMKUR,STATE BANK OF MYSORE,0,0,0
1044,Mar'16,UDAIPUR,PUNJAB NATIONAL BANK,0,0,0
1045,Mar'16,UDUPI,STATE BANK OF INDIA,0,0,0
1046,Mar'16,VADODARA,STATE BANK OF INDIA,0,0,0
1047,Mar'16,VARANASI,PUNJAB NATIONAL BANK,0,0,0
1048,Mar'16,VISAKHAPATNAM,ANDHRA BANK,0,0,0
1049,Mar'16,AHMEDABAD,RESERVE BANK OF INDIA,51155,530334,581489
1050,Mar'16,ALLAHABAD,PUNJAB NATIONAL BANK,0,2908,2908
1051,Mar'16,BANGALORE,RESERVE BANK OF INDIA,77379,950195,1027574
1052,Mar'16,BHOPAL,RESERVE BANK OF INDIA,295,110763,111058
1053,Mar'16,BHUBANESWAR,RESERVE BANK OF INDIA,2444186,7119,2451305
1054,Mar'16,CHANDIGARH,RESERVE BANK OF INDIA,668,11421,12089
1055,Mar'16,CHENNAI,RESERVE BANK OF INDIA,57562,565329,622891
1056,Mar'16,DHANBAD,STATE BANK OF INDIA,0,1962,1962
1057,Mar'16,GORAKHPUR,PUNJAB NATIONAL BANK,0,15036,15036
1058,Mar'16,GUWAHATI,RESERVE BANK OF INDIA,1028,1423,2451
1059,Mar'16,GWALIOR,STATE BANK OF INDIA,0,28495,28495
1060,Mar'16,HYDERABAD,RESERVE BANK OF INDIA,2146,20230,22376
1061,Mar'16,INDORE,STATE BANK OF INDIA,0,174939,174939
1062,Mar'16,JABALPUR,STATE BANK OF INDIA,0,47628,47628
1063,Mar'16,JAIPUR,RESERVE BANK OF INDIA,1920,7665,9585
1064,Mar'16,JAMMU,PUNJAB NATIONAL BANK,452,25761,26213
1065,Mar'16,JAMSHEDPUR,UNION BANK OF INDIA,0,694,694
1066,Mar'16,KANPUR,RESERVE BANK OF INDIA,1761,6880,8641
1067,Mar'16,KOLKATA CPC,RESERVE BANK OF INDIA,5542,1167420,1172962
1068,Mar'16,LUCKNOW,PUNJAB NATIONAL BANK,0,9680,9680
1069,Mar'16,MUMBAI,RESERVE BANK OF INDIA,260630,3465535,3726165
1070,Mar'16,NAGPUR,RESERVE BANK OF INDIA,61648,214378,276026
1071,Mar'16,NASIK,STATE BANK OF INDIA,0,152276,152276
1072,Mar'16,NEW DELHI,RESERVE BANK OF INDIA,287248,18015,305263
1073,Mar'16,PANAJI,STATE BANK OF INDIA,222901,142413,365314
1074,Mar'16,PATNA,RESERVE BANK OF INDIA,1511,905,2416
1075,Mar'16,PUNE,UNION BANK OF INDIA,28434,860824,889258
1076,Mar'16,RAIPUR,STATE BANK OF INDIA,0,67918,67918
1077,Mar'16,RANCHI,STATE BANK OF INDIA,0,1184,1184
1078,Mar'16,SHIMLA,STATE BANK OF INDIA,101,4,105
1079,Mar'16,SOLAPUR,STATE BANK OF INDIA,0,84,84
1080,Mar'16,TRIVANDRUM,RESERVE BANK OF INDIA,1438,560208,561646
