1,Apr'14,A P MAHESH CO-OP URBAN BANK LTD,25
2,Apr'14,ALLAHABAD BANK,5074
3,Apr'14,ANDHRA BANK,22768
4,Apr'14,AXIS BANK LTD,1670906
5,Apr'14,BANK OF BARODA,72705
6,Apr'14,BANK OF INDIA,49
7,Apr'14,BANK OF MAHARASHTRA,610
8,Apr'14,BASSEIN CATHOLIC CO-OP. BANK LTD,332
9,Apr'14,CANARA BANK,120376
10,Apr'14,CENTRAL BANK OF INDIA,1530
11,Apr'14,CITI BANK,258287
12,Apr'14,CITY UNION BANK,2129
13,Apr'14,CORPORATION BANK,17163
14,Apr'14,DENA BANK,1683
15,Apr'14,DEVELOPMENT CREDIT BANK LTD,2384
16,Apr'14,DHANLAXMI BANK LIMITED,315
17,Apr'14,DOMBIVALI NAGRIK SAHAKARI LTD,304
18,Apr'14,FEDERAL BANK LTD.,44018
19,Apr'14,FIRST RAND BANK,3
20,Apr'14,GREATER BOMBAY CO.OP BANK LIMITED,3106
21,Apr'14,HDFC BANK LTD.,295470
22,Apr'14,HSBC,2881
23,Apr'14,ICICI BANK LTD,1656941
24,Apr'14,IDBI LTD.,2033
25,Apr'14,INDIAN BANK,3686
26,Apr'14,INDIAN OVERSEAS BANK,368
27,Apr'14,INDUSIND BANK LTD,4949
28,Apr'14,ING VYSYA BANK LTD.,13183
29,Apr'14,JAMMU AND KASHMIR BANK,138
30,Apr'14,JANTA SAHAKARI BANK PUNE,95
31,Apr'14,KARNATAKA BANK LTD,18000
32,Apr'14,KARUR VYSYA BANK LTD,15322
33,Apr'14,KERALA GRAMIN BANK ,463
34,Apr'14,KOTAK MAHINDRA BANK LTD,247514
35,Apr'14,LAXMI VILAS BANK LTD,351
36,Apr'14,MEHSANA URBAN CO-OP. BANK LIMITED,299
37,Apr'14,NKGSB CO-OPERATIVE BANK LIMITED,190
38,Apr'14,NAINITAL BANK LIMITED,50
39,Apr'14,ORIENTAL BANK OF COMMERCE,5688
40,Apr'14,PALLAVAN GRAMA BANK,2480
41,Apr'14,PRAGATHI GRAMIN BANK,332
42,Apr'14,PUNJAB AND MAHARASHTRA CO-OP BANK,5510
43,Apr'14,PUNJAB AND SINDH BANK,82
44,Apr'14,PUNJAB NATIONAL BANK,20812
45,Apr'14,RATNAKAR BANK LIMITED,6
46,Apr'14,SARASWAT CO-OP. BANK LTD,1970
47,Apr'14,SOUTH INDIAN BANK,46967
48,Apr'14,ST.BANK OF BIKANER AND JAIPUR,40198
49,Apr'14,STANDARD CHARTERED BANK ,658
50,Apr'14,STATE BANK OF HYDERABAD,66171
51,Apr'14,STATE BANK OF INDIA,4917285
52,Apr'14,STATE BANK OF MYSORE,29486
53,Apr'14,STATE BANK OF PATIALA,14620
54,Apr'14,STATE BANK OF TRAVANCORE,60424
55,Apr'14,SYNDICATE BANK,2230
56,Apr'14,TAMILNADU MERCANTILE BANK LTD,8779
57,Apr'14,THANE JANTA SAHAKARI BANK LTD,966
58,Apr'14,THE COSMOS CO-OP BANK LIMITED,593
59,Apr'14,UCO BANK,9424
60,Apr'14,UNION BANK OF INDIA,66317
61,Apr'14,UNITED BANK OF INDIA,5604
62,Apr'14,VIJAYA BANK,11556
63,Apr'14,YES BANK LIMITED,367669
64,May'14,A P MAHESH CO-OP URBAN BANK LTD,252
65,May'14,ALLAHABAD BANK,5438
66,May'14,ANDHRA BANK,24564
67,May'14,AXIS BANK LTD,1567606
68,May'14,BANK OF BARODA,80244
69,May'14,BANK OF INDIA,38
70,May'14,BANK OF MAHARASHTRA,580
71,May'14,BASSEIN CATHOLIC CO-OP. BANK LTD,297
72,May'14,CANARA BANK,128223
73,May'14,CENTRAL BANK OF INDIA,1330
74,May'14,CITI BANK,313506
75,May'14,CITY UNION BANK,2102
76,May'14,CORPORATION BANK,18017
77,May'14,DENA BANK,2065
78,May'14,DEVELOPMENT CREDIT BANK LTD,2557
79,May'14,DHANLAXMI BANK LIMITED,334
80,May'14,DOMBIVALI NAGRIK SAHAKARI LTD,245
81,May'14,FEDERAL BANK LTD.,47940
82,May'14,FIRST RAND BANK,6
83,May'14,GREATER BOMBAY CO.OP BANK LIMITED,2954
84,May'14,HDFC BANK LTD.,358737
85,May'14,HSBC,3381
86,May'14,ICICI BANK LTD,1885962
87,May'14,IDBI LTD.,1990
88,May'14,INDIAN BANK,3223
89,May'14,INDIAN OVERSEAS BANK,411
90,May'14,INDUSIND BANK LTD,7883
91,May'14,ING VYSYA BANK LTD.,15992
92,May'14,JAMMU AND KASHMIR BANK,134
93,May'14,JANTA SAHAKARI BANK PUNE,109
94,May'14,KARNATAKA BANK LTD,18994
95,May'14,KARUR VYSYA BANK LTD,16404
96,May'14,KERALA GRAMIN BANK ,567
97,May'14,KOTAK MAHINDRA BANK LTD,281780
98,May'14,LAXMI VILAS BANK LTD,301
99,May'14,MEHSANA URBAN CO-OP. BANK LIMITED,304
100,May'14,NKGSB CO-OPERATIVE BANK LIMITED,222
101,May'14,NAINITAL BANK LIMITED,59
102,May'14,ORIENTAL BANK OF COMMERCE,5838
103,May'14,PALLAVAN GRAMA BANK,1955
104,May'14,PRAGATHI GRAMIN BANK,348
105,May'14,PUNJAB AND MAHARASHTRA CO-OP BANK,5380
106,May'14,PUNJAB AND SINDH BANK,110
107,May'14,PUNJAB NATIONAL BANK,23619
108,May'14,RBL  BANK LIMITED,7
109,May'14,ROYAL BANK OF SCOTLAND N.V.,19
110,May'14,SARASWAT CO-OP. BANK LTD,2049
111,May'14,SOUTH INDIAN BANK,49991
112,May'14,ST.BANK OF BIKANER AND JAIPUR,40648
113,May'14,STANDARD CHARTERED BANK ,543
114,May'14,STATE BANK OF HYDERABAD,68799
115,May'14,STATE BANK OF INDIA,5265159
116,May'14,STATE BANK OF MYSORE,30636
117,May'14,STATE BANK OF PATIALA,14963
118,May'14,STATE BANK OF TRAVANCORE,63330
119,May'14,SYNDICATE BANK,2298
120,May'14,TAMILNADU MERCANTILE BANK LTD,10004
121,May'14,THANE JANTA SAHAKARI BANK LTD,1242
122,May'14,THE COSMOS CO-OP BANK LIMITED,752
123,May'14,UCO BANK,10630
124,May'14,UNION BANK OF INDIA,89649
125,May'14,UNITED BANK OF INDIA,5978
126,May'14,VIJAYA BANK,12874
127,May'14,YES BANK LIMITED,388902
128,Jun'14,A P MAHESH CO-OP URBAN BANK LTD,260
129,Jun'14,ALLAHABAD BANK,5218
130,Jun'14,ANDHRA BANK,24465
131,Jun'14,AXIS BANK LTD,1360367
132,Jun'14,BANK OF BARODA,74245
133,Jun'14,BANK OF INDIA,38
134,Jun'14,BANK OF MAHARASHTRA,676
135,Jun'14,BASSEIN CATHOLIC CO-OP. BANK LTD,349
136,Jun'14,CANARA BANK,82970
137,Jun'14,CENTRAL BANK OF INDIA,1546
138,Jun'14,CITI BANK,299788
139,Jun'14,CITY UNION BANK,3113
140,Jun'14,CORPORATION BANK,26090
141,Jun'14,DENA BANK,2158
142,Jun'14,DEVELOPMENT CREDIT BANK LTD,2444
143,Jun'14,DHANLAXMI BANK LIMITED,298
144,Jun'14,DOMBIVALI NAGRIK SAHAKARI LTD,280
145,Jun'14,FEDERAL BANK LTD.,47589
146,Jun'14,FIRST RAND BANK,2
147,Jun'14,GREATER BOMBAY CO.OP BANK LIMITED,3143
148,Jun'14,HDFC BANK LTD.,351883
149,Jun'14,HSBC,3141
150,Jun'14,ICICI BANK LTD,1951469
151,Jun'14,IDBI LTD.,1740
152,Jun'14,INDIAN BANK,2374
153,Jun'14,INDIAN OVERSEAS BANK,358
154,Jun'14,INDUSIND BANK LTD,7495
155,Jun'14,ING VYSYA BANK LTD.,35101
156,Jun'14,JAMMU AND KASHMIR BANK,195
157,Jun'14,JANTA SAHAKARI BANK PUNE,110
158,Jun'14,KARNATAKA BANK LTD,20447
159,Jun'14,KARUR VYSYA BANK LTD,17049
160,Jun'14,KERALA GRAMIN BANK ,638
161,Jun'14,KOTAK MAHINDRA BANK LTD,293259
162,Jun'14,LAXMI VILAS BANK LTD,302
163,Jun'14,MEHSANA URBAN CO-OP. BANK LIMITED,274
164,Jun'14,NKGSB CO-OPERATIVE BANK LIMITED,264
165,Jun'14,NAINITAL BANK LIMITED,73
166,Jun'14,ORIENTAL BANK OF COMMERCE,5725
167,Jun'14,PALLAVAN GRAMA BANK,1712
168,Jun'14,PRAGATHI KRISHNA GRAMIN BANK,338
169,Jun'14,PUNJAB AND MAHARASHTRA CO-OP BANK,5567
170,Jun'14,PUNJAB AND SINDH BANK,214
171,Jun'14,PUNJAB NATIONAL BANK,29231
172,Jun'14,RBL  BANK LIMITED,15
173,Jun'14,ROYAL BANK OF SCOTLAND N.V.,206
174,Jun'14,SARASWAT CO-OP. BANK LTD,2389
175,Jun'14,SOUTH INDIAN BANK,50142
176,Jun'14,ST.BANK OF BIKANER AND JAIPUR,39663
177,Jun'14,STANDARD CHARTERED BANK ,569
178,Jun'14,STATE BANK OF HYDERABAD,64327
179,Jun'14,STATE BANK OF INDIA,5227782
180,Jun'14,STATE BANK OF MYSORE,30397
181,Jun'14,STATE BANK OF PATIALA,14020
182,Jun'14,STATE BANK OF TRAVANCORE,65575
183,Jun'14,SYNDICATE BANK,2195
184,Jun'14,TAMILNADU MERCANTILE BANK LTD,10478
185,Jun'14,THANE JANTA SAHAKARI BANK LTD,1415
186,Jun'14,THE COSMOS CO-OP BANK LIMITED,712
187,Jun'14,UCO BANK,9888
188,Jun'14,UNION BANK OF INDIA,95988
189,Jun'14,UNITED BANK OF INDIA,6282
190,Jun'14,VIJAYA BANK,12465
191,Jun'14,YES BANK LIMITED,430209
192,Jul'14,A P MAHESH CO-OP URBAN BANK LTD,1607
193,Jul'14,ALLAHABAD BANK,6024
194,Jul'14,ANDHRA BANK,26878
195,Jul'14,AXIS BANK LTD,1449571
196,Jul'14,BANK OF BARODA,80221
197,Jul'14,BANK OF INDIA,28
198,Jul'14,BANK OF MAHARASHTRA,489
199,Jul'14,BASSEIN CATHOLIC CO-OP. BANK LTD,504
200,Jul'14,CANARA BANK,11974
201,Jul'14,CENTRAL BANK OF INDIA,573
202,Jul'14,CITI BANK,327452
203,Jul'14,CITY UNION BANK,7109
204,Jul'14,CORPORATION BANK,30998
205,Jul'14,DENA BANK,2450
206,Jul'14,DEVELOPMENT CREDIT BANK LTD,2511
207,Jul'14,DHANLAXMI BANK LIMITED,328
208,Jul'14,DOMBIVALI NAGRIK SAHAKARI LTD,306
209,Jul'14,FEDERAL BANK LTD.,50930
210,Jul'14,GREATER BOMBAY CO.OP BANK LIMITED,3085
211,Jul'14,HDFC BANK LTD.,387206
212,Jul'14,HSBC,4218
213,Jul'14,ICICI BANK LTD,2011926
214,Jul'14,IDBI LTD.,3084
215,Jul'14,INDIAN BANK,2549
216,Jul'14,INDIAN OVERSEAS BANK,296
217,Jul'14,INDUSIND BANK LTD,8873
218,Jul'14,ING VYSYA BANK LTD.,40474
219,Jul'14,JAMMU AND KASHMIR BANK,140
220,Jul'14,JANTA SAHAKARI BANK PUNE,185
221,Jul'14,KARNATAKA BANK LTD,20954
222,Jul'14,KARUR VYSYA BANK LTD,19620
223,Jul'14,KERALA GRAMIN BANK ,628
224,Jul'14,KOTAK MAHINDRA BANK LTD,332305
225,Jul'14,LAXMI VILAS BANK LTD,315
226,Jul'14,MEHSANA URBAN CO-OP. BANK LIMITED,333
227,Jul'14,NKGSB CO-OPERATIVE BANK LIMITED,336
228,Jul'14,NAINITAL BANK LIMITED,80
229,Jul'14,ORIENTAL BANK OF COMMERCE,6355
230,Jul'14,PALLAVAN GRAMA BANK,1648
231,Jul'14,PRAGATHI KRISHNA GRAMIN BANK,443
232,Jul'14,PUNJAB AND MAHARASHTRA CO-OP BANK,5567
233,Jul'14,PUNJAB AND SINDH BANK,402
234,Jul'14,PUNJAB NATIONAL BANK,23005
235,Jul'14,RBL BANK LIMITED,18
236,Jul'14,ROYAL BANK OF SCOTLAND N.V.,904
237,Jul'14,SARASWAT CO-OP. BANK LTD,3687
238,Jul'14,SOUTH INDIAN BANK,54667
239,Jul'14,STATE BANK OF BIKANER AND JAIPUR,42429
240,Jul'14,STANDARD CHARTERED BANK ,571
241,Jul'14,STATE BANK OF HYDERABAD,94578
242,Jul'14,STATE BANK OF INDIA,5697602
243,Jul'14,STATE BANK OF MYSORE,32258
244,Jul'14,STATE BANK OF PATIALA,14582
245,Jul'14,STATE BANK OF TRAVANCORE,68600
246,Jul'14,SYNDICATE BANK,3360
247,Jul'14,TAMILNADU MERCANTILE BANK LTD,11312
248,Jul'14,THANE JANTA SAHAKARI BANK LTD,1749
249,Jul'14,THE COSMOS CO-OP BANK LIMITED,908
250,Jul'14,UCO BANK,9890
251,Jul'14,UNION BANK OF INDIA,100880
252,Jul'14,UNITED BANK OF INDIA,7137
253,Jul'14,VIJAYA BANK,14344
254,Jul'14,YES BANK LIMITED,503903
255,Aug'14,A P MAHESH CO-OP URBAN BANK LTD,867
256,Aug'14,ALLAHABAD BANK,6734
257,Aug'14,ANDHRA BANK,24260
258,Aug'14,AXIS BANK LTD,1625452
259,Aug'14,BANK OF BARODA,76925
260,Aug'14,BANK OF INDIA,32
261,Aug'14,BANK OF MAHARASHTRA,355
262,Aug'14,BASSEIN CATHOLIC CO-OP. BANK LTD,567
263,Aug'14,CANARA BANK,94217
264,Aug'14,CENTRAL BANK OF INDIA,2136
265,Aug'14,CITI BANK,365246
266,Aug'14,CITY UNION BANK,5862
267,Aug'14,CORPORATION BANK,32122
268,Aug'14,DBS BANK LIMITED,57
269,Aug'14,DENA BANK,2686
270,Aug'14,DEVELOPMENT CREDIT BANK LTD,2071
271,Aug'14,DHANLAXMI BANK LIMITED,331
272,Aug'14,DOMBIVALI NAGRIK SAHAKARI LTD,347
273,Aug'14,FEDERAL BANK LTD.,53582
274,Aug'14,FIRST RAND BANK,2
275,Aug'14,GREATER BOMBAY CO.OP BANK LIMITED,3069
276,Aug'14,HDFC BANK LTD.,425581
277,Aug'14,HSBC,5219
278,Aug'14,ICICI BANK LTD,1970407
279,Aug'14,IDBI LTD.,1645
280,Aug'14,INDIAN BANK,1904
281,Aug'14,INDIAN OVERSEAS BANK,342
282,Aug'14,INDUSIND BANK LTD,10488
283,Aug'14,ING VYSYA BANK LTD.,41333
284,Aug'14,JAMMU AND KASHMIR BANK,179
285,Aug'14,JANTA SAHAKARI BANK PUNE,182
286,Aug'14,KARNATAKA BANK LTD,21415
287,Aug'14,KARUR VYSYA BANK LTD,19457
288,Aug'14,KERALA GRAMIN BANK ,628
289,Aug'14,KOTAK MAHINDRA BANK LTD,367331
290,Aug'14,LAXMI VILAS BANK LTD,259
291,Aug'14,MEHSANA URBAN CO-OP. BANK LIMITED,353
292,Aug'14,NKGSB CO-OPERATIVE BANK LIMITED,256
293,Aug'14,NAINITAL BANK LIMITED,64
294,Aug'14,ORIENTAL BANK OF COMMERCE,6476
295,Aug'14,PALLAVAN GRAMA BANK,2096
296,Aug'14,PRAGATHI KRISHNA GRAMIN BANK,475
297,Aug'14,PUNJAB AND MAHARASHTRA CO-OP BANK,5778
298,Aug'14,PUNJAB AND SINDH BANK,482
299,Aug'14,PUNJAB NATIONAL BANK,20904
300,Aug'14,RBL BANK LIMITED,25
301,Aug'14,ROYAL BANK OF SCOTLAND N.V.,1510
302,Aug'14,SARASWAT CO-OP. BANK LTD,4337
303,Aug'14,SOUTH INDIAN BANK,57252
304,Aug'14,STATE BANK OF BIKANER AND JAIPUR,42419
305,Aug'14,STANDARD CHARTERED BANK ,487
306,Aug'14,STATE BANK OF HYDERABAD,159890
307,Aug'14,STATE BANK OF INDIA,5939298
308,Aug'14,STATE BANK OF MYSORE,32258
309,Aug'14,STATE BANK OF PATIALA,14175
310,Aug'14,STATE BANK OF TRAVANCORE,67748
311,Aug'14,SYNDICATE BANK,6325
312,Aug'14,TAMILNADU MERCANTILE BANK LTD,11138
313,Aug'14,THANE JANTA SAHAKARI BANK LTD,1800
314,Aug'14,THE COSMOS CO-OP BANK LIMITED,1005
315,Aug'14,UCO BANK,14122
316,Aug'14,UNION BANK OF INDIA,94378
317,Aug'14,UNITED BANK OF INDIA,6350
318,Aug'14,VIJAYA BANK,15598
319,Aug'14,YES BANK LIMITED,543583
320,Sep'14,A P MAHESH CO-OP URBAN BANK LTD,2737
321,Sep'14,ALLAHABAD BANK,8537
322,Sep'14,ANDHRA BANK,28094
323,Sep'14,AXIS BANK LTD,1667925
324,Sep'14,BANK OF BARODA,86535
325,Sep'14,BANK OF INDIA,33
326,Sep'14,BANK OF MAHARASHTRA,100
327,Sep'14,BASSEIN CATHOLIC CO-OP. BANK LTD,615
328,Sep'14,CANARA BANK,91553
329,Sep'14,CENTRAL BANK OF INDIA,3056
330,Sep'14,CITI BANK,345260
331,Sep'14,CITY UNION BANK,6897
332,Sep'14,CORPORATION BANK,20231
333,Sep'14,DBS BANK LIMITED,164
334,Sep'14,DENA BANK,3030
335,Sep'14,DEVELOPMENT CREDIT BANK LTD,2184
336,Sep'14,DHANLAXMI BANK LIMITED,380
337,Sep'14,DOMBIVALI NAGRIK SAHAKARI LTD,343
338,Sep'14,FEDERAL BANK LTD.,54622
339,Sep'14,FIRST RAND BANK,0
340,Sep'14,GREATER BOMBAY CO.OP BANK LIMITED,3155
341,Sep'14,HDFC BANK LTD.,1041164
342,Sep'14,HSBC,5385
343,Sep'14,ICICI BANK LTD,2087609
344,Sep'14,IDBI LTD.,2336
345,Sep'14,INDIAN BANK,2629
346,Sep'14,INDIAN OVERSEAS BANK,272
347,Sep'14,INDUSIND BANK LTD,14177
348,Sep'14,ING VYSYA BANK LTD.,46443
349,Sep'14,JAMMU AND KASHMIR BANK,118
350,Sep'14,JANTA SAHAKARI BANK PUNE,266
351,Sep'14,KARNATAKA BANK LTD,21460
352,Sep'14,KARUR VYSYA BANK LTD,22703
353,Sep'14,KERALA GRAMIN BANK ,954
354,Sep'14,KOTAK MAHINDRA BANK LTD,387624
355,Sep'14,LAXMI VILAS BANK LTD,298
356,Sep'14,MEHSANA URBAN CO-OP. BANK LIMITED,423
357,Sep'14,NKGSB CO-OPERATIVE BANK LIMITED,418
358,Sep'14,NAINITAL BANK LIMITED,93
359,Sep'14,ORIENTAL BANK OF COMMERCE,7143
360,Sep'14,PALLAVAN GRAMA BANK,2071
361,Sep'14,PRAGATHI KRISHNA GRAMIN BANK,591
362,Sep'14,PUNJAB AND MAHARASHTRA CO-OP BANK,6318
363,Sep'14,PUNJAB AND SINDH BANK,507
364,Sep'14,PUNJAB NATIONAL BANK,25215
365,Sep'14,RBL BANK LIMITED,21
366,Sep'14,ROYAL BANK OF SCOTLAND N.V.,1638
367,Sep'14,SARASWAT CO-OP. BANK LTD,5319
368,Sep'14,SOUTH INDIAN BANK,65189
369,Sep'14,STATE BANK OF BIKANER AND JAIPUR,41492
370,Sep'14,STANDARD CHARTERED BANK ,395
371,Sep'14,STATE BANK OF HYDERABAD,177336
372,Sep'14,STATE BANK OF INDIA,6007930
373,Sep'14,STATE BANK OF MYSORE,35443
374,Sep'14,STATE BANK OF PATIALA,13222
375,Sep'14,STATE BANK OF TRAVANCORE,72244
376,Sep'14,SYNDICATE BANK,6684
377,Sep'14,TAMILNADU MERCANTILE BANK LTD,12714
378,Sep'14,THANE JANTA SAHAKARI BANK LTD,1948
379,Sep'14,THE COSMOS CO-OP BANK LIMITED,1083
380,Sep'14,UCO BANK,16329
381,Sep'14,UNION BANK OF INDIA,112903
382,Sep'14,UNITED BANK OF INDIA,7774
383,Sep'14,VIJAYA BANK,12755
384,Sep'14,YES BANK LIMITED,515304
385,Oct'14,A P MAHESH CO-OP URBAN BANK LTD,647
386,Oct'14,ALLAHABAD BANK,8327
387,Oct'14,ANDHRA BANK,29577
388,Oct'14,AXIS BANK LTD,1800697
389,Oct'14,BANK OF BARODA,91908
390,Oct'14,BANK OF INDIA,9
391,Oct'14,BANK OF MAHARASHTRA,107
392,Oct'14,BASSEIN CATHOLIC CO-OP. BANK LTD,601
393,Oct'14,CANARA BANK,123410
394,Oct'14,CENTRAL BANK OF INDIA,2915
395,Oct'14,CITI BANK,378259
396,Oct'14,CITY UNION BANK,7095
397,Oct'14,CORPORATION BANK,24058
398,Oct'14,DBS BANK LIMITED,206
399,Oct'14,DENA BANK,2928
400,Oct'14,DEVELOPMENT CREDIT BANK LTD,1952
401,Oct'14,DHANLAXMI BANK LIMITED,322
402,Oct'14,DOMBIVALI NAGRIK SAHAKARI LTD,362
403,Oct'14,FEDERAL BANK LTD.,57122
404,Oct'14,FIRST RAND BANK,0
405,Oct'14,GREATER BOMBAY CO.OP BANK LIMITED,3278
406,Oct'14,HDFC BANK LTD.,1103128
407,Oct'14,HSBC,5608
408,Oct'14,ICICI BANK LTD,2876141
409,Oct'14,IDBI LTD.,4364
410,Oct'14,INDIAN BANK,2149
411,Oct'14,INDIAN OVERSEAS BANK,216
412,Oct'14,INDUSIND BANK LTD,17382
413,Oct'14,ING VYSYA BANK LTD.,50352
414,Oct'14,JAMMU AND KASHMIR BANK,150
415,Oct'14,JANTA SAHAKARI BANK PUNE,287
416,Oct'14,KARNATAKA BANK LTD,20682
417,Oct'14,KARUR VYSYA BANK LTD,23589
418,Oct'14,KERALA GRAMIN BANK ,995
419,Oct'14,KOTAK MAHINDRA BANK LTD,442247
420,Oct'14,LAXMI VILAS BANK LTD,263
421,Oct'14,MEHSANA URBAN CO-OP. BANK LIMITED,479
422,Oct'14,NAINITAL BANK LIMITED,111
423,Oct'14,NKGSB CO-OPERATIVE BANK LIMITED,414
424,Oct'14,ORIENTAL BANK OF COMMERCE,7079
425,Oct'14,PALLAVAN GRAMA BANK,1993
426,Oct'14,PRAGATHI KRISHNA GRAMIN BANK,486
427,Oct'14,PUNJAB AND MAHARASHTRA CO-OP BANK,6141
428,Oct'14,PUNJAB AND SINDH BANK,454
429,Oct'14,PUNJAB NATIONAL BANK,27061
430,Oct'14,RBL BANK LIMITED,19
431,Oct'14,ROYAL BANK OF SCOTLAND N.V.,2021
432,Oct'14,SARASWAT CO-OP. BANK LTD,8940
433,Oct'14,SOUTH INDIAN BANK,67158
434,Oct'14,STANDARD CHARTERED BANK ,338
435,Oct'14,STATE BANK OF BIKANER AND JAIPUR,44757
436,Oct'14,STATE BANK OF HYDERABAD,189955
437,Oct'14,STATE BANK OF INDIA,6518779
438,Oct'14,STATE BANK OF MYSORE,41626
439,Oct'14,STATE BANK OF PATIALA,14211
440,Oct'14,STATE BANK OF TRAVANCORE,79748
441,Oct'14,SYNDICATE BANK,13345
442,Oct'14,TAMILNADU MERCANTILE BANK LTD,12998
443,Oct'14,THANE JANTA SAHAKARI BANK LTD,2208
444,Oct'14,THE COSMOS CO-OP BANK LIMITED,1070
445,Oct'14,UCO BANK,18194
446,Oct'14,UNION BANK OF INDIA,127964
447,Oct'14,UNITED BANK OF INDIA,7829
448,Oct'14,VIJAYA BANK,13428
449,Oct'14,YES BANK LIMITED,490313
450,Nov'14,A P MAHESH CO-OP URBAN BANK LTD,670
451,Nov'14,ALLAHABAD BANK,11570
452,Nov'14,ANDHRA BANK,30814
453,Nov'14,AXIS BANK LTD,1790700
454,Nov'14,BANK OF BARODA,91900
455,Nov'14,BANK OF INDIA,6
456,Nov'14,BANK OF MAHARASHTRA,116
457,Nov'14,BARCLAYS,0
458,Nov'14,BASSEIN CATHOLIC CO-OP. BANK LTD,694
459,Nov'14,BNP PARIBAS,0
460,Nov'14,CANARA BANK,137381
461,Nov'14,CATHOLIC SYRIAN BANK LIMITED,0
462,Nov'14,CENTRAL BANK OF INDIA,3923
463,Nov'14,CITI BANK,378026
464,Nov'14,CITY UNION BANK,8267
465,Nov'14,CORPORATION BANK,23897
466,Nov'14,DBS BANK LIMITED,259
467,Nov'14,DENA BANK,3102
468,Nov'14,DEVELOPMENT CREDIT BANK LTD,2274
469,Nov'14,DHANLAXMI BANK LIMITED,340
470,Nov'14,DOMBIVALI NAGRIK SAHAKARI LTD,425
471,Nov'14,FEDERAL BANK LTD.,58078
472,Nov'14,FIRST RAND BANK,0
473,Nov'14,GREATER BOMBAY CO.OP BANK LIMITED,3433
474,Nov'14,HDFC BANK LTD.,1115060
475,Nov'14,HSBC,5534
476,Nov'14,ICICI BANK LTD,3076653
477,Nov'14,IDBI LTD.,4560
478,Nov'14,INDIAN BANK,1246
479,Nov'14,INDIAN OVERSEAS BANK,176
480,Nov'14,INDUSIND BANK LTD,18793
481,Nov'14,ING VYSYA BANK LTD.,53501
482,Nov'14,J P MORGAN CHASE BANK N.A,0
483,Nov'14,JAMMU AND KASHMIR BANK,218
484,Nov'14,JANTA SAHAKARI BANK PUNE,334
485,Nov'14,KARNATAKA BANK LTD,18530
486,Nov'14,KARUR VYSYA BANK LTD,26785
487,Nov'14,KERALA GRAMIN BANK ,1160
488,Nov'14,KOTAK MAHINDRA BANK LTD,457019
489,Nov'14,LAXMI VILAS BANK LTD,270
490,Nov'14,MEHSANA URBAN CO-OP. BANK LIMITED,403
491,Nov'14,NKGSB CO-OPERATIVE BANK LIMITED,369
492,Nov'14,NAINITAL BANK LIMITED,98
493,Nov'14,ORIENTAL BANK OF COMMERCE,6859
494,Nov'14,PALLAVAN GRAMA BANK,1496
495,Nov'14,PRAGATHI KRISHNA GRAMIN BANK,609
496,Nov'14,PUNJAB AND MAHARASHTRA CO-OP BANK,5130
497,Nov'14,PUNJAB AND SINDH BANK,504
498,Nov'14,PUNJAB NATIONAL BANK,100503
499,Nov'14,RBL  BANK LIMITED,739
500,Nov'14,ROYAL BANK OF SCOTLAND N.V.,2590
501,Nov'14,SARASWAT CO-OP. BANK LTD,6787
502,Nov'14,SOUTH INDIAN BANK,66366
503,Nov'14,ST.BANK OF BIKANER AND JAIPUR,40318
504,Nov'14,STANDARD CHARTERED BANK ,278
505,Nov'14,STATE BANK OF HYDERABAD,191238
506,Nov'14,STATE BANK OF INDIA,6688245
507,Nov'14,STATE BANK OF MYSORE,43341
508,Nov'14,STATE BANK OF PATIALA,13148
509,Nov'14,STATE BANK OF TRAVANCORE,81508
510,Nov'14,SYNDICATE BANK,61465
511,Nov'14,TAMILNADU MERCANTILE BANK LTD,13399
512,Nov'14,THANE JANTA SAHAKARI BANK LTD,2425
513,Nov'14,THE COSMOS CO-OP BANK LIMITED,1246
514,Nov'14,UCO BANK,16217
515,Nov'14,UNION BANK OF INDIA,133643
516,Nov'14,UNITED BANK OF INDIA,7358
517,Nov'14,VIJAYA BANK,13986
518,Nov'14,YES BANK LIMITED,450060
519,Dec'14,A P MAHESH CO-OP URBAN BANK LTD,909
520,Dec'14,ALLAHABAD BANK,13404
521,Dec'14,ANDHRA BANK,32423
522,Dec'14,AXIS BANK LTD,1952110
523,Dec'14,BANK OF BARODA,101641
524,Dec'14,BANK OF INDIA,6
525,Dec'14,BANK OF MAHARASHTRA,77
526,Dec'14,BARCLAYS,0
527,Dec'14,BASSEIN CATHOLIC CO-OP. BANK LTD,715
528,Dec'14,BNP PARIBAS,0
529,Dec'14,CANARA BANK,165585
530,Dec'14,CATHOLIC SYRIAN BANK LIMITED,0
531,Dec'14,CENTRAL BANK OF INDIA,3940
532,Dec'14,CITI BANK,396146
533,Dec'14,CITY UNION BANK,9846
534,Dec'14,CORPORATION BANK,27238
535,Dec'14,DBS BANK LIMITED,423
536,Dec'14,DENA BANK,3524
537,Dec'14,DEVELOPMENT CREDIT BANK LTD,2670
538,Dec'14,DHANLAXMI BANK LIMITED,380
539,Dec'14,DOMBIVALI NAGRIK SAHAKARI LTD,490
540,Dec'14,FEDERAL BANK LTD.,61826
541,Dec'14,FIRST RAND BANK,0
542,Dec'14,GREATER BOMBAY CO.OP BANK LIMITED,3773
543,Dec'14,HDFC BANK LTD.,1252189
544,Dec'14,HSBC,6102
545,Dec'14,ICICI BANK LTD,3402685
546,Dec'14,IDBI LTD.,4936
547,Dec'14,INDIAN BANK,1898
548,Dec'14,INDIAN OVERSEAS BANK,111
549,Dec'14,INDUSIND BANK LTD,23113
550,Dec'14,ING VYSYA BANK LTD.,59503
551,Dec'14,J P MORGAN CHASE BANK N.A,0
552,Dec'14,JAMMU AND KASHMIR BANK,210
553,Dec'14,JANTA SAHAKARI BANK PUNE,384
554,Dec'14,KARNATAKA BANK LTD,21642
555,Dec'14,KARUR VYSYA BANK LTD,31670
556,Dec'14,KERALA GRAMIN BANK ,1747
557,Dec'14,KOTAK MAHINDRA BANK LTD,515008
558,Dec'14,LAXMI VILAS BANK LTD,270
559,Dec'14,MEHSANA URBAN CO-OP. BANK LIMITED,478
560,Dec'14,NKGSB CO-OPERATIVE BANK LIMITED,836
561,Dec'14,NAINITAL BANK LIMITED,118
562,Dec'14,ORIENTAL BANK OF COMMERCE,7167
563,Dec'14,PALLAVAN GRAMA BANK,1468
564,Dec'14,PRAGATHI KRISHNA GRAMIN BANK,804
565,Dec'14,PUNJAB AND MAHARASHTRA CO-OP BANK,5627
566,Dec'14,PUNJAB AND SINDH BANK,4439
567,Dec'14,PUNJAB NATIONAL BANK,32049
568,Dec'14,RBL  BANK LIMITED,2290
569,Dec'14,ROYAL BANK OF SCOTLAND N.V.,3116
570,Dec'14,SARASWAT CO-OP. BANK LTD,8403
571,Dec'14,SOUTH INDIAN BANK,76823
572,Dec'14,ST.BANK OF BIKANER AND JAIPUR,42317
573,Dec'14,STANDARD CHARTERED BANK ,188
574,Dec'14,STATE BANK OF HYDERABAD,195577
575,Dec'14,STATE BANK OF INDIA,7429003
576,Dec'14,STATE BANK OF MYSORE,46059
577,Dec'14,STATE BANK OF PATIALA,13447
578,Dec'14,STATE BANK OF TRAVANCORE,88250
579,Dec'14,SYNDICATE BANK,35224
580,Dec'14,TAMILNADU MERCANTILE BANK LTD,15667
581,Dec'14,THANE JANTA SAHAKARI BANK LTD,2939
582,Dec'14,THE COSMOS CO-OP BANK LIMITED,1629
583,Dec'14,UCO BANK,17024
584,Dec'14,UNION BANK OF INDIA,131528
585,Dec'14,UNITED BANK OF INDIA,7692
586,Dec'14,VIJAYA BANK,17495
587,Dec'14,YES BANK LIMITED,497254
588,Jan'15,A P MAHESH CO-OP URBAN BANK LTD,886
589,Jan'15,ALLAHABAD BANK,15509
590,Jan'15,ANDHRA BANK,24706
591,Jan'15,AXIS BANK LTD,2034428
592,Jan'15,BANK OF BARODA,102677
593,Jan'15,BANK OF INDIA,6
594,Jan'15,BANK OF MAHARASHTRA,75
595,Jan'15,BARCLAYS,0
596,Jan'15,BASSEIN CATHOLIC CO-OP. BANK LTD,701
597,Jan'15,BNP PARIBAS,0
598,Jan'15,CANARA BANK,239143
599,Jan'15,CATHOLIC SYRIAN BANK LIMITED,0
600,Jan'15,CENTRAL BANK OF INDIA,5725
601,Jan'15,CITI BANK,421546
602,Jan'15,CITY UNION BANK,11695
603,Jan'15,CORPORATION BANK,28377
604,Jan'15,DBS BANK LIMITED,652
605,Jan'15,DENA BANK,3852
606,Jan'15,DEVELOPMENT CREDIT BANK LTD,6720
607,Jan'15,DHANLAXMI BANK LIMITED,710
608,Jan'15,DOMBIVALI NAGRIK SAHAKARI LTD,670
609,Jan'15,FEDERAL BANK LTD.,61654
610,Jan'15,FIRST RAND BANK,0
611,Jan'15,GREATER BOMBAY CO.OP BANK LIMITED,5055
612,Jan'15,HDFC BANK LTD.,1491924
613,Jan'15,HSBC,5523
614,Jan'15,ICICI BANK LTD,3610783
615,Jan'15,IDBI LTD.,5365
616,Jan'15,INDIAN BANK,1805
617,Jan'15,INDIAN OVERSEAS BANK,150
618,Jan'15,INDUSIND BANK LTD,24417
619,Jan'15,ING VYSYA BANK LTD.,67699
620,Jan'15,J P MORGAN CHASE BANK N.A,0
621,Jan'15,JAMMU AND KASHMIR BANK,200
622,Jan'15,JANTA SAHAKARI BANK PUNE,425
623,Jan'15,KARNATAKA BANK LTD,23477
624,Jan'15,KARUR VYSYA BANK LTD,31630
625,Jan'15,KERALA GRAMIN BANK ,2144
626,Jan'15,KOTAK MAHINDRA BANK LTD,543262
627,Jan'15,LAXMI VILAS BANK LTD,294
628,Jan'15,MEHSANA URBAN CO-OP. BANK LIMITED,480
629,Jan'15,NKGSB CO-OPERATIVE BANK LIMITED,641
630,Jan'15,NAINITAL BANK LIMITED,107
631,Jan'15,ORIENTAL BANK OF COMMERCE,7277
632,Jan'15,PALLAVAN GRAMA BANK,1608
633,Jan'15,PRAGATHI KRISHNA GRAMIN BANK,899
634,Jan'15,PUNJAB AND MAHARASHTRA CO-OP BANK,6476
635,Jan'15,PUNJAB AND SINDH BANK,19018
636,Jan'15,PUNJAB NATIONAL BANK,34159
637,Jan'15,RBL  BANK LIMITED,3079
638,Jan'15,ROYAL BANK OF SCOTLAND N.V.,3382
639,Jan'15,SARASWAT CO-OP. BANK LTD,9027
640,Jan'15,SOUTH INDIAN BANK,76518
641,Jan'15,ST.BANK OF BIKANER AND JAIPUR,44965
642,Jan'15,STANDARD CHARTERED BANK ,74
643,Jan'15,STATE BANK OF HYDERABAD,191491
644,Jan'15,STATE BANK OF INDIA,8007069
645,Jan'15,STATE BANK OF MYSORE,47124
646,Jan'15,STATE BANK OF PATIALA,14566
647,Jan'15,STATE BANK OF TRAVANCORE,87299
648,Jan'15,SYNDICATE BANK,46838
649,Jan'15,TAMILNADU MERCANTILE BANK LTD,16220
650,Jan'15,THANE JANTA SAHAKARI BANK LTD,3025
651,Jan'15,THE COSMOS CO-OP BANK LIMITED,1724
652,Jan'15,UCO BANK,16746
653,Jan'15,UNION BANK OF INDIA,128899
654,Jan'15,UNITED BANK OF INDIA,6661
655,Jan'15,VIJAYA BANK,18394
656,Jan'15,YES BANK LIMITED,504271
657,Feb'15,A P MAHESH CO-OP URBAN BANK LTD,271
658,Feb'15,ALLAHABAD BANK,17087
659,Feb'15,ANDHRA BANK,27888
660,Feb'15,AXIS BANK LTD,2105755
661,Feb'15,BANK OF BARODA,125907
662,Feb'15,BANK OF INDIA,449793
663,Feb'15,BANK OF MAHARASHTRA,47
664,Feb'15,BASSEIN CATHOLIC CO-OP. BANK LTD,730
665,Feb'15,CANARA BANK,223158
666,Feb'15,CATHOLIC SYRIAN BANK LIMITED,1376
667,Feb'15,CENTRAL BANK OF INDIA,5897
668,Feb'15,CITI BANK,390264
669,Feb'15,CITY UNION BANK,13854
670,Feb'15,CORPORATION BANK,24342
671,Feb'15,DBS BANK LIMITED,460
672,Feb'15,DENA BANK,3535
673,Feb'15,DEVELOPMENT CREDIT BANK LTD,7095
674,Feb'15,DHANLAXMI BANK LIMITED,811
675,Feb'15,DOMBIVALI NAGRIK SAHAKARI LTD,847
676,Feb'15,FEDERAL BANK LTD.,58497
677,Feb'15,GREATER BOMBAY CO.OP BANK LIMITED,4749
678,Feb'15,HDFC BANK LTD.,1547909
679,Feb'15,HSBC,5994
680,Feb'15,ICICI BANK LTD,3401248
681,Feb'15,IDBI LTD.,4922
682,Feb'15,INDIAN BANK,1428
683,Feb'15,INDIAN OVERSEAS BANK,258
684,Feb'15,INDUSIND BANK LTD,25806
685,Feb'15,ING VYSYA BANK LTD.,71477
686,Feb'15,JAMMU AND KASHMIR BANK,202
687,Feb'15,JANTA SAHAKARI BANK PUNE,353
688,Feb'15,KARNATAKA BANK LTD,23261
689,Feb'15,KARUR VYSYA BANK LTD,33077
690,Feb'15,KERALA GRAMIN BANK ,2349
691,Feb'15,KOTAK MAHINDRA BANK LTD,558650
692,Feb'15,LAXMI VILAS BANK LTD,280
693,Feb'15,MEHSANA URBAN CO-OP. BANK LIMITED,445
694,Feb'15,NKGSB CO-OPERATIVE BANK LIMITED,810
695,Feb'15,NAINITAL BANK LIMITED,77
696,Feb'15,ORIENTAL BANK OF COMMERCE,6262
697,Feb'15,PALLAVAN GRAMA BANK,1397
698,Feb'15,PRAGATHI KRISHNA GRAMIN BANK,870
699,Feb'15,PUNJAB AND MAHARASHTRA CO-OP BANK,6592
700,Feb'15,PUNJAB AND SINDH BANK,5469
701,Feb'15,PUNJAB NATIONAL BANK,29439
702,Feb'15,RBL  BANK LIMITED,4307
703,Feb'15,ROYAL BANK OF SCOTLAND N.V.,2601
704,Feb'15,SARASWAT CO-OP. BANK LTD,10948
705,Feb'15,SOUTH INDIAN BANK,75346
706,Feb'15,ST.BANK OF BIKANER AND JAIPUR,38805
707,Feb'15,STANDARD CHARTERED BANK ,144
708,Feb'15,STATE BANK OF HYDERABAD,191644
709,Feb'15,STATE BANK OF INDIA,7383483
710,Feb'15,STATE BANK OF MYSORE,45165
711,Feb'15,STATE BANK OF PATIALA,12928
712,Feb'15,STATE BANK OF TRAVANCORE,79508
713,Feb'15,SYNDICATE BANK,53801
714,Feb'15,TAMILNADU MERCANTILE BANK LTD,15428
715,Feb'15,THANE JANTA SAHAKARI BANK LTD,3055
716,Feb'15,THE COSMOS CO-OP BANK LIMITED,1649
717,Feb'15,UCO BANK,22906
718,Feb'15,UNION BANK OF INDIA,162288
719,Feb'15,UNITED BANK OF INDIA,7691
720,Feb'15,VIJAYA BANK,23627
721,Feb'15,YES BANK LIMITED,583843
722,Mar'15,A P MAHESH CO-OP URBAN BANK LTD,346
723,Mar'15,ALLAHABAD BANK,22363
724,Mar'15,ANDHRA BANK,35433
725,Mar'15,AXIS BANK LTD,2646483
726,Mar'15,BANK OF BARODA,164810
727,Mar'15,BANK OF INDIA,14444
728,Mar'15,BANK OF MAHARASHTRA,59
729,Mar'15,BASSEIN CATHOLIC CO-OP. BANK LTD,830
730,Mar'15,CANARA BANK,268888
731,Mar'15,CATHOLIC SYRIAN BANK LIMITED,2128
732,Mar'15,CENTRAL BANK OF INDIA,7221
733,Mar'15,CITI BANK,435904
734,Mar'15,CITY UNION BANK,14767
735,Mar'15,CORPORATION BANK,34944
736,Mar'15,DBS BANK LIMITED,453
737,Mar'15,DENA BANK,4351
738,Mar'15,DEVELOPMENT CREDIT BANK LTD,8682
739,Mar'15,DHANLAXMI BANK LIMITED,1317
740,Mar'15,DOMBIVALI NAGRIK SAHAKARI LTD,1549
741,Mar'15,FEDERAL BANK LTD.,71094
742,Mar'15,FIRST RAND BANK,0
743,Mar'15,GREATER BOMBAY CO.OP BANK LIMITED,5686
744,Mar'15,HDFC BANK LTD.,1720761
745,Mar'15,HSBC,6628
746,Mar'15,ICICI BANK LTD,3775221
747,Mar'15,IDBI LTD.,6655
748,Mar'15,INDIAN BANK,2252
749,Mar'15,INDIAN OVERSEAS BANK,935
750,Mar'15,INDUSIND BANK LTD,29035
751,Mar'15,ING VYSYA BANK LTD.,87183
752,Mar'15,JAMMU AND KASHMIR BANK,129
753,Mar'15,JANTA SAHAKARI BANK PUNE,422
754,Mar'15,KARNATAKA BANK LTD,27537
755,Mar'15,KARUR VYSYA BANK LTD,40149
756,Mar'15,KERALA GRAMIN BANK ,2500
757,Mar'15,KOTAK MAHINDRA BANK LTD,661236
758,Mar'15,LAXMI VILAS BANK LTD,294
759,Mar'15,MEHSANA URBAN CO-OP. BANK LIMITED,466
760,Mar'15,NKGSB CO-OPERATIVE BANK LIMITED,1137
761,Mar'15,NAINITAL BANK LIMITED,104
762,Mar'15,ORIENTAL BANK OF COMMERCE,7082
763,Mar'15,PALLAVAN GRAMA BANK,1498
764,Mar'15,PRAGATHI KRISHNA GRAMIN BANK,1042
765,Mar'15,PUNJAB AND MAHARASHTRA CO-OP BANK,7394
766,Mar'15,PUNJAB AND SINDH BANK,15283
767,Mar'15,PUNJAB NATIONAL BANK,31942
768,Mar'15,RBL  BANK LIMITED,15967
769,Mar'15,ROYAL BANK OF SCOTLAND N.V.,3421
770,Mar'15,SARASWAT CO-OP. BANK LTD,13644
771,Mar'15,SOUTH INDIAN BANK,113276
772,Mar'15,ST.BANK OF BIKANER AND JAIPUR,41121
773,Mar'15,STANDARD CHARTERED BANK ,206
774,Mar'15,STATE BANK OF HYDERABAD,200821
775,Mar'15,STATE BANK OF INDIA,8044577
776,Mar'15,STATE BANK OF MYSORE,50492
777,Mar'15,STATE BANK OF PATIALA,14190
778,Mar'15,STATE BANK OF TRAVANCORE,94849
779,Mar'15,SYNDICATE BANK,68658
780,Mar'15,TAMILNADU MERCANTILE BANK LTD,18407
781,Mar'15,THANE JANTA SAHAKARI BANK LTD,3786
782,Mar'15,THE COSMOS CO-OP BANK LIMITED,2025
783,Mar'15,UCO BANK,34040
784,Mar'15,UNION BANK OF INDIA,199150
785,Mar'15,UNITED BANK OF INDIA,10280
786,Mar'15,VIJAYA BANK,129565
787,Mar'15,YES BANK LIMITED,530091
,,TOTAL,171230567
