CCMPA_PART_ID,BANK NAME,BRANCHES
APMC,A P MAHESH CO-OP URBAN BANK LTD.,44
ABHY,ABHYUDAYA CO-OP BANK LTD,112
ADCB,ABU DHABI COMMERCIAL BANK,1
AMCB,AHMEDABAD MERC COOP BK LTD,30
AIRP,AIRTEL PAYMENTS BANK LIMITED,2
ADCC,AKOLA DISTRICT CENTRAL CO-OPERATIVE BANK LTD.,112
AKJB,AKOLA JANATA COMMERCIAL COOPERATIVE BANK LTD.,36
ALLA,ALLAHABAD BANK,3250
AUCB,ALMORA URBAN BANK LTD.,51
ANDB,ANDHRA BANK,3076
APBL,ANDHRA PRADESH STATE CO-OPERATIVE BANK LTD.,705
APGB,ANDHRA PRAGATHI GRAMEENA BANK,506
ASBL,APNA SAHAKARI BANK LTD.,83
ANZB,AUSTRALIA & NEW ZEALAND BANKING GROUP LTD.,1
UTIB,AXIS BANK LTD,3506
BDBL,BANDHAN BANK LIMITED,748
IBBK,BANK INTERNATIONAL INDONESIA,1
BOFA,BANK OF AMERICA,5
BBKM,BANK OF BAHRAIN AND KUWAIT,3
BARB,BANK OF BARODA,5395
BCEY,BANK OF CEYLON,1
BKID,BANK OF INDIA,5055
MAHB,BANK OF MAHARASHTRA,1920
NOSC,BANK OF NOVA SCOTIA,2
BOTM,BANK OF TOKYO MITSUBISHI UFJ LTD.,5
BARC,BARCLAYS BANK PLC,2
BACB,BASSIN CATHOLIC COOP BANK LTD.,56
BCBM,BHARAT COOPERATIVE BANK LTD,95
BMBL,BHARATIYA MAHILA BANK LIMITED,87
BNPA,BNP PARIBAS,9
CNRB,CANARA BANK,6286
CLBL,CAPITAL SMALL FINANCE BANK LIMITED,70
CSBK,CATHOLIC SYRIAN BANK LTD.,437
CBIN,CENTRAL BANK OF INDIA,4957
CITI,CITI BANK N A,49
CCBL,CITIZEN CRDIT CO-OP BANK LTD.,42
CIUB,CITY UNION BANK LTD.,505
CTBA,COMMONWEALTH BANK OF AUSTRALIA,1
CORP,CORPORATION BANK,2419
COSB,COSMOS CO-OPERATIVE  BANK,142
CRLY,CREDIT AGRICOLE CORPORATE AND INVESTMENT BANK,4
CRES,CREDIT SUISSE AG,1
CTCB,CTBC BANK CO. LTD.,2
DBSS,DBS BANK,1
DLSC,DELHI STATE COOPERATIVE BANK LTD.,51
BKDN,DENA BANK,1765
DEOB,DEOGIRI NAGARI SAHAKARI BANK LTD. AURANGABAD,32
DICG,DEPOSIT INS AND CR GUAR CORPN,1
DEUT,DEUTSCHE BANK LTD,23
DCBL,DEVELOPMENT CREDIT BANK LIMITED,251
DLXB,DHANALAKSHMI BANK LTD.,279
DMKJ,DMK JAOLI BANK,1
DOHB,DOHA BANK,3
DNSB,DOMBIVLI NAGARI SAHAKARI BANK,47
ESFB,EQUITAS SMALL FINANCE BANK LIMITED,104
FDRL,FEDERAL BANK LTD.,1246
FIRN,FIRSTRAND BANK,1
GDCB,GADCHIROLI DISTRICT CENTRAL CO-OP BANK LTD.,1
PJSB,GOPINATH PATIL PARSIK JANATA SAHAKARI BK LTD.,72
GBCB,GREATER BOMBAY CO-OP BANK,23
GSCB,GUJARAT STATE COOPERATIVE BANK LTD.,90
HCBL,HASTI COOPERATIVE BANK LTD.,20
HDFC,HDFC BANK LTD.,5521
HPSC,HIMACHAL PRADESH STATE COOPERATIVE BANK LTD,200
HSBC,HONGKONG & SHANGHAI BKG CORPORATION,51
ICIC,ICICI BANK LTD,4781
IBKL,IDBI LTD.,3054
IDFB,IDFC BANK LIMITED,85
IDUK,IDUKKI DISTRICT CO OPERATIVE BANK LTD,55
IDIB,INDIAN BANK,2547
IOBA,INDIAN OVERSEAS BANK,3547
INDB,INDUSIND BANK LTD.,1099
ICBK,INDUSTRIAL AND COMMERCIAL BANK OF CHINA LTD.,1
IBKO,INDUSTRIAL BANK OF KOREA,1
JJSB,JALGAON JANTA SAHAKARI BANK LTD.,37
JPCB,JALGAON PEOPLES' COOPERATIVE BANK LTD.,40
JAKA,JAMMU AND KASHMIR BANK LTD.,902
JSBL,JANAKALYAN SAHAKARI BANK LTD.,27
JASB,JANASEVA SAHAKARI BANK (BORIVLI) LTD.,3
JANA,"JANASEVA SAHAKARI BANK LTD., PUNE",31
JSBP,"JANATA SAHAKARI BANK LTD., PUNE",71
CHAS,"JP MORGAN CHASE BANK, N A",4
KAIJ,KALLAPANNA AWADE ICHALKARANJI JANATA SAHAKARI BANK LTD.,41
KCCB,KALUPUR COMMERCIAL CO-OP BANK,56
KJSB,KALYAN JANATA SAH BANK LTD,43
KACE,KANGRA CENTRAL CO-OP. BANK LTD.,212
KANG,KANGRA CO-OPERATIVE BANK LTD.,9
KCBL,KAPOL CO-OP BANK LTD,17
KUCB,KARAD URBAN CO-OP. BANK LTD.,49
KARB,KARNATAKA BANK LTD.,762
KSCB,KARNATAKA STATE APEX COOP BANK,59
KVGB,KARNATAKA VIKAS GRAMEENA BANK,605
KVBL,KARUR VYSYA BANK LTD.,735
KOEX,KEB HANA BANK,2
KLGB,KERALA GRAMIN BANK,599
KKBK,KOTAK MAHINDRA BANK LTD.,1592
KRTH,KRUNG THAI BANK PCL,1
KNSB,KURMANCHAL NAGAR SAHAKARI BANK LTD.,32
LAVB,LAXMI VILAS BANK LTD.,468
MCBL,MAHANAGAR CO-OP.BANK LTD.,64
MAHG,MAHARASHTRA GRAMIN BANK,406
MSCI,MAHARASHTRA STATE CO-OP BANK LTD.,53
MSHQ,MASHREQ BANK,1
MSNU,MEHSANA URBAN COOPERATIVE BANK LTD.,47
MHCB,MIZUHO CORPORATE BANK LTD.,5
MDCB,MUMBAI DISTRICT CENTRAL COOP BANK LTD.,79
MUBL,MUNICIPAL COOPERATIVE BANK LTD.,22
NUCB,NAGAR URBAN COOPERATIVE BANK LTD.,48
NGSB,NAGPUR NAGARIK SAHAKARI BANK LTD.,46
NTBL,NAINITAL BANK LTD.,126
NMCB,NASIK MARCHANT'S CO-OP BANK LTD.,81
NATA,NATIONAL AUSTRALIA BANK LIMITED,1
NBAD,NATIONAL BANK OF ABU DHABI PJSC,1
NICB,NEW INDIA CO-OP BANK,36
NKGS,NKGSB COOP BANK LTD.,102
NNSB,NUTAN NAGARIK SAHAKARI BANK LTD.,23
ORBC,ORIENTAL BANK OF COMMERCE,2368
ORCB,ORISSA STATE COOPERATIVE BANK BANK LTD.,1
PUCB,PANDHARPUR URBAN CO OP. BANK LTD.,20
PKGB,PRAGATHI KRISHNA GRAMIN BANK,662
PRTH,PRATHAMA BANK,413
PMEC,PRIME CO-OPERATIVE BANK LTD.,38
PMCB,PUNJAB & MAHARASTRA CO-OP BANK,119
PSIB,PUNJAB AND SIND BANK,1470
PUNB,PUNJAB NATIONAL BANK,7078
RABO,RABOBANK INTERNATIONAL,1
RSCB,RAJASTHAN STATE COOPERATIVE BANK LTD.,492
RSBL,RAJGURUNAGAR SAHAKARI BANK LIMITED,18
RNSB,RAJKOT NAGARIK SAHAKARI BANK LTD.,1
RATN,RATNAKAR BANK LIMITED,204
ABNA,ROYAL BANK OF SCOTLAND plc.,23
SAHE,SAHEBRAO DESHMUKH CO-OP BANK LTD.,19
SBLS,SAMARTH SAHAKARI BANK LTD,2
SRCB,SARASWAT CO-OPERATIVE BANK LTD.,407
SDCE,SATARA DISTRICT CENTRAL CO OP BANK LTD,1
SABR,SBER BANK,1
SVCB,SHAMRAO  VITHHAL CO-OP BANK LTD.,522
SKSB,SHIKSHAK SAHAKARI BANK LIMITED,2
SHBK,SHINHAN BANK,7
SMCB,SHIVALIK MERCANTILE CO-OPERATIVE BANK LTD.,23
CRUB,SHRI CHHATRAPATI RAJARSHI SHAHU URBAN CO-OP. BANK LTD.,47
SOGE,SOCIETE GENERALE,2
SJSB,SOLAPUR JANATA SAHAKARI BANK LTD.,42
SIBL,SOUTH INDIAN BANK,906
SCBL,STANDARD CHARTERED BANK LTD.,101
SBBJ,STATE BANK OF BIKANER AND JAIPUR,1326
SBHY,STATE BANK OF HYDERABAD,1961
SBIN,STATE BANK OF INDIA,17317
STCB,STATE BANK OF MAURITIUS,1
SBMY,STATE BANK OF MYSORE,1108
STBP,STATE BANK OF PATIALA,1326
SBTR,STATE BANK OF TRAVANCORE,1224
SMBC,SUMITOMO MITSUI BANKING CORPORATION,1
SDCB,SURAT DISTRICT COOPERATIVE BANK LTD.,67
SUNB,SURAT NATIONAL COOPERATIVE BANK,16
SPCB,SURAT PEOPLES COOP BANK LTD.,28
SUTB,SUTEX CO-OPERATIVE BANK LTD.,19
SYNB,SYNDICATE BANK,4002
TNSC,TAMIL NADU STATE APEX COOP BANK LTD.,20
TMBL,TAMILNAD MERCANTILE BANK LTD,513
TTCB,TEXTILE TRADERS CO-OPERATIVE BANK LIMITED,1
TBSB,THANE BHARAT SAHAKARI BANK LTD.,21
TDCB,THANE DISTRICT CENTRAL CO-OP. BANK LTD.,94
SVBL,THE SEVA VIKAS COOPERATIVE BANK LIMITED,1
TJSB,TJSB SAHAKARI BANK LTD.,130
TGMB,TUMKUR GRAIN MERCHANTS CO-OP. BANK LTD.,28
UCBA,UCO BANK,3021
UBIN,UNION BANK OF INDIA,4270
UTBI,UNITED BANK OF INDIA,2029
UOVB,UNITED OVERSEAS BANK LTD.,1
VARA,VARACHHA COOPERATIVE BANK LTD.,20
VVSB,VASAI VIKAS SAHAKARI BANK LTD.,20
VIJB,VIJAYA BANK,2102
VSBL,VISHESHWAR SAHAKARI BANK LTD.,29
WBSC,WEST BENGAL STATE COOP BANK LTD.,258
WPAC,WESTPAC BANKING CORPORATION,1
HVBK,WOORI BANK,1
YESB,YES BANK LTD.,2971
ZSBL,ZILA SAHAKARI BANK LTD GHAZIABAD,36
ZCBL,ZOROASTRIAN COOPERATIVE BANK LTD.,21
