1,Jan'16,AGARTALA,STATE BANK OF INDIA,0,0,0,0,0,0,0
2,Jan'16,AGRA,PUNJAB NATIONAL BANK,0,0,0,0,0,0,0
3,Jan'16,AMRITSAR,ORIENTAL BANK OF COMMERCE,0,0,0,0,0,0,0
4,Jan'16,ANAND,UNION BANK OF INDIA,0,0,0,0,0,0,0
5,Jan'16,ASANSOL,STATE BANK OF INDIA,0,0,0,0,0,0,0
6,Jan'16,AURANGABAD,PUNJAB NATIONAL BANK,0,0,0,0,0,0,0
7,Jan'16,BELGAUM,UNION BANK OF INDIA,0,0,0,0,0,0,0
8,Jan'16,BHAVNAGAR,BANK OF BARODA,0,0,0,0,0,0,0
9,Jan'16,BHILWARA,STATE BANK OF BIKANER AND JAIPUR,0,0,0,0,0,0,0
10,Jan'16,BIJAPUR,STATE BANK OF INDIA,0,0,0,0,0,0,0
11,Jan'16,BIKANER,STATE BANK OF BIKANER AND JAIPUR,0,0,0,0,0,0,0
12,Jan'16,BURDWAN,STATE BANK OF INDIA,0,0,0,0,0,0,0
13,Jan'16,COIMBATORE,BANK OF BARODA,0,0,0,0,0,0,0
14,Jan'16,CUTTACK,STATE BANK OF INDIA,0,0,0,0,0,0,0
15,Jan'16,DAVANGERE,STATE BANK OF MYSORE,0,0,0,0,0,0,0
16,Jan'16,DEHRADUN,STATE BANK OF INDIA,0,0,0,0,0,0,0
17,Jan'16,DURGAPUR,STATE BANK OF INDIA,0,0,0,0,0,0,0
18,Jan'16,ERNAKULAM,STATE BANK OF TRAVANCORE,0,0,0,0,0,0,0
19,Jan'16,ERODE ,PUNJAB NATIONAL BANK,0,0,0,0,0,0,0
20,Jan'16,GADAG,STATE BANK OF INDIA,0,0,0,0,0,0,0
21,Jan'16,GANGTOK,STATE BANK OF INDIA,0,0,0,0,0,0,0
22,Jan'16,GULBARGA,STATE BANK OF HYDERABAD,0,0,0,0,0,0,0
23,Jan'16,HALDIA,UNITED BANK OF INDIA,0,0,0,0,0,0,0
24,Jan'16,HASSAN,STATE BANK OF MYSORE,0,0,0,0,0,0,0
25,Jan'16,HUBLI,STATE BANK OF INDIA,0,0,0,0,0,0,0
26,Jan'16,IMPHAL,STATE BANK OF INDIA,0,0,0,0,0,0,0
27,Jan'16,JALANDHAR,PUNJAB NATIONAL BANK,0,0,0,0,0,0,0
28,Jan'16,JAMNAGAR,BANK OF BARODA,0,0,0,0,0,0,0
29,Jan'16,JODHPUR,STATE BANK OF INDIA,0,0,0,0,0,0,0
30,Jan'16,KAKINADA,STATE BANK OF INDIA,0,0,0,0,0,0,0
31,Jan'16,KOLHAPUR,PUNJAB NATIONAL BANK,0,0,0,0,0,0,0
32,Jan'16,KOTA,UNION BANK OF INDIA,0,0,0,0,0,0,0
33,Jan'16,KOZHIKODE,STATE BANK OF INDIA,0,0,0,0,0,0,0
34,Jan'16,LUDHIANA,PUNJAB NATIONAL BANK,0,0,0,0,0,0,0
35,Jan'16,MADURAI,CANARA BANK,0,0,0,0,0,0,0
36,Jan'16,MANDYA,STATE BANK OF MYSORE,0,0,0,0,0,0,0
37,Jan'16,MANGALORE,CORPORATION BANK,0,0,0,0,0,0,0
38,Jan'16,MYSORE,PUNJAB NATIONAL BANK,0,0,0,0,0,0,0
39,Jan'16,NELLORE,STATE BANK OF INDIA,0,0,0,0,0,0,0
40,Jan'16,PONDICHERRY,STATE BANK OF INDIA,0,0,0,0,0,0,0
41,Jan'16,RAICHUR,STATE BANK OF HYDERABAD,0,0,0,0,0,0,0
42,Jan'16,RAJKOT,BANK OF BARODA,0,0,0,0,0,0,0
43,Jan'16,SALEM,UNION BANK OF INDIA,0,0,0,0,0,0,0
44,Jan'16,SHILLONG,STATE BANK OF INDIA,0,0,0,0,0,0,0
45,Jan'16,SHIMOGA,STATE BANK OF MYSORE,0,0,0,0,0,0,0
46,Jan'16,SILIGURI,STATE BANK OF INDIA,0,0,0,0,0,0,0
47,Jan'16,SURAT,STATE BANK OF INDIA,0,0,0,0,0,0,0
48,Jan'16,TIRUCHIRAPALLI,STATE BANK OF INDIA,0,0,0,0,0,0,0
49,Jan'16,TIRUNELVELI,STATE BANK OF INDIA,0,0,0,0,0,0,0
50,Jan'16,TIRUPATI,STATE BANK OF INDIA,0,0,0,0,0,0,0
51,Jan'16,TIRUPUR,STATE BANK OF INDIA,0,0,0,0,0,0,0
52,Jan'16,TRICHUR,STATE BANK OF INDIA,0,0,0,0,0,0,0
53,Jan'16,TUMKUR,STATE BANK OF MYSORE,0,0,0,0,0,0,0
54,Jan'16,UDAIPUR,PUNJAB NATIONAL BANK,0,0,0,0,0,0,0
55,Jan'16,UDUPI,STATE BANK OF INDIA,0,0,0,0,0,0,0
56,Jan'16,VADODARA,STATE BANK OF INDIA,0,0,0,0,0,0,0
57,Jan'16,VARANASI,PUNJAB NATIONAL BANK,0,0,0,0,0,0,0
58,Jan'16,VISAKHAPATNAM,ANDHRA BANK,0,0,0,0,0,0,0
59,Jan'16,AHMEDABAD,RESERVE BANK OF INDIA,100,62135,808004397.08,100,1665129,11441013344.56,11442678473.56
60,Jan'16,ALLAHABAD,PUNJAB NATIONAL BANK,0,0,0,150,4921,59800511.4,59805432.4
61,Jan'16,BANGALORE,RESERVE BANK OF INDIA,392,92285,1874194172.6,126,1662882,13847066333.64,13848729215.64
62,Jan'16,BHOPAL,RESERVE BANK OF INDIA,142,803,8906203,159,145884,1005948983,1006094867
63,Jan'16,BHUBANESWAR,RESERVE BANK OF INDIA,6,817983,51383908518,34,109261,470038673.12,470147934.12
64,Jan'16,CHANDIGARH,RESERVE BANK OF INDIA,1,1373,18599551,45,19471,91535083.29,91554554.29
65,Jan'16,CHENNAI,RESERVE BANK OF INDIA,12,1137392,7805953547,110,1590315,17063708296.17,17065298611.17
66,Jan'16,DHANBAD,STATE BANK OF INDIA,0,0,0,18,5284,57737353.17,57742637.17
67,Jan'16,GORAKHPUR,PUNJAB NATIONAL BANK,0,0,0,69,3267,15954582,15957849
68,Jan'16,GUWAHATI,RESERVE BANK OF INDIA,469,496,10994650,27,3906,19783626,19787532
69,Jan'16,GWALIOR,STATE BANK OF INDIA,0,0,0,8,32080,228366984.9,228399064.9
70,Jan'16,HYDERABAD,RESERVE BANK OF INDIA,296,5225,101701761.03,97,576479,6440793637.95,6441370116.95
71,Jan'16,INDORE,STATE BANK OF INDIA,0,0,0,96,203704,1751138320.1,1751342024.1
72,Jan'16,JABALPUR,STATE BANK OF INDIA,0,0,0,22,56011,323871367.41,323927378.41
73,Jan'16,JAIPUR,RESERVE BANK OF INDIA,76,1980,141703891,53,10254,62867637.03,62877891.03
74,Jan'16,JAMMU,PUNJAB NATIONAL BANK,5,781,7255299,20,46191,179427894.33,179474085.33
75,Jan'16,JAMSHEDPUR,UNION BANK OF INDIA,0,0,0,18,10646,79391075.42,79401721.42
76,Jan'16,KANPUR,RESERVE BANK OF INDIA,352,1592,35178400,93,13481,143902113.39,143915594.39
77,Jan'16,KOLKATA CPC,RESERVE BANK OF INDIA,6,9012,170140416,68,1181481,5391898690.83,5393080171.83
78,Jan'16,LUCKNOW,PUNJAB NATIONAL BANK,0,0,0,115,28652,253636943,253665595
79,Jan'16,MUMBAI,RESERVE BANK OF INDIA,4057,271533,3001425274.5,3112,3528111,21868595590.14,21872123701.14
80,Jan'16,NAGPUR,RESERVE BANK OF INDIA,11,58946,996427683,63,310998,1985139640.52,1985450638.52
81,Jan'16,NASIK,STATE BANK OF INDIA,0,0,0,73,216576,1243366104.39,1243582680.39
82,Jan'16,NEW DELHI,RESERVE BANK OF INDIA,16,225702,1900378419,24,22938,337705392.38,337728330.38
83,Jan'16,PANAJI,STATE BANK OF INDIA,221,214607,2874803689,80,151272,573447776,573599048
84,Jan'16,PATNA,RESERVE BANK OF INDIA,4,2211,30094567,14,16438,114066111.9,114082549.9
85,Jan'16,PUNE,UNION BANK OF INDIA,22,26980,211601103,109,896329,7993702174,7994598503
86,Jan'16,RAIPUR,STATE BANK OF INDIA,0,0,0,67,78948,897603816.52,897682764.52
87,Jan'16,RANCHI,STATE BANK OF INDIA,0,0,0,29,16303,114074252.52,114090555.52
88,Jan'16,SHIMLA,STATE BANK OF INDIA,2,102,2226858,1,5,21400,21405
89,Jan'16,SOLAPUR,STATE BANK OF INDIA,0,0,0,24,64644,381492743.1,381557387.1
90,Jan'16,TRIVANDRUM,RESERVE BANK OF INDIA,296,7232,161390407,139,687060,4570830676.02,4571517736.02
91,Feb'16,AGARTALA,STATE BANK OF INDIA,0,0,0,0,0,0,0
92,Feb'16,AGRA,PUNJAB NATIONAL BANK,0,0,0,0,0,0,0
93,Feb'16,AMRITSAR,ORIENTAL BANK OF COMMERCE,0,0,0,0,0,0,0
94,Feb'16,ANAND,UNION BANK OF INDIA,0,0,0,0,0,0,0
95,Feb'16,ASANSOL,STATE BANK OF INDIA,0,0,0,0,0,0,0
96,Feb'16,AURANGABAD,PUNJAB NATIONAL BANK,0,0,0,0,0,0,0
97,Feb'16,BELGAUM,UNION BANK OF INDIA,0,0,0,0,0,0,0
98,Feb'16,BHAVNAGAR,BANK OF BARODA,0,0,0,0,0,0,0
99,Feb'16,BHILWARA,STATE BANK OF BIKANER AND JAIPUR,0,0,0,0,0,0,0
100,Feb'16,BIJAPUR,STATE BANK OF INDIA,0,0,0,0,0,0,0
101,Feb'16,BIKANER,STATE BANK OF BIKANER AND JAIPUR,0,0,0,0,0,0,0
102,Feb'16,BURDWAN,STATE BANK OF INDIA,0,0,0,0,0,0,0
103,Feb'16,COIMBATORE,BANK OF BARODA,0,0,0,0,0,0,0
104,Feb'16,CUTTACK,STATE BANK OF INDIA,0,0,0,0,0,0,0
105,Feb'16,DAVANGERE,STATE BANK OF MYSORE,0,0,0,0,0,0,0
106,Feb'16,DEHRADUN,STATE BANK OF INDIA,0,0,0,0,0,0,0
107,Feb'16,DURGAPUR,STATE BANK OF INDIA,0,0,0,0,0,0,0
108,Feb'16,ERNAKULAM,STATE BANK OF TRAVANCORE,0,0,0,0,0,0,0
109,Feb'16,ERODE ,PUNJAB NATIONAL BANK,0,0,0,0,0,0,0
110,Feb'16,GADAG,STATE BANK OF INDIA,0,0,0,0,0,0,0
111,Feb'16,GANGTOK,STATE BANK OF INDIA,0,0,0,0,0,0,0
112,Feb'16,GULBARGA,STATE BANK OF HYDERABAD,0,0,0,0,0,0,0
113,Feb'16,HALDIA,UNITED BANK OF INDIA,0,0,0,0,0,0,0
114,Feb'16,HASSAN,STATE BANK OF MYSORE,0,0,0,0,0,0,0
115,Feb'16,HUBLI,STATE BANK OF INDIA,0,0,0,0,0,0,0
116,Feb'16,IMPHAL,STATE BANK OF INDIA,0,0,0,0,0,0,0
117,Feb'16,JALANDHAR,PUNJAB NATIONAL BANK,0,0,0,0,0,0,0
118,Feb'16,JAMNAGAR,BANK OF BARODA,0,0,0,0,0,0,0
119,Feb'16,JODHPUR,STATE BANK OF INDIA,0,0,0,0,0,0,0
120,Feb'16,KAKINADA,STATE BANK OF INDIA,0,0,0,0,0,0,0
121,Feb'16,KOLHAPUR,PUNJAB NATIONAL BANK,0,0,0,0,0,0,0
122,Feb'16,KOTA,UNION BANK OF INDIA,0,0,0,0,0,0,0
123,Feb'16,KOZHIKODE,STATE BANK OF INDIA,0,0,0,0,0,0,0
124,Feb'16,LUDHIANA,PUNJAB NATIONAL BANK,0,0,0,0,0,0,0
125,Feb'16,MADURAI,CANARA BANK,0,0,0,0,0,0,0
126,Feb'16,MANDYA,STATE BANK OF MYSORE,0,0,0,0,0,0,0
127,Feb'16,MANGALORE,CORPORATION BANK,0,0,0,0,0,0,0
128,Feb'16,MYSORE,PUNJAB NATIONAL BANK,0,0,0,0,0,0,0
129,Feb'16,NELLORE,STATE BANK OF INDIA,0,0,0,0,0,0,0
130,Feb'16,PONDICHERRY,STATE BANK OF INDIA,0,0,0,0,0,0,0
131,Feb'16,RAICHUR,STATE BANK OF HYDERABAD,0,0,0,0,0,0,0
132,Feb'16,RAJKOT,BANK OF BARODA,0,0,0,0,0,0,0
133,Feb'16,SALEM,UNION BANK OF INDIA,0,0,0,0,0,0,0
134,Feb'16,SHILLONG,STATE BANK OF INDIA,0,0,0,0,0,0,0
135,Feb'16,SHIMOGA,STATE BANK OF MYSORE,0,0,0,0,0,0,0
136,Feb'16,SILIGURI,STATE BANK OF INDIA,0,0,0,0,0,0,0
137,Feb'16,SURAT,STATE BANK OF INDIA,0,0,0,0,0,0,0
138,Feb'16,TIRUCHIRAPALLI,STATE BANK OF INDIA,0,0,0,0,0,0,0
139,Feb'16,TIRUNELVELI,STATE BANK OF INDIA,0,0,0,0,0,0,0
140,Feb'16,TIRUPATI,STATE BANK OF INDIA,0,0,0,0,0,0,0
141,Feb'16,TIRUPUR,STATE BANK OF INDIA,0,0,0,0,0,0,0
142,Feb'16,TRICHUR,STATE BANK OF INDIA,0,0,0,0,0,0,0
143,Feb'16,TUMKUR,STATE BANK OF MYSORE,0,0,0,0,0,0,0
144,Feb'16,UDAIPUR,PUNJAB NATIONAL BANK,0,0,0,0,0,0,0
145,Feb'16,UDUPI,STATE BANK OF INDIA,0,0,0,0,0,0,0
146,Feb'16,VADODARA,STATE BANK OF INDIA,0,0,0,0,0,0,0
147,Feb'16,VARANASI,PUNJAB NATIONAL BANK,0,0,0,0,0,0,0
148,Feb'16,VISAKHAPATNAM,ANDHRA BANK,0,0,0,0,0,0,0
149,Feb'16,AHMEDABAD,RESERVE BANK OF INDIA,100,8981,208190829.54,100,924631,8507222924.44,8508147555.44
150,Feb'16,ALLAHABAD,PUNJAB NATIONAL BANK,0,0,0,162,3923,9264863.93,9268786.93
151,Feb'16,BANGALORE,RESERVE BANK OF INDIA,392,61246,1128343432.67,126,1621870,13308901262.19,13310523132.19
152,Feb'16,BHOPAL,RESERVE BANK OF INDIA,142,115,3230056,159,144570,1012315504,1012460074
153,Feb'16,BHUBANESWAR,RESERVE BANK OF INDIA,6,868358,58408389898,17,22957,86532365.65,86555322.65
154,Feb'16,CHANDIGARH,RESERVE BANK OF INDIA,1,550,9445784,45,17263,66837914.02,66855177.02
155,Feb'16,CHENNAI,RESERVE BANK OF INDIA,10,103886,4199605074,96,592369,9147827158.24,9148419527.24
156,Feb'16,DHANBAD,STATE BANK OF INDIA,0,0,0,18,4260,23524606.28,23528866.28
157,Feb'16,GORAKHPUR,PUNJAB NATIONAL BANK,0,0,0,69,24267,113474885,113499152
158,Feb'16,GUWAHATI,RESERVE BANK OF INDIA,469,515,12227769,27,2063,6701691.38,6703754.38
159,Feb'16,GWALIOR,STATE BANK OF INDIA,0,0,0,8,33503,242666852.5,242700355.5
160,Feb'16,HYDERABAD,RESERVE BANK OF INDIA,296,3217,85190756.55,97,384576,4503242042.8,4503626618.8
161,Feb'16,INDORE,STATE BANK OF INDIA,0,0,0,96,201355,1718421349.21,1718622704.21
162,Feb'16,JABALPUR,STATE BANK OF INDIA,0,0,0,22,59030,338904106.37,338963136.37
163,Feb'16,JAIPUR,RESERVE BANK OF INDIA,76,1837,99300431,53,13081,44842108.15,44855189.15
164,Feb'16,JAMMU,PUNJAB NATIONAL BANK,5,374,2236992,16,46337,173912533.03,173958870.03
165,Feb'16,JAMSHEDPUR,UNION BANK OF INDIA,0,0,0,8,2785,6309166.75,6311951.75
166,Feb'16,KANPUR,RESERVE BANK OF INDIA,352,1364,30111172,93,10776,28798215.81,28808991.81
167,Feb'16,KOLKATA CPC,RESERVE BANK OF INDIA,7,7380,160718037,53,1168715,4757125747.48,4758294462.48
168,Feb'16,LUCKNOW,PUNJAB NATIONAL BANK,0,0,0,115,16677,43330800,43347477
169,Feb'16,MUMBAI,RESERVE BANK OF INDIA,4057,229216,2441827910,3112,3473995,20999303123.05,21002777118.05
170,Feb'16,NAGPUR,RESERVE BANK OF INDIA,10,52293,976911356,61,307889,1978024517,1978332406
171,Feb'16,NASIK,STATE BANK OF INDIA,0,0,0,73,214362,1220204650.96,1220419012.96
172,Feb'16,NEW DELHI,RESERVE BANK OF INDIA,13,21131,564372510,27,48442,252116990.41,252165432.41
173,Feb'16,PANAJI,STATE BANK OF INDIA,221,219984,2600567012,81,149031,555767690.5,555916721.5
174,Feb'16,PATNA,RESERVE BANK OF INDIA,4,1249,25381085,10,6074,13030473.26,13036547.26
175,Feb'16,PUNE,UNION BANK OF INDIA,22,21398,179678425,109,716099,7198864679,7199580778
176,Feb'16,RAIPUR,STATE BANK OF INDIA,0,0,0,67,79074,909339130.32,909418204.32
177,Feb'16,RANCHI,STATE BANK OF INDIA,0,0,0,29,4241,10836256.23,10840497.23
178,Feb'16,SHIMLA,STATE BANK OF INDIA,2,101,2140230,1,5,21400,21405
179,Feb'16,SOLAPUR,STATE BANK OF INDIA,0,0,0,25,61773,248686424.6,248748197.6
180,Feb'16,TRIVANDRUM,RESERVE BANK OF INDIA,296,6603,158307636,139,684538,4606184847.26,4606869385.26
181,Mar'16,AGARTALA,STATE BANK OF INDIA,0,0,0,0,0,0,0
182,Mar'16,AGRA,PUNJAB NATIONAL BANK,0,0,0,0,0,0,0
183,Mar'16,AMRITSAR,ORIENTAL BANK OF COMMERCE,0,0,0,0,0,0,0
184,Mar'16,ANAND,UNION BANK OF INDIA,0,0,0,0,0,0,0
185,Mar'16,ASANSOL,STATE BANK OF INDIA,0,0,0,0,0,0,0
186,Mar'16,AURANGABAD,PUNJAB NATIONAL BANK,0,0,0,0,0,0,0
187,Mar'16,BELGAUM,UNION BANK OF INDIA,0,0,0,0,0,0,0
188,Mar'16,BHAVNAGAR,BANK OF BARODA,0,0,0,0,0,0,0
189,Mar'16,BHILWARA,STATE BANK OF BIKANER AND JAIPUR,0,0,0,0,0,0,0
190,Mar'16,BIJAPUR,STATE BANK OF INDIA,0,0,0,0,0,0,0
191,Mar'16,BIKANER,STATE BANK OF BIKANER AND JAIPUR,0,0,0,0,0,0,0
192,Mar'16,BURDWAN,STATE BANK OF INDIA,0,0,0,0,0,0,0
193,Mar'16,COIMBATORE,BANK OF BARODA,0,0,0,0,0,0,0
194,Mar'16,CUTTACK,STATE BANK OF INDIA,0,0,0,0,0,0,0
195,Mar'16,DAVANGERE,STATE BANK OF MYSORE,0,0,0,0,0,0,0
196,Mar'16,DEHRADUN,STATE BANK OF INDIA,0,0,0,0,0,0,0
197,Mar'16,DURGAPUR,STATE BANK OF INDIA,0,0,0,0,0,0,0
198,Mar'16,ERNAKULAM,STATE BANK OF TRAVANCORE,0,0,0,0,0,0,0
199,Mar'16,ERODE ,PUNJAB NATIONAL BANK,0,0,0,0,0,0,0
200,Mar'16,GADAG,STATE BANK OF INDIA,0,0,0,0,0,0,0
201,Mar'16,GANGTOK,STATE BANK OF INDIA,0,0,0,0,0,0,0
202,Mar'16,GULBARGA,STATE BANK OF HYDERABAD,0,0,0,0,0,0,0
203,Mar'16,HALDIA,UNITED BANK OF INDIA,0,0,0,0,0,0,0
204,Mar'16,HASSAN,STATE BANK OF MYSORE,0,0,0,0,0,0,0
205,Mar'16,HUBLI,STATE BANK OF INDIA,0,0,0,0,0,0,0
206,Mar'16,IMPHAL,STATE BANK OF INDIA,0,0,0,0,0,0,0
207,Mar'16,JALANDHAR,PUNJAB NATIONAL BANK,0,0,0,0,0,0,0
208,Mar'16,JAMNAGAR,BANK OF BARODA,0,0,0,0,0,0,0
209,Mar'16,JODHPUR,STATE BANK OF INDIA,0,0,0,0,0,0,0
210,Mar'16,KAKINADA,STATE BANK OF INDIA,0,0,0,0,0,0,0
211,Mar'16,KOLHAPUR,PUNJAB NATIONAL BANK,0,0,0,0,0,0,0
212,Mar'16,KOTA,UNION BANK OF INDIA,0,0,0,0,0,0,0
213,Mar'16,KOZHIKODE,STATE BANK OF INDIA,0,0,0,0,0,0,0
214,Mar'16,LUDHIANA,PUNJAB NATIONAL BANK,0,0,0,0,0,0,0
215,Mar'16,MADURAI,CANARA BANK,0,0,0,0,0,0,0
216,Mar'16,MANDYA,STATE BANK OF MYSORE,0,0,0,0,0,0,0
217,Mar'16,MANGALORE,CORPORATION BANK,0,0,0,0,0,0,0
218,Mar'16,MYSORE,PUNJAB NATIONAL BANK,0,0,0,0,0,0,0
219,Mar'16,NELLORE,STATE BANK OF INDIA,0,0,0,0,0,0,0
220,Mar'16,PONDICHERRY,STATE BANK OF INDIA,0,0,0,0,0,0,0
221,Mar'16,RAICHUR,STATE BANK OF HYDERABAD,0,0,0,0,0,0,0
222,Mar'16,RAJKOT,BANK OF BARODA,0,0,0,0,0,0,0
223,Mar'16,SALEM,UNION BANK OF INDIA,0,0,0,0,0,0,0
224,Mar'16,SHILLONG,STATE BANK OF INDIA,0,0,0,0,0,0,0
225,Mar'16,SHIMOGA,STATE BANK OF MYSORE,0,0,0,0,0,0,0
226,Mar'16,SILIGURI,STATE BANK OF INDIA,0,0,0,0,0,0,0
227,Mar'16,SURAT,STATE BANK OF INDIA,0,0,0,0,0,0,0
228,Mar'16,TIRUCHIRAPALLI,STATE BANK OF INDIA,0,0,0,0,0,0,0
229,Mar'16,TIRUNELVELI,STATE BANK OF INDIA,0,0,0,0,0,0,0
230,Mar'16,TIRUPATI,STATE BANK OF INDIA,0,0,0,0,0,0,0
231,Mar'16,TIRUPUR,STATE BANK OF INDIA,0,0,0,0,0,0,0
232,Mar'16,TRICHUR,STATE BANK OF INDIA,0,0,0,0,0,0,0
233,Mar'16,TUMKUR,STATE BANK OF MYSORE,0,0,0,0,0,0,0
234,Mar'16,UDAIPUR,PUNJAB NATIONAL BANK,0,0,0,0,0,0,0
235,Mar'16,UDUPI,STATE BANK OF INDIA,0,0,0,0,0,0,0
236,Mar'16,VADODARA,STATE BANK OF INDIA,0,0,0,0,0,0,0
237,Mar'16,VARANASI,PUNJAB NATIONAL BANK,0,0,0,0,0,0,0
238,Mar'16,VISAKHAPATNAM,ANDHRA BANK,0,0,0,0,0,0,0
239,Mar'16,AHMEDABAD,RESERVE BANK OF INDIA,100,51155,811242721.5,100,530334,4779157818.42,4779688152.42
240,Mar'16,ALLAHABAD,PUNJAB NATIONAL BANK,0,0,0,162,2908,4905006.31,4907914.31
241,Mar'16,BANGALORE,RESERVE BANK OF INDIA,392,77379,1317121062.79,125,950195,9580009367.7,9580959562.7
242,Mar'16,BHOPAL,RESERVE BANK OF INDIA,142,295,4456323,159,110763,949481493,949592256
243,Mar'16,BHUBANESWAR,RESERVE BANK OF INDIA,5,2444186,72681880970,13,7119,12331890.31,12339009.31
244,Mar'16,CHANDIGARH,RESERVE BANK OF INDIA,1,668,9107050,45,11421,46882350.01,46893771.01
245,Mar'16,CHENNAI,RESERVE BANK OF INDIA,10,57562,4801559267,96,565329,8772154448,8772719777
246,Mar'16,DHANBAD,STATE BANK OF INDIA,0,0,0,8,1962,15943937.58,15945899.58
247,Mar'16,GORAKHPUR,PUNJAB NATIONAL BANK,0,0,0,69,15036,17798780,17813816
248,Mar'16,GUWAHATI,RESERVE BANK OF INDIA,469,1028,14943562,27,1423,5185267.78,5186690.78
249,Mar'16,GWALIOR,STATE BANK OF INDIA,0,0,0,8,28495,222897404.1,222925899.1
250,Mar'16,HYDERABAD,RESERVE BANK OF INDIA,296,2146,48594385.46,97,20230,119893925.37,119914155.37
251,Mar'16,INDORE,STATE BANK OF INDIA,0,0,0,96,174939,1680506849.77,1680681788.77
252,Mar'16,JABALPUR,STATE BANK OF INDIA,0,0,0,21,47628,321221711.14,321269339.14
253,Mar'16,JAIPUR,RESERVE BANK OF INDIA,76,1920,91594496,53,7665,31225580.09,31233245.09
254,Mar'16,JAMMU,PUNJAB NATIONAL BANK,5,452,3139788,13,25761,110498946.7,110524707.7
255,Mar'16,JAMSHEDPUR,UNION BANK OF INDIA,0,0,0,8,694,1671450.92,1672144.92
256,Mar'16,KANPUR,RESERVE BANK OF INDIA,352,1761,33655948,93,6880,9602862.92,9609742.92
257,Mar'16,KOLKATA CPC,RESERVE BANK OF INDIA,2,5542,116786085,48,1167420,4933688668.91,4934856088.91
258,Mar'16,LUCKNOW,PUNJAB NATIONAL BANK,0,0,0,115,9680,19061406,19071086
259,Mar'16,MUMBAI,RESERVE BANK OF INDIA,4057,260630,2827034381.07,3112,3465535,20748724053.23,20752189588.23
260,Mar'16,NAGPUR,RESERVE BANK OF INDIA,10,61648,1031356742,52,214378,1669836767.19,1670051145.19
261,Mar'16,NASIK,STATE BANK OF INDIA,0,0,0,73,152276,881955040.28,882107316.28
262,Mar'16,NEW DELHI,RESERVE BANK OF INDIA,13,287248,1582949641,27,18015,184498993.62,184517008.62
263,Mar'16,PANAJI,STATE BANK OF INDIA,221,222901,2091975965,80,142413,534442129.8,534584542.8
264,Mar'16,PATNA,RESERVE BANK OF INDIA,3,1511,26778320,8,905,2702774.55,2703679.55
265,Mar'16,PUNE,UNION BANK OF INDIA,22,28434,179377279,109,860824,7089833839,7090694663
266,Mar'16,RAIPUR,STATE BANK OF INDIA,0,0,0,67,67918,860335490.89,860403408.89
267,Mar'16,RANCHI,STATE BANK OF INDIA,0,0,0,29,1184,5019523.75,5020707.75
268,Mar'16,SHIMLA,STATE BANK OF INDIA,2,101,2140230,1,4,13900,13904
269,Mar'16,SOLAPUR,STATE BANK OF INDIA,0,0,0,,84,667359.13,667443.13
270,Mar'16,TRIVANDRUM,RESERVE BANK OF INDIA,296,1438,23110748,139,560208,4698053449.99,4698613657.99
271,Apr'16,AGARTALA,STATE BANK OF INDIA,0,0,0,0,0,0,0
272,Apr'16,AGRA,PUNJAB NATIONAL BANK,0,0,0,0,0,0,0
273,Apr'16,AMRITSAR,ORIENTAL BANK OF COMMERCE,0,0,0,0,0,0,0
274,Apr'16,ANAND,UNION BANK OF INDIA,0,0,0,0,0,0,0
275,Apr'16,ASANSOL,STATE BANK OF INDIA,0,0,0,0,0,0,0
276,Apr'16,AURANGABAD,PUNJAB NATIONAL BANK,0,0,0,0,0,0,0
277,Apr'16,BELGAUM,UNION BANK OF INDIA,0,0,0,0,0,0,0
278,Apr'16,BHAVNAGAR,BANK OF BARODA,0,0,0,0,0,0,0
279,Apr'16,BHILWARA,STATE BANK OF BIKANER AND JAIPUR,0,0,0,0,0,0,0
280,Apr'16,BIJAPUR,STATE BANK OF INDIA,0,0,0,0,0,0,0
281,Apr'16,BIKANER,STATE BANK OF BIKANER AND JAIPUR,0,0,0,0,0,0,0
282,Apr'16,BURDWAN,STATE BANK OF INDIA,0,0,0,0,0,0,0
283,Apr'16,COIMBATORE,BANK OF BARODA,0,0,0,0,0,0,0
284,Apr'16,CUTTACK,STATE BANK OF INDIA,0,0,0,0,0,0,0
285,Apr'16,DAVANGERE,STATE BANK OF MYSORE,0,0,0,0,0,0,0
286,Apr'16,DEHRADUN,STATE BANK OF INDIA,0,0,0,0,0,0,0
287,Apr'16,DURGAPUR,STATE BANK OF INDIA,0,0,0,0,0,0,0
288,Apr'16,ERNAKULAM,STATE BANK OF TRAVANCORE,0,0,0,0,0,0,0
289,Apr'16,ERODE ,PUNJAB NATIONAL BANK,0,0,0,0,0,0,0
290,Apr'16,GADAG,STATE BANK OF INDIA,0,0,0,0,0,0,0
291,Apr'16,GANGTOK,STATE BANK OF INDIA,0,0,0,0,0,0,0
292,Apr'16,GULBARGA,STATE BANK OF HYDERABAD,0,0,0,0,0,0,0
293,Apr'16,HALDIA,UNITED BANK OF INDIA,0,0,0,0,0,0,0
294,Apr'16,HASSAN,STATE BANK OF MYSORE,0,0,0,0,0,0,0
295,Apr'16,HUBLI,STATE BANK OF INDIA,0,0,0,0,0,0,0
296,Apr'16,IMPHAL,STATE BANK OF INDIA,0,0,0,0,0,0,0
297,Apr'16,JALANDHAR,PUNJAB NATIONAL BANK,0,0,0,0,0,0,0
298,Apr'16,JAMNAGAR,BANK OF BARODA,0,0,0,0,0,0,0
299,Apr'16,JODHPUR,STATE BANK OF INDIA,0,0,0,0,0,0,0
300,Apr'16,KAKINADA,STATE BANK OF INDIA,0,0,0,0,0,0,0
301,Apr'16,KOLHAPUR,PUNJAB NATIONAL BANK,0,0,0,0,0,0,0
302,Apr'16,KOTA,UNION BANK OF INDIA,0,0,0,0,0,0,0
303,Apr'16,KOZHIKODE,STATE BANK OF INDIA,0,0,0,0,0,0,0
304,Apr'16,LUDHIANA,PUNJAB NATIONAL BANK,0,0,0,0,0,0,0
305,Apr'16,MADURAI,CANARA BANK,0,0,0,0,0,0,0
306,Apr'16,MANDYA,STATE BANK OF MYSORE,0,0,0,0,0,0,0
307,Apr'16,MANGALORE,CORPORATION BANK,0,0,0,0,0,0,0
308,Apr'16,MYSORE,PUNJAB NATIONAL BANK,0,0,0,0,0,0,0
309,Apr'16,NELLORE,STATE BANK OF INDIA,0,0,0,0,0,0,0
310,Apr'16,PANAJI,STATE BANK OF INDIA,0,0,0,0,0,0,0
311,Apr'16,PONDICHERRY,STATE BANK OF INDIA,0,0,0,0,0,0,0
312,Apr'16,RAICHUR,STATE BANK OF HYDERABAD,0,0,0,0,0,0,0
313,Apr'16,RAJKOT,BANK OF BARODA,0,0,0,0,0,0,0
314,Apr'16,SALEM,UNION BANK OF INDIA,0,0,0,0,0,0,0
315,Apr'16,SHILLONG,STATE BANK OF INDIA,0,0,0,0,0,0,0
316,Apr'16,SHIMOGA,STATE BANK OF MYSORE,0,0,0,0,0,0,0
317,Apr'16,SILIGURI,STATE BANK OF INDIA,0,0,0,0,0,0,0
318,Apr'16,SURAT,STATE BANK OF INDIA,0,0,0,0,0,0,0
319,Apr'16,TIRUCHIRAPALLI,STATE BANK OF INDIA,0,0,0,0,0,0,0
320,Apr'16,TIRUNELVELI,STATE BANK OF INDIA,0,0,0,0,0,0,0
321,Apr'16,TIRUPATI,STATE BANK OF INDIA,0,0,0,0,0,0,0
322,Apr'16,TIRUPUR,STATE BANK OF INDIA,0,0,0,0,0,0,0
323,Apr'16,TRICHUR,STATE BANK OF INDIA,0,0,0,0,0,0,0
324,Apr'16,TUMKUR,STATE BANK OF MYSORE,0,0,0,0,0,0,0
325,Apr'16,UDAIPUR,PUNJAB NATIONAL BANK,0,0,0,0,0,0,0
326,Apr'16,UDUPI,STATE BANK OF INDIA,0,0,0,0,0,0,0
327,Apr'16,VADODARA,STATE BANK OF INDIA,0,0,0,0,0,0,0
328,Apr'16,VARANASI,PUNJAB NATIONAL BANK,0,0,0,0,0,0,0
329,Apr'16,VISAKHAPATNAM,ANDHRA BANK,0,0,0,0,0,0,0
330,Apr'16,AHMEDABAD,RESERVE BANK OF INDIA,100,6450,65194384,100,236396,1779266182.6,1779502578.6
331,Apr'16,ALLAHABAD,PUNJAB NATIONAL BANK,0,0,0,162,1564,2445953.97,2447517.97
332,Apr'16,BANGALORE,RESERVE BANK OF INDIA,392,90731,2033989859,125,59102,177252580.76,177311682.76
333,Apr'16,BHOPAL,RESERVE BANK OF INDIA,142,311,4375942,159,10336,102976578,102986914
334,Apr'16,BHUBANESWAR,RESERVE BANK OF INDIA,6,335112,19749627203,8,5358,6676762,6682120
335,Apr'16,CHANDIGARH,RESERVE BANK OF INDIA,1,955,11997838,45,10851,40822205.61,40833056.61
336,Apr'16,CHENNAI,RESERVE BANK OF INDIA,16,189649,3402367580,61,275943,3827644176.04,3827920119.04
337,Apr'16,DHANBAD,STATE BANK OF INDIA,0,0,0,18,1242,5906031.08,5907273.08
338,Apr'16,GORAKHPUR,PUNJAB NATIONAL BANK,0,0,0,69,12016,44634263,44646279
339,Apr'16,GUWAHATI,RESERVE BANK OF INDIA,469,514,12674913,27,623,2138498.72,2139121.72
340,Apr'16,GWALIOR,STATE BANK OF INDIA,0,0,0,8,2580,19024333,19026913
341,Apr'16,HYDERABAD,RESERVE BANK OF INDIA,296,5389,132990257.26,97,15503,79102941.54,79118444.54
342,Apr'16,INDORE,STATE BANK OF INDIA,0,0,0,96,11295,106723024.06,106734319.06
343,Apr'16,JABALPUR,STATE BANK OF INDIA,0,0,0,21,2298,6408890.11,6411188.11
344,Apr'16,JAIPUR,RESERVE BANK OF INDIA,76,2189,73235654,53,5729,21861209.51,21866938.51
345,Apr'16,JAMMU,PUNJAB NATIONAL BANK,4,149,1929512,5,687,7096085.74,7096772.74
346,Apr'16,JAMSHEDPUR,UNION BANK OF INDIA,0,0,0,5,791,2215693.11,2216484.11
347,Apr'16,KANPUR,RESERVE BANK OF INDIA,352,1368,30880835,93,4456,6565845.88,6570301.88
348,Apr'16,KOLKATA CPC,RESERVE BANK OF INDIA,1,4121,87678136,30,721525,1699593342.01,1700314867.01
349,Apr'16,LUCKNOW,PUNJAB NATIONAL BANK,0,0,0,115,5290,9450109,9455399
350,Apr'16,MUMBAI,RESERVE BANK OF INDIA,4057,341210,4309139216,3112,538190,5310662747.3,5311200937.3
351,Apr'16,NAGPUR,RESERVE BANK OF INDIA,8,112940,1833847078,25,21985,232004114.04,232026099.04
352,Apr'16,NASIK,STATE BANK OF INDIA,0,0,0,0,0,0,0
353,Apr'16,NEW DELHI,RESERVE BANK OF INDIA,16,255455,2176942527,22,11995,141543329.8,141555324.8
354,Apr'16,PATNA,RESERVE BANK OF INDIA,3,1147,25146447,7,863,2384055.25,2384918.25
355,Apr'16,PUNE,UNION BANK OF INDIA,10,24069,151145052,21,3026,28014349,28017375
356,Apr'16,RAIPUR,STATE BANK OF INDIA,0,0,0,67,7164,58334194.52,58341358.52
357,Apr'16,RANCHI,STATE BANK OF INDIA,0,0,0,5,718,2533603.69,2534321.69
358,Apr'16,SHIMLA,STATE BANK OF INDIA,2,98,2209747,1,4,13900,13904
359,Apr'16,SOLAPUR,STATE BANK OF INDIA,0,0,0,7,2364,12636093.11,12638457.11
360,Apr'16,TRIVANDRUM,RESERVE BANK OF INDIA,296,12198,195773974,139,61280,643750776.19,643812056.19
361,May'16,AGARTALA,STATE BANK OF INDIA,0,0,0,0,0,0,0
362,May'16,AGRA,PUNJAB NATIONAL BANK,0,0,0,0,0,0,0
363,May'16,AMRITSAR,ORIENTAL BANK OF COMMERCE,0,0,0,0,0,0,0
364,May'16,ANAND,UNION BANK OF INDIA,0,0,0,0,0,0,0
365,May'16,ASANSOL,STATE BANK OF INDIA,0,0,0,0,0,0,0
366,May'16,AURANGABAD,PUNJAB NATIONAL BANK,0,0,0,0,0,0,0
367,May'16,BELGAUM,UNION BANK OF INDIA,0,0,0,0,0,0,0
368,May'16,BHAVNAGAR,BANK OF BARODA,0,0,0,0,0,0,0
369,May'16,BHILWARA,STATE BANK OF BIKANER AND JAIPUR,0,0,0,0,0,0,0
370,May'16,BIJAPUR,STATE BANK OF INDIA,0,0,0,0,0,0,0
371,May'16,BIKANER,STATE BANK OF BIKANER AND JAIPUR,0,0,0,0,0,0,0
372,May'16,BURDWAN,STATE BANK OF INDIA,0,0,0,0,0,0,0
373,May'16,COIMBATORE,BANK OF BARODA,0,0,0,0,0,0,0
374,May'16,CUTTACK,STATE BANK OF INDIA,0,0,0,0,0,0,0
375,May'16,DAVANGERE,STATE BANK OF MYSORE,0,0,0,0,0,0,0
376,May'16,DEHRADUN,STATE BANK OF INDIA,0,0,0,0,0,0,0
377,May'16,DURGAPUR,STATE BANK OF INDIA,0,0,0,0,0,0,0
378,May'16,ERNAKULAM,STATE BANK OF TRAVANCORE,0,0,0,0,0,0,0
379,May'16,ERODE ,PUNJAB NATIONAL BANK,0,0,0,0,0,0,0
380,May'16,GADAG,STATE BANK OF INDIA,0,0,0,0,0,0,0
381,May'16,GANGTOK,STATE BANK OF INDIA,0,0,0,0,0,0,0
382,May'16,GULBARGA,STATE BANK OF HYDERABAD,0,0,0,0,0,0,0
383,May'16,HALDIA,UNITED BANK OF INDIA,0,0,0,0,0,0,0
384,May'16,HASSAN,STATE BANK OF MYSORE,0,0,0,0,0,0,0
385,May'16,HUBLI,STATE BANK OF INDIA,0,0,0,0,0,0,0
386,May'16,IMPHAL,STATE BANK OF INDIA,0,0,0,0,0,0,0
387,May'16,JALANDHAR,PUNJAB NATIONAL BANK,0,0,0,0,0,0,0
388,May'16,JAMNAGAR,BANK OF BARODA,0,0,0,0,0,0,0
389,May'16,JODHPUR,STATE BANK OF INDIA,0,0,0,0,0,0,0
390,May'16,KAKINADA,STATE BANK OF INDIA,0,0,0,0,0,0,0
391,May'16,KOLHAPUR,PUNJAB NATIONAL BANK,0,0,0,0,0,0,0
392,May'16,KOTA,UNION BANK OF INDIA,0,0,0,0,0,0,0
393,May'16,KOZHIKODE,STATE BANK OF INDIA,0,0,0,0,0,0,0
394,May'16,LUDHIANA,PUNJAB NATIONAL BANK,0,0,0,0,0,0,0
395,May'16,MADURAI,CANARA BANK,0,0,0,0,0,0,0
396,May'16,MANDYA,STATE BANK OF MYSORE,0,0,0,0,0,0,0
397,May'16,MANGALORE,CORPORATION BANK,0,0,0,0,0,0,0
398,May'16,MYSORE,PUNJAB NATIONAL BANK,0,0,0,0,0,0,0
399,May'16,NELLORE,STATE BANK OF INDIA,0,0,0,0,0,0,0
400,May'16,PANAJI,STATE BANK OF INDIA,0,0,0,0,0,0,0
401,May'16,PONDICHERRY,STATE BANK OF INDIA,0,0,0,0,0,0,0
402,May'16,RAICHUR,STATE BANK OF HYDERABAD,0,0,0,0,0,0,0
403,May'16,RAJKOT,BANK OF BARODA,0,0,0,0,0,0,0
404,May'16,SALEM,UNION BANK OF INDIA,0,0,0,0,0,0,0
405,May'16,SHILLONG,STATE BANK OF INDIA,0,0,0,0,0,0,0
406,May'16,SHIMOGA,STATE BANK OF MYSORE,0,0,0,0,0,0,0
407,May'16,SILIGURI,STATE BANK OF INDIA,0,0,0,0,0,0,0
408,May'16,SURAT,STATE BANK OF INDIA,0,0,0,0,0,0,0
409,May'16,TIRUCHIRAPALLI,STATE BANK OF INDIA,0,0,0,0,0,0,0
410,May'16,TIRUNELVELI,STATE BANK OF INDIA,0,0,0,0,0,0,0
411,May'16,TIRUPATI,STATE BANK OF INDIA,0,0,0,0,0,0,0
412,May'16,TIRUPUR,STATE BANK OF INDIA,0,0,0,0,0,0,0
413,May'16,TRICHUR,STATE BANK OF INDIA,0,0,0,0,0,0,0
414,May'16,TUMKUR,STATE BANK OF MYSORE,0,0,0,0,0,0,0
415,May'16,UDAIPUR,PUNJAB NATIONAL BANK,0,0,0,0,0,0,0
416,May'16,UDUPI,STATE BANK OF INDIA,0,0,0,0,0,0,0
417,May'16,VADODARA,STATE BANK OF INDIA,0,0,0,0,0,0,0
418,May'16,VARANASI,PUNJAB NATIONAL BANK,0,0,0,0,0,0,0
419,May'16,VISAKHAPATNAM,ANDHRA BANK,0,0,0,0,0,0,0
420,May'16,AHMEDABAD,RESERVE BANK OF INDIA,100,20304,463587255,100,92000,526245482.35,526337482.35
421,May'16,ALLAHABAD,PUNJAB NATIONAL BANK,0,0,0,162,2056,3199517.59,3201573.59
422,May'16,BANGALORE,RESERVE BANK OF INDIA,392,133200,2122151148,127,53387,157323855.76,157377242.76
423,May'16,BHOPAL,RESERVE BANK OF INDIA,142,116,3358092,159,10253,97637983,97648236
424,May'16,BHUBANESWAR,RESERVE BANK OF INDIA,3,961,18139348,9,5182,6216380,6221562
425,May'16,CHANDIGARH,RESERVE BANK OF INDIA,1,521,10343739,45,10057,45092280.43,45102337.43
426,May'16,CHENNAI,RESERVE BANK OF INDIA,20,114063,2739273526,62,96162,1726856356.19,1726952518.19
427,May'16,DHANBAD,STATE BANK OF INDIA,0,0,0,18,2028,17931865.08,17933893.08
428,May'16,GORAKHPUR,PUNJAB NATIONAL BANK,0,0,0,69,17803,51100000,51117803
429,May'16,GUWAHATI,RESERVE BANK OF INDIA,469,519,12703280,27,2,47415,47417
430,May'16,GWALIOR,STATE BANK OF INDIA,0,0,0,8,2678,19366479,19369157
431,May'16,HYDERABAD,RESERVE BANK OF INDIA,296,2898,79008268.12,97,4442,25668645.2,25673087.2
432,May'16,INDORE,STATE BANK OF INDIA,0,0,0,96,11129,95835787.45,95846916.45
433,May'16,JABALPUR,STATE BANK OF INDIA,0,0,0,21,2058,4845464.61,4847522.61
434,May'16,JAIPUR,RESERVE BANK OF INDIA,76,864,21512288,53,20341,156347679.33,156368020.33
435,May'16,JAMMU,PUNJAB NATIONAL BANK,4,336,8503822,6,556,7107142.32,7107698.32
436,May'16,JAMSHEDPUR,UNION BANK OF INDIA,0,0,0,5,913,2592807.05,2593720.05
437,May'16,KANPUR,RESERVE BANK OF INDIA,352,1181,27058194,93,6449,8449471.09,8455920.09
438,May'16,KOLKATA CPC,RESERVE BANK OF INDIA,1,4313,88272432,27,626276,698641818.16,699268094.16
439,May'16,LUCKNOW,PUNJAB NATIONAL BANK,0,0,0,115,9157,13016001,13025158
440,May'16,MUMBAI,RESERVE BANK OF INDIA,4057,198024,2345443273,3112,143021,504830463.11,504973484.11
441,May'16,NAGPUR,RESERVE BANK OF INDIA,6,3885,126431858,16,3602,13056229.31,13059831.31
442,May'16,NASIK,STATE BANK OF INDIA,0,0,0,0,0,0,0
443,May'16,NEW DELHI,RESERVE BANK OF INDIA,11,29563,683006474,26,21794,143715792.68,143737586.68
444,May'16,PATNA,RESERVE BANK OF INDIA,3,1168,26679297,7,755,1918307.32,1919062.32
445,May'16,PUNE,UNION BANK OF INDIA,4,17997,138097729,11,1167,18565783,18566950
446,May'16,RAIPUR,STATE BANK OF INDIA,0,0,0,67,6838,56189401.83,56196239.83
447,May'16,RANCHI,STATE BANK OF INDIA,0,0,0,5,583,2209395.16,2209978.16
448,May'16,SHIMLA,STATE BANK OF INDIA,2,100,2355612,1,6,24200,24206
449,May'16,SOLAPUR,STATE BANK OF INDIA,0,0,0,7,656,5679369.51,5680025.51
450,May'16,TRIVANDRUM,RESERVE BANK OF INDIA,296,12198,195773974,139,61280,643750776.19,643812056.19
451,Jun'16,AGARTALA,STATE BANK OF INDIA,0,0,0,0,0,0,0
452,Jun'16,AGRA,PUNJAB NATIONAL BANK,0,0,0,0,0,0,0
453,Jun'16,AMRITSAR,ORIENTAL BANK OF COMMERCE,0,0,0,0,0,0,0
454,Jun'16,ANAND,UNION BANK OF INDIA,0,0,0,0,0,0,0
455,Jun'16,ASANSOL,STATE BANK OF INDIA,0,0,0,0,0,0,0
456,Jun'16,AURANGABAD,PUNJAB NATIONAL BANK,0,0,0,0,0,0,0
457,Jun'16,BELGAUM,UNION BANK OF INDIA,0,0,0,0,0,0,0
458,Jun'16,BHAVNAGAR,BANK OF BARODA,0,0,0,0,0,0,0
459,Jun'16,BHILWARA,STATE BANK OF BIKANER AND JAIPUR,0,0,0,0,0,0,0
460,Jun'16,BIJAPUR,STATE BANK OF INDIA,0,0,0,0,0,0,0
461,Jun'16,BIKANER,STATE BANK OF BIKANER AND JAIPUR,0,0,0,0,0,0,0
462,Jun'16,BURDWAN,STATE BANK OF INDIA,0,0,0,0,0,0,0
463,Jun'16,COIMBATORE,BANK OF BARODA,0,0,0,0,0,0,0
464,Jun'16,CUTTACK,STATE BANK OF INDIA,0,0,0,0,0,0,0
465,Jun'16,DAVANGERE,STATE BANK OF MYSORE,0,0,0,0,0,0,0
466,Jun'16,DEHRADUN,STATE BANK OF INDIA,0,0,0,0,0,0,0
467,Jun'16,DURGAPUR,STATE BANK OF INDIA,0,0,0,0,0,0,0
468,Jun'16,ERNAKULAM,STATE BANK OF TRAVANCORE,0,0,0,0,0,0,0
469,Jun'16,ERODE ,PUNJAB NATIONAL BANK,0,0,0,0,0,0,0
470,Jun'16,GADAG,STATE BANK OF INDIA,0,0,0,0,0,0,0
471,Jun'16,GANGTOK,STATE BANK OF INDIA,0,0,0,0,0,0,0
472,Jun'16,GULBARGA,STATE BANK OF HYDERABAD,0,0,0,0,0,0,0
473,Jun'16,HALDIA,UNITED BANK OF INDIA,0,0,0,0,0,0,0
474,Jun'16,HASSAN,STATE BANK OF MYSORE,0,0,0,0,0,0,0
475,Jun'16,HUBLI,STATE BANK OF INDIA,0,0,0,0,0,0,0
476,Jun'16,IMPHAL,STATE BANK OF INDIA,0,0,0,0,0,0,0
477,Jun'16,JALANDHAR,PUNJAB NATIONAL BANK,0,0,0,0,0,0,0
478,Jun'16,JAMNAGAR,BANK OF BARODA,0,0,0,0,0,0,0
479,Jun'16,JODHPUR,STATE BANK OF INDIA,0,0,0,0,0,0,0
480,Jun'16,KAKINADA,STATE BANK OF INDIA,0,0,0,0,0,0,0
481,Jun'16,KOLHAPUR,PUNJAB NATIONAL BANK,0,0,0,0,0,0,0
482,Jun'16,KOTA,UNION BANK OF INDIA,0,0,0,0,0,0,0
483,Jun'16,KOZHIKODE,STATE BANK OF INDIA,0,0,0,0,0,0,0
484,Jun'16,LUDHIANA,PUNJAB NATIONAL BANK,0,0,0,0,0,0,0
485,Jun'16,MADURAI,CANARA BANK,0,0,0,0,0,0,0
486,Jun'16,MANDYA,STATE BANK OF MYSORE,0,0,0,0,0,0,0
487,Jun'16,MANGALORE,CORPORATION BANK,0,0,0,0,0,0,0
488,Jun'16,MYSORE,PUNJAB NATIONAL BANK,0,0,0,0,0,0,0
489,Jun'16,NELLORE,STATE BANK OF INDIA,0,0,0,0,0,0,0
490,Jun'16,PANAJI,STATE BANK OF INDIA,0,0,0,0,0,0,0
491,Jun'16,PONDICHERRY,STATE BANK OF INDIA,0,0,0,0,0,0,0
492,Jun'16,RAICHUR,STATE BANK OF HYDERABAD,0,0,0,0,0,0,0
493,Jun'16,RAJKOT,BANK OF BARODA,0,0,0,0,0,0,0
494,Jun'16,SALEM,UNION BANK OF INDIA,0,0,0,0,0,0,0
495,Jun'16,SHILLONG,STATE BANK OF INDIA,0,0,0,0,0,0,0
496,Jun'16,SHIMOGA,STATE BANK OF MYSORE,0,0,0,0,0,0,0
497,Jun'16,SILIGURI,STATE BANK OF INDIA,0,0,0,0,0,0,0
498,Jun'16,SURAT,STATE BANK OF INDIA,0,0,0,0,0,0,0
499,Jun'16,TIRUCHIRAPALLI,STATE BANK OF INDIA,0,0,0,0,0,0,0
500,Jun'16,TIRUNELVELI,STATE BANK OF INDIA,0,0,0,0,0,0,0
501,Jun'16,TIRUPATI,STATE BANK OF INDIA,0,0,0,0,0,0,0
502,Jun'16,TIRUPUR,STATE BANK OF INDIA,0,0,0,0,0,0,0
503,Jun'16,TRICHUR,STATE BANK OF INDIA,0,0,0,0,0,0,0
504,Jun'16,TUMKUR,STATE BANK OF MYSORE,0,0,0,0,0,0,0
505,Jun'16,UDAIPUR,PUNJAB NATIONAL BANK,0,0,0,0,0,0,0
506,Jun'16,UDUPI,STATE BANK OF INDIA,0,0,0,0,0,0,0
507,Jun'16,VADODARA,STATE BANK OF INDIA,0,0,0,0,0,0,0
508,Jun'16,VARANASI,PUNJAB NATIONAL BANK,0,0,0,0,0,0,0
509,Jun'16,VISAKHAPATNAM,ANDHRA BANK,0,0,0,0,0,0,0
510,Jun'16,AHMEDABAD,RESERVE BANK OF INDIA,100,3437,63113773,100,55572,206037826.31,206093398.31
511,Jun'16,ALLAHABAD,PUNJAB NATIONAL BANK,0,0,0,162,1795,3070422.81,3072217.81
512,Jun'16,BANGALORE,RESERVE BANK OF INDIA,392,48267,722168583,127,24556,112250208.37,112274764.37
513,Jun'16,BHOPAL,RESERVE BANK OF INDIA,142,116,3350447,159,9397,87440671,87450068
514,Jun'16,BHUBANESWAR,RESERVE BANK OF INDIA,4,1164,13354167,8,5143,6621023.25,6626166.25
515,Jun'16,CHANDIGARH,RESERVE BANK OF INDIA,1,459,8751712,45,7685,39156134,39163819
516,Jun'16,CHENNAI,RESERVE BANK OF INDIA,15,92858,3982913260,49,52409,1013761659.01,1013814068.01
517,Jun'16,DHANBAD,STATE BANK OF INDIA,0,0,0,18,2589,23754364.93,23756953.93
518,Jun'16,GORAKHPUR,PUNJAB NATIONAL BANK,0,0,0,69,12980,46100000,46112980
519,Jun'16,GUWAHATI,RESERVE BANK OF INDIA,469,618,13532283,0,0,0,0
520,Jun'16,GWALIOR,STATE BANK OF INDIA,0,0,0,8,2430,18692736,18695166
521,Jun'16,HYDERABAD,RESERVE BANK OF INDIA,296,2816,78427651.03,97,481,4438738.38,4439219.38
522,Jun'16,INDORE,STATE BANK OF INDIA,0,0,0,96,10785,95607901.12,95618686.12
523,Jun'16,JABALPUR,STATE BANK OF INDIA,0,0,0,21,1819,4866374.73,4868193.73
524,Jun'16,JAIPUR,RESERVE BANK OF INDIA,76,1944,73488566,53,4934,19328030.6,19332964.6
525,Jun'16,JAMMU,PUNJAB NATIONAL BANK,4,221,2766797,5,435,5179735.89,5180170.89
526,Jun'16,JAMSHEDPUR,UNION BANK OF INDIA,0,0,0,5,715,3071623.93,3072338.93
527,Jun'16,KANPUR,RESERVE BANK OF INDIA,352,1240,26645520,93,4395,6128741.34,6133136.34
528,Jun'16,KOLKATA CPC,RESERVE BANK OF INDIA,1,4300,87820290,26,630262,692856803.95,693487065.95
529,Jun'16,LUCKNOW,PUNJAB NATIONAL BANK,0,0,0,115,4397,9187356,9191753
530,Jun'16,MUMBAI,RESERVE BANK OF INDIA,4057,222072,869280848,3114,108732,439862969.35,439971701.35
531,Jun'16,NAGPUR,RESERVE BANK OF INDIA,8,105047,1736680964,11,333,1047369.01,1047702.01
532,Jun'16,NASIK,STATE BANK OF INDIA,0,0,0,0,0,0,0
533,Jun'16,NEW DELHI,RESERVE BANK OF INDIA,11,291995,1776399533,22,13534,143471872.62,143485406.62
534,Jun'16,PATNA,RESERVE BANK OF INDIA,3,1146,31182174,6,651,1987080.07,1987731.07
535,Jun'16,PUNE,UNION BANK OF INDIA,4,17052,116096454.92,11,4282,18713126.8,18717408.8
536,Jun'16,RAIPUR,STATE BANK OF INDIA,0,0,0,67,5687,47061336.39,47067023.39
537,Jun'16,RANCHI,STATE BANK OF INDIA,0,0,0,5,521,1777106.46,1777627.46
538,Jun'16,SHIMLA,STATE BANK OF INDIA,2,100,2367276,1,6,21900,21906
539,Jun'16,SOLAPUR,STATE BANK OF INDIA,0,0,0,7,1031,5460634.21,5461665.21
540,Jun'16,TRIVANDRUM,RESERVE BANK OF INDIA,296,1610,35548656,139,28232,170687390.12,170715622.12
