1,Jan'16,A P MAHESH CO-OP URBAN BANK LTD,1396,20203
2,Jan'16,ALLAHABAD BANK,128013,425806
3,Jan'16,ANDHRA BANK,90963,668099
4,Jan'16,AXIS BANK LTD,6322610,64885696
5,Jan'16,BANK OF BARODA,655273,2499799
6,Jan'16,BANK OF INDIA,18063,138594
7,Jan'16,BANK OF MAHARASHTRA,20318,235438
8,Jan'16,BASSEIN CATHOLIC CO-OP. BANK LTD,1233,21868
9,Jan'16,CANARA BANK,775003,4469711
10,Jan'16,CATHOLIC SYRIAN BANK LIMITED,3034,22890
11,Jan'16,CENTRAL BANK OF INDIA,64907,450963
12,Jan'16,CITI BANK,592050,7159052
13,Jan'16,CITY UNION BANK,59140,525785
14,Jan'16,CORPORATION BANK,56605,555872
15,Jan'16,DBS BANK LIMITED,2887,102085
16,Jan'16,DENA BANK,7657,56631
17,Jan'16,DEVELOPMENT CREDIT BANK LTD,22295,272512
18,Jan'16,DHANLAXMI BANK LIMITED,2066,10045
19,Jan'16,DOMBIVALI NAGRIK SAHAKARI LTD,3636,32299
20,Jan'16,FEDERAL BANK LTD.,305071,1375781
21,Jan'16,GREATER BOMBAY CO.OP BANK LIMITED,8051,62118
22,Jan'16,HDFC BANK LTD.,5902984,91845788
23,Jan'16,HSBC,9300,397937
24,Jan'16,ICICI BANK LTD,7300361,100620769
25,Jan'16,IDBI LTD.,36206,157696
26,Jan'16,INDIAN BANK,188085,1448481
27,Jan'16,INDIAN OVERSEAS BANK,66526,574892
28,Jan'16,INDUSIND BANK LTD,197712,3350138
29,Jan'16,JAMMU AND KASHMIR BANK,0,0
30,Jan'16,JANTA SAHAKARI BANK PUNE,825,5748
31,Jan'16,JP MORGAN BANK,5,86790
32,Jan'16,KARNATAKA BANK LTD,53646,233425
33,Jan'16,KARUR VYSYA BANK LTD,115316,1057849
34,Jan'16,KERALA GRAMIN BANK ,2272,20114
35,Jan'16,KOTAK MAHINDRA BANK LTD,1836879,24132660
36,Jan'16,LAXMI VILAS BANK LTD,3638,16483
37,Jan'16,MEHSANA URBAN CO-OP. BANK LIMITED,515,6251
38,Jan'16,NKGSB CO-OPERATIVE BANK LIMITED,2483,2007
39,Jan'16,NAINITAL BANK LIMITED,124,356
40,Jan'16,ORIENTAL BANK OF COMMERCE,11801,99509
41,Jan'16,PALLAVAN GRAMA BANK,1772,345
42,Jan'16,PRAGATHI KRISHNA GRAMIN BANK,6339,46035
43,Jan'16,PUNJAB AND MAHARASHTRA CO-OP BANK,15915,122589
44,Jan'16,PUNJAB AND SINDH BANK,28333,90476
45,Jan'16,PUNJAB NATIONAL BANK,125338,1007405
46,Jan'16,RBL  BANK LIMITED,16800,135639
47,Jan'16,ROYAL BANK OF SCOTLAND N.V.,6854,167472
48,Jan'16,SARASWAT CO-OP. BANK LTD,30422,204015
49,Jan'16,SOUTH INDIAN BANK,211552,509770
50,Jan'16,ST.BANK OF BIKANER AND JAIPUR,52828,41844
51,Jan'16,STANDARD CHARTERED BANK ,33,4
52,Jan'16,STATE BANK OF HYDERABAD,162740,32567
53,Jan'16,STATE BANK OF INDIA,15119015,144227412
54,Jan'16,STATE BANK OF MYSORE,29816,48400
55,Jan'16,STATE BANK OF PATIALA,6750,10497
56,Jan'16,STATE BANK OF TRAVANCORE,96501,115331
57,Jan'16,SYNDICATE BANK,177417,668306
58,Jan'16,TAMILNADU MERCANTILE BANK LTD,22757,88578
59,Jan'16,THANE JANTA SAHAKARI BANK LTD,9328,102299
60,Jan'16,THE COSMOS CO-OP BANK LIMITED,3646,26912
61,Jan'16,UCO BANK,236087,832662
62,Jan'16,UNION BANK OF INDIA,608929,4018041
63,Jan'16,UNITED BANK OF INDIA,96113,442187
64,Jan'16,VIJAYA BANK,199520,739816
65,Jan'16,YES BANK LIMITED,665943,3483344
66,Feb'16,A P MAHESH CO-OP URBAN BANK LTD,1353,21163
67,Feb'16,ALLAHABAD BANK,135362,548749
68,Feb'16,ANDHRA BANK,102187,752608
69,Feb'16,AXIS BANK LTD,7265659,68207429
70,Feb'16,BANK OF BARODA,696916,2724366
71,Feb'16,BANK OF INDIA,19404,145840
72,Feb'16,BANK OF MAHARASHTRA,54376,621562
73,Feb'16,BASSEIN CATHOLIC CO-OP. BANK LTD,1342,22648
74,Feb'16,CANARA BANK,898476,4889063
75,Feb'16,CATHOLIC SYRIAN BANK LIMITED,3388,27593
76,Feb'16,CENTRAL BANK OF INDIA,74570,524321
77,Feb'16,CITI BANK,516493,6123011
78,Feb'16,CITY UNION BANK,67894,589365
79,Feb'16,CORPORATION BANK,62096,589442
80,Feb'16,DBS BANK LIMITED,3529,169763
81,Feb'16,DENA BANK,8423,68450
82,Feb'16,DEVELOPMENT CREDIT BANK LTD,26309,311562
83,Feb'16,DHANLAXMI BANK LIMITED,2171,9817
84,Feb'16,DOMBIVALI NAGRIK SAHAKARI LTD,2693,32779
85,Feb'16,FEDERAL BANK LTD.,335226,1621728
86,Feb'16,GREATER BOMBAY CO.OP BANK LIMITED,7919,59519
87,Feb'16,HDFC BANK LTD.,5671832,86467273
88,Feb'16,HSBC,8691,370182
89,Feb'16,ICICI BANK LTD,7026022,102249609
90,Feb'16,IDBI LTD.,38755,167309
91,Feb'16,INDIAN BANK,212277,1639383
92,Feb'16,INDIAN OVERSEAS BANK,123255,1096708
93,Feb'16,INDUSIND BANK LTD,246942,3809307
94,Feb'16,JAMMU AND KASHMIR BANK,0,0
95,Feb'16,JANTA SAHAKARI BANK PUNE,844,5881
96,Feb'16,JP MORGAN BANK,0,0
97,Feb'16,KARNATAKA BANK LTD,57484,330162
98,Feb'16,KARUR VYSYA BANK LTD,137854,1301007
99,Feb'16,KERALA GRAMIN BANK ,2113,19951
100,Feb'16,KOTAK MAHINDRA BANK LTD,1823838,24247643
101,Feb'16,LAXMI VILAS BANK LTD,26635,155589
102,Feb'16,MEHSANA URBAN CO-OP. BANK LIMITED,459,5375
103,Feb'16,NAINITAL BANK LIMITED,108,292
104,Feb'16,NKGSB CO-OPERATIVE BANK LIMITED,2512,19670
105,Feb'16,ORIENTAL BANK OF COMMERCE,12245,105752.7
106,Feb'16,PALLAVAN GRAMA BANK,1825,361
107,Feb'16,PRAGATHI KRISHNA GRAMIN BANK,7416,53875
108,Feb'16,PUNJAB AND MAHARASHTRA CO-OP BANK,16418,126402
109,Feb'16,PUNJAB AND SINDH BANK,58897,119636
110,Feb'16,PUNJAB NATIONAL BANK,116704,1102069
111,Feb'16,RBL  BANK LIMITED,14009,123746
112,Feb'16,ROYAL BANK OF SCOTLAND N.V.,5832,133686
113,Feb'16,SARASWAT CO-OP. BANK LTD,31619,211904
114,Feb'16,SOUTH INDIAN BANK,214435,552864
115,Feb'16,STANDARD CHARTERED BANK ,0,0
116,Feb'16,STATE BANK OF BIKANER AND JAIPUR,53525,48799
117,Feb'16,STATE BANK OF HYDERABAD,161269,29993
118,Feb'16,STATE BANK OF INDIA,16000178,218635276
119,Feb'16,STATE BANK OF MYSORE,31635,53244
120,Feb'16,STATE BANK OF PATIALA,6678,11801
121,Feb'16,STATE BANK OF TRAVANCORE,87403,114762
122,Feb'16,SYNDICATE BANK,184121,704931
123,Feb'16,TAMILNADU MERCANTILE BANK LTD,18208,63482
124,Feb'16,THANE JANTA SAHAKARI BANK LTD,11739,103747
125,Feb'16,THE COSMOS CO-OP BANK LIMITED,4469,31758
126,Feb'16,UCO BANK,257265,975746
127,Feb'16,UNION BANK OF INDIA,579594,1409322
128,Feb'16,UNITED BANK OF INDIA,103395,500154
129,Feb'16,VIJAYA BANK,259257,977398
130,Feb'16,YES BANK LIMITED,748431,3865003
131,Mar'16,A P MAHESH CO-OP URBAN BANK LTD,1474,24672
132,Mar'16,ALLAHABAD BANK,162713,710649
133,Mar'16,ANDHRA BANK,114315,854782
134,Mar'16,AXIS BANK LTD,7896459,75521002
135,Mar'16,BANK OF BARODA,834097,3277280
136,Mar'16,BANK OF INDIA,21497,160939
137,Mar'16,BANK OF MAHARASHTRA,61545,717222
138,Mar'16,BASSEIN CATHOLIC CO-OP. BANK LTD,1560,28803
139,Mar'16,CANARA BANK,1029404,6018747
140,Mar'16,CATHOLIC SYRIAN BANK LIMITED,3531,32003
141,Mar'16,CENTRAL BANK OF INDIA,89030,624838
142,Mar'16,CITI BANK,570335,7108315
143,Mar'16,CITY UNION BANK,83699,746427
144,Mar'16,CORPORATION BANK,13322,117808
145,Mar'16,DBS BANK LIMITED,3827,153867
146,Mar'16,DENA BANK,10047,80195
147,Mar'16,DEVELOPMENT CREDIT BANK LTD,31821,382097
148,Mar'16,DHANLAXMI BANK LIMITED,3069,17932
149,Mar'16,DOMBIVALI NAGRIK SAHAKARI LTD,2648,37790
150,Mar'16,FEDERAL BANK LTD.,419296,1986657
151,Mar'16,GREATER BOMBAY CO.OP BANK LIMITED,8145,67177
152,Mar'16,HDFC BANK LTD.,6353802,104308527
153,Mar'16,HSBC,9904,523237
154,Mar'16,ICICI BANK LTD,7820784,114234892
155,Mar'16,IDBI LTD.,42161,183489
156,Mar'16,INDIAN BANK,290846,1855503
157,Mar'16,INDIAN OVERSEAS BANK,180943,1654943
158,Mar'16,INDUSIND BANK LTD,307134,4653446
159,Mar'16,JAMMU AND KASHMIR BANK,0,0
160,Mar'16,JANTA SAHAKARI BANK PUNE,848,6748
161,Mar'16,JP MORGAN BANK,0,0
162,Mar'16,KARNATAKA BANK LTD,66022,402195
163,Mar'16,KARUR VYSYA BANK LTD,168455,1718086
164,Mar'16,KERALA GRAMIN BANK ,7804,61793
165,Mar'16,KOTAK MAHINDRA BANK LTD,2062474,28826258
166,Mar'16,LAXMI VILAS BANK LTD,37133,277338
167,Mar'16,MEHSANA URBAN CO-OP. BANK LIMITED,562,6453
168,Mar'16,NAINITAL BANK LIMITED,102,332
169,Mar'16,NKGSB CO-OPERATIVE BANK LIMITED,2853,22578
170,Mar'16,ORIENTAL BANK OF COMMERCE,13322,117808
171,Mar'16,PALLAVAN GRAMA BANK,1418,254
172,Mar'16,PRAGATHI KRISHNA GRAMIN BANK,9099,66287
173,Mar'16,PUNJAB AND MAHARASHTRA CO-OP BANK,18236,141236
174,Mar'16,PUNJAB AND SINDH BANK,28333,128256
175,Mar'16,PUNJAB NATIONAL BANK,240374,674848.816
176,Mar'16,RBL  BANK LIMITED,20186,170748
177,Mar'16,ROYAL BANK OF SCOTLAND N.V.,7344,184706
178,Mar'16,SARASWAT CO-OP. BANK LTD,58876,470666
179,Mar'16,SOUTH INDIAN BANK,250779,642169
180,Mar'16,STANDARD CHARTERED BANK ,0,0
181,Mar'16,STATE BANK OF BIKANER AND JAIPUR,62747,59414
182,Mar'16,STATE BANK OF HYDERABAD,185866,129982
183,Mar'16,STATE BANK OF INDIA,17172296,200073320
184,Mar'16,STATE BANK OF MYSORE,39854,71783
185,Mar'16,STATE BANK OF PATIALA,3215,13531
186,Mar'16,STATE BANK OF TRAVANCORE,95271,133489
187,Mar'16,SYNDICATE BANK,206600,794541
188,Mar'16,TAMILNAD MERCANTILE BANK LTD,22892,85582
189,Mar'16,THANE JANTA SAHAKARI BANK LTD,11616,122808
190,Mar'16,THE COSMOS CO-OP BANK LIMITED,5025,34856
191,Mar'16,UCO BANK,298018,1232806
192,Mar'16,UNION BANK OF INDIA,629203,3875831
193,Mar'16,UNITED BANK OF INDIA,121697,578532
194,Mar'16,VIJAYA BANK,351797,1541559
195,Mar'16,YES BANK LIMITED,909155,4053936
196,Apr'16,A P MAHESH CO-OP URBAN BANK LTD,1473,21631
197,Apr'16,ALLAHABAD BANK,162029,732815
198,Apr'16,ANDHRA BANK,117096,915351
199,Apr'16,AXIS BANK LTD,7875403,71546170
200,Apr'16,BANDHAN BANK,2925,37698
201,Apr'16,BANK OF BARODA,817353,3206731
202,Apr'16,BANK OF INDIA,19669,150994
203,Apr'16,BANK OF MAHARASHTRA,59397,738561
204,Apr'16,BASSEIN CATHOLIC CO-OP. BANK LTD,1556,27064
205,Apr'16,CANARA BANK,1079037,6379950
206,Apr'16,CATHOLIC SYRIAN BANK LIMITED,3687,31208
207,Apr'16,CENTRAL BANK OF INDIA,96810,592271
208,Apr'16,CITI BANK,587236,7232095
209,Apr'16,CITY UNION BANK,82524,753211
210,Apr'16,CORPORATION BANK,95945,668804
211,Apr'16,DBS BANK LIMITED,4684,124623
212,Apr'16,DENA BANK,9527,79004
213,Apr'16,DEVELOPMENT CREDIT BANK LTD,31843,405056
214,Apr'16,DHANLAXMI BANK LIMITED,3590,20382
215,Apr'16,DOMBIVALI NAGRIK SAHAKARI LTD,4338,37623
216,Apr'16,FEDERAL BANK LTD.,446208,2145888
217,Apr'16,GREATER BOMBAY CO.OP BANK LIMITED,8121,66808
218,Apr'16,HDFC BANK LTD.,6359349,96720377
219,Apr'16,HSBC,9734,439890
220,Apr'16,ICICI BANK LTD,7967452,109460190
221,Apr'16,IDBI LTD.,42374,186918
222,Apr'16,INDIAN BANK,356673,1918526
223,Apr'16,INDIAN OVERSEAS BANK,185483,1697150
224,Apr'16,INDUSIND BANK LTD,334081,3333788
225,Apr'16,JAMMU AND KASHMIR BANK,0,0
226,Apr'16,JANTA SAHAKARI BANK PUNE,840,6825
227,Apr'16,JP MORGAN BANK,0,0
228,Apr'16,KARNATAKA BANK LTD,66073,434768
229,Apr'16,KARUR VYSYA BANK LTD,188554,2073510
230,Apr'16,KERALA GRAMIN BANK ,12242,73139
231,Apr'16,KOTAK MAHINDRA BANK LTD,2125317,27254411
232,Apr'16,LAXMI VILAS BANK LTD,45390,344221
233,Apr'16,MEHSANA URBAN CO-OP. BANK LIMITED,479,5617
234,Apr'16,NAINITAL BANK LIMITED,105,293
235,Apr'16,NKGSB CO-OPERATIVE BANK LIMITED,2711,21051
236,Apr'16,ORIENTAL BANK OF COMMERCE,13714,117644
237,Apr'16,PALLAVAN GRAMA BANK,1393,379
238,Apr'16,PRAGATHI KRISHNA GRAMIN BANK,8930,67883
239,Apr'16,PUNJAB AND MAHARASHTRA CO-OP BANK,18866,155153
240,Apr'16,PUNJAB AND SINDH BANK,7110,2385454
241,Apr'16,PUNJAB NATIONAL BANK,266134,3789884.183
242,Apr'16,RBL  BANK LIMITED,22705,187117
243,Apr'16,ROYAL BANK OF SCOTLAND N.V.,7002,167817
244,Apr'16,SARASWAT CO-OP. BANK LTD,36150,245247
245,Apr'16,SOUTH INDIAN BANK,234875,620803
246,Apr'16,STANDARD CHARTERED BANK ,0,0
247,Apr'16,STATE BANK OF BIKANER AND JAIPUR,101167,203593
248,Apr'16,STATE BANK OF HYDERABAD,252810,445994
249,Apr'16,STATE BANK OF INDIA,15891844,163475865
250,Apr'16,STATE BANK OF MYSORE,41021,79116
251,Apr'16,STATE BANK OF PATIALA,3270,14437
252,Apr'16,STATE BANK OF TRAVANCORE,98788,146785
253,Apr'16,SYNDICATE BANK,219999,849933
254,Apr'16,TAMILNAD MERCANTILE BANK LTD,21627,87686
255,Apr'16,THANE JANTA SAHAKARI BANK LTD,11667,123127
256,Apr'16,THE COSMOS CO-OP BANK LIMITED,4657,34806
257,Apr'16,UCO BANK,296120,1312718
258,Apr'16,UNION BANK OF INDIA,643955,3938485
259,Apr'16,UNITED BANK OF INDIA,124221,570441
260,Apr'16,VIJAYA BANK,351268,1565492
261,Apr'16,YES BANK LIMITED,779970,4361409
262,May'16,A P MAHESH CO-OP URBAN BANK LTD,1595,27305
263,May'16,ALLAHABAD BANK,176726,782718
264,May'16,ANDHRA BANK,128186,983574
265,May'16,AXIS BANK LTD,8201378,73224936
266,May'16,BANDHAN BANK,4004,55737
267,May'16,BANK OF BARODA,943050,3722181
268,May'16,BANK OF INDIA,20073,145195
269,May'16,BANK OF MAHARASHTRA,66965,787468.29
270,May'16,BASSEIN CATHOLIC CO-OP. BANK LTD,1635,28975
271,May'16,CANARA BANK,1127592,6800714
272,May'16,CATHOLIC SYRIAN BANK LIMITED,4039,34063
273,May'16,CENTRAL BANK OF INDIA,140309,741470
274,May'16,CITI BANK,578773,7337973
275,May'16,CITY UNION BANK,113585,854560
276,May'16,CORPORATION BANK,75443,708642
277,May'16,DBS BANK LIMITED,14042,151945
278,May'16,DENA BANK,11233,89473
279,May'16,DEVELOPMENT CREDIT BANK LTD,32195,410992
280,May'16,DHANLAXMI BANK LIMITED,4645,24182
281,May'16,DOMBIVALI NAGRIK SAHAKARI LTD,5572,38976
282,May'16,FEDERAL BANK LTD.,504889,2535090
283,May'16,GREATER BOMBAY CO.OP BANK LIMITED,8637,69373
284,May'16,HDFC BANK LTD.,16826879,115295583
285,May'16,HSBC,10036,431046
286,May'16,ICICI BANK LTD,8220067,119393029
287,May'16,IDBI LTD.,37382,202143
288,May'16,INDIAN BANK,439605,2120093
289,May'16,INDIAN OVERSEAS BANK,203769,1799369
290,May'16,INDUSIND BANK LTD,425694,4063653
291,May'16,JAMMU AND KASHMIR BANK,0,0
292,May'16,JANTA SAHAKARI BANK PUNE,804,6494
293,May'16,JP MORGAN BANK,5,451
294,May'16,KARNATAKA BANK LTD,72518,474667
295,May'16,KARUR VYSYA BANK LTD,212447,2347945
296,May'16,KERALA GRAMIN BANK ,13042,86664
297,May'16,KOTAK MAHINDRA BANK LTD,2099994,27753973
298,May'16,LAXMI VILAS BANK LTD,57225,391489
299,May'16,MEHSANA URBAN CO-OP. BANK LIMITED,451,5310
300,May'16,NAINITAL BANK LIMITED,49,154
301,May'16,NKGSB CO-OPERATIVE BANK LIMITED,2989,23288
302,May'16,ORIENTAL BANK OF COMMERCE,15346,127071
303,May'16,PALLAVAN GRAMA BANK,2107,288
304,May'16,PRAGATHI KRISHNA GRAMIN BANK,8563,59953
305,May'16,PUNJAB AND MAHARASHTRA CO-OP BANK,21996,174650
306,May'16,PUNJAB AND SINDH BANK,7852,3266422
307,May'16,PUNJAB NATIONAL BANK,269972,3790328.66
308,May'16,RBL  BANK LIMITED,25597,198022
309,May'16,ROYAL BANK OF SCOTLAND N.V.,6719,172262
310,May'16,SARASWAT CO-OP. BANK LTD,38067,261823
311,May'16,SOUTH INDIAN BANK,255088,748594
312,May'16,STANDARD CHARTERED BANK ,0,0
313,May'16,STATE BANK OF BIKANER AND JAIPUR,118003,217690
314,May'16,STATE BANK OF HYDERABAD,259640,451050
315,May'16,STATE BANK OF INDIA,16992187,221018872
316,May'16,STATE BANK OF MYSORE,46779,92164
317,May'16,STATE BANK OF PATIALA,3270,14437
318,May'16,STATE BANK OF TRAVANCORE,104121,152257
319,May'16,SYNDICATE BANK,236445,919076
320,May'16,TAMILNAD MERCANTILE BANK LTD,23326,88981
321,May'16,THANE JANTA SAHAKARI BANK LTD,14127,142239
322,May'16,THE COSMOS CO-OP BANK LIMITED,5525,38925
323,May'16,UCO BANK,333031,1460705
324,May'16,UNION BANK OF INDIA,653694,4207469
325,May'16,UNITED BANK OF INDIA,138078,621600
326,May'16,VIJAYA BANK,388703,1722152
327,May'16,YES BANK LIMITED,976471,4235700
328,Jun'16,A P MAHESH CO-OP URBAN BANK LTD,1532,22400
329,Jun'16,ALLAHABAD BANK,182499,841948
330,Jun'16,ANDHRA BANK,139301,1039832
331,Jun'16,AXIS BANK LTD,8207877,75759578
332,Jun'16,BANDHAN BANK,5007,71387
333,Jun'16,BANK OF BARODA,976018,3962792
334,Jun'16,BANK OF INDIA,21540,166846
335,Jun'16,BANK OF MAHARASHTRA,70092,862722
336,Jun'16,BASSEIN CATHOLIC CO-OP. BANK LTD,1462,26561
337,Jun'16,CANARA BANK,1232294,7439041
338,Jun'16,CATHOLIC SYRIAN BANK LIMITED,4538,38305
339,Jun'16,CENTRAL BANK OF INDIA,120137,724246
340,Jun'16,CITI BANK,595713,8202897
341,Jun'16,CITY UNION BANK,125441,937297
342,Jun'16,CORPORATION BANK,75359,717057
343,Jun'16,DBS BANK LIMITED,70384,404318
344,Jun'16,DENA BANK,100686,95807
345,Jun'16,DEVELOPMENT CREDIT BANK LTD,34484,439824
346,Jun'16,DHANLAXMI BANK LIMITED,5126,22627
347,Jun'16,DOMBIVALI NAGRIK SAHAKARI LTD,5483,37185
348,Jun'16,FEDERAL BANK LTD.,540988,3038770
349,Jun'16,GREATER BOMBAY CO.OP BANK LIMITED,9455,78473
350,Jun'16,HDFC BANK LTD.,17174204,116984145
351,Jun'16,HSBC,9638,424656
352,Jun'16,ICICI BANK LTD,8403013,124290088
353,Jun'16,IDBI LTD.,42331,201815
354,Jun'16,INDIAN BANK,472044,2318169
355,Jun'16,INDIAN OVERSEAS BANK,543642,5278721
356,Jun'16,INDUSIND BANK LTD,525952,8477295
357,Jun'16,JAMMU AND KASHMIR BANK,0,0
358,Jun'16,JANTA SAHAKARI BANK PUNE,895,7108
359,Jun'16,JP MORGAN BANK,2,59
360,Jun'16,KARNATAKA BANK LTD,74842,551021
361,Jun'16,KARUR VYSYA BANK LTD,252877,2701374
362,Jun'16,KERALA GRAMIN BANK ,16634,118850
363,Jun'16,KOTAK MAHINDRA BANK LTD,2397277,32150304
364,Jun'16,LAXMI VILAS BANK LTD,61838,457653
365,Jun'16,MEHSANA URBAN CO-OP. BANK LIMITED,698,7184
366,Jun'16,NAINITAL BANK LIMITED,126,391
367,Jun'16,NKGSB CO-OPERATIVE BANK LIMITED,3008,23667
368,Jun'16,ORIENTAL BANK OF COMMERCE,15805,134601
369,Jun'16,PALLAVAN GRAMA BANK,1859,528
370,Jun'16,PRAGATHI KRISHNA GRAMIN BANK,10551,81305
371,Jun'16,PUNJAB AND MAHARASHTRA CO-OP BANK,25073,194893
372,Jun'16,PUNJAB AND SINDH BANK,9495,3305408
373,Jun'16,PUNJAB NATIONAL BANK,270699,3155958.081
374,Jun'16,RBL  BANK LIMITED,28400,233934
375,Jun'16,ROYAL BANK OF SCOTLAND N.V.,6315,188534
376,Jun'16,SARASWAT CO-OP. BANK LTD,46911,312363
377,Jun'16,SOUTH INDIAN BANK,268041,960572
378,Jun'16,STANDARD CHARTERED BANK ,0,0
379,Jun'16,STATE BANK OF BIKANER AND JAIPUR,108349,212615
380,Jun'16,STATE BANK OF HYDERABAD,248204,459729
381,Jun'16,STATE BANK OF INDIA,16800398,251545216
382,Jun'16,STATE BANK OF MYSORE,47097,100496
383,Jun'16,STATE BANK OF PATIALA,3620,17993
384,Jun'16,STATE BANK OF TRAVANCORE,102189,167344
385,Jun'16,SYNDICATE BANK,242670,969361
386,Jun'16,TAMILNAD MERCANTILE BANK LTD,18227,61082
387,Jun'16,THANE JANTA SAHAKARI BANK LTD,13735,152042
388,Jun'16,THE COSMOS CO-OP BANK LIMITED,4744,35019
389,Jun'16,UCO BANK,335827,1610252
390,Jun'16,UNION BANK OF INDIA,623643,4367023
391,Jun'16,UNITED BANK OF INDIA,142957,666364
392,Jun'16,VIJAYA BANK,321976,1463761
393,Jun'16,YES BANK LIMITED,968887,4156543
394,Jul'16,A P MAHESH CO-OP URBAN BANK LTD,1607,26202
395,Jul'16,ALLAHABAD BANK,197397,874037
396,Jul'16,ANDHRA BANK,142678,1060905
397,Jul'16,AXIS BANK LTD,8446405,75970756
398,Jul'16,BANDHAN BANK,5566,79894
399,Jul'16,BANK OF BARODA,1086821,4297334
400,Jul'16,BANK OF INDIA,24615,176353
401,Jul'16,BANK OF MAHARASHTRA,74468,869908
402,Jul'16,BASSEIN CATHOLIC CO-OP. BANK LTD,1540,28262
403,Jul'16,CANARA BANK,1361031,8129223
404,Jul'16,CATHOLIC SYRIAN BANK LIMITED,4878,41951
405,Jul'16,CENTRAL BANK OF INDIA,206489,837723
406,Jul'16,CITI BANK,688724,9618859
407,Jul'16,CITY UNION BANK,143491,1072624
408,Jul'16,CORPORATION BANK,103086,789212
409,Jul'16,DBS BANK LIMITED,35266,338325
410,Jul'16,DENA BANK,13415,113038
411,Jul'16,DEVELOPMENT CREDIT BANK LTD,38868,502696
412,Jul'16,DHANLAXMI BANK LIMITED,5803,28198
413,Jul'16,DOMBIVALI NAGRIK SAHAKARI LTD,6080,43316
414,Jul'16,FEDERAL BANK LTD.,614826,3387310
415,Jul'16,GREATER BOMBAY CO.OP BANK LIMITED,13249,76195
416,Jul'16,HDFC BANK LTD.,19096181,122306675
417,Jul'16,HSBC,10753,499268
418,Jul'16,ICICI BANK LTD,9272750,144390700
419,Jul'16,IDBI LTD.,43645,197876
420,Jul'16,INDIAN BANK,511562,2209166
421,Jul'16,INDIAN OVERSEAS BANK,253082,3138591
422,Jul'16,INDUSIND BANK LTD,692988,9377861
423,Jul'16,JAMMU AND KASHMIR BANK,0,0
424,Jul'16,JANTA SAHAKARI BANK PUNE,990,8081
425,Jul'16,JP MORGAN BANK,1,7
426,Jul'16,KARNATAKA BANK LTD,85615,644311
427,Jul'16,KARUR VYSYA BANK LTD,286913,3064872
428,Jul'16,KERALA GRAMIN BANK ,12550,90833
429,Jul'16,KOTAK MAHINDRA BANK LTD,2674362,33246578
430,Jul'16,LAXMI VILAS BANK LTD,74961,525324
431,Jul'16,MEHSANA URBAN CO-OP. BANK LIMITED,651,7225
432,Jul'16,NAINITAL BANK LIMITED,101,365
433,Jul'16,NKGSB CO-OPERATIVE BANK LIMITED,2314,17486
434,Jul'16,ORIENTAL BANK OF COMMERCE,16328,137318
435,Jul'16,PALLAVAN GRAMA BANK,1908,405
436,Jul'16,PRAGATHI KRISHNA GRAMIN BANK,11119,84216
437,Jul'16,PUNJAB AND MAHARASHTRA CO-OP BANK,29119,215839
438,Jul'16,PUNJAB AND SINDH BANK,9385,3315594
439,Jul'16,PUNJAB NATIONAL BANK,261876,5022689
440,Jul'16,RBL  BANK LIMITED,34676,289182
441,Jul'16,ROYAL BANK OF SCOTLAND N.V.,6086,179942
442,Jul'16,SARASWAT CO-OP. BANK LTD,47498,334939
443,Jul'16,SOUTH INDIAN BANK,298325,1065233
444,Jul'16,STANDARD CHARTERED BANK ,0,0
445,Jul'16,STATE BANK OF BIKANER AND JAIPUR,108139,188367
446,Jul'16,STATE BANK OF HYDERABAD,190160,398175
447,Jul'16,STATE BANK OF INDIA,17251473,355915295
448,Jul'16,STATE BANK OF MYSORE,52965,114820
449,Jul'16,STATE BANK OF PATIALA,8991,18901
450,Jul'16,STATE BANK OF TRAVANCORE,85702,158757
451,Jul'16,SYNDICATE BANK,265536,1067357
452,Jul'16,TAMILNAD MERCANTILE BANK LTD,19745,80779
453,Jul'16,THANE JANTA SAHAKARI BANK LTD,20146,198701
454,Jul'16,THE COSMOS CO-OP BANK LIMITED,6073,43055
455,Jul'16,UCO BANK,332649,1714998
456,Jul'16,UNION BANK OF INDIA,702630,4461346
457,Jul'16,UNITED BANK OF INDIA,160477,749664
458,Jul'16,VIJAYA BANK,379576,1604391
459,Jul'16,YES BANK LIMITED,934012,4143735
460,Aug'16,A P MAHESH CO-OP URBAN BANK LTD,1638,32125
461,Aug'16,ALLAHABAD BANK,201236,893994
462,Aug'16,ANDHRA BANK,196063,1278568
463,Aug'16,AXIS BANK LTD,8540962,77308764
464,Aug'16,BANDHAN BANK,8694,83815
465,Aug'16,BANK OF BARODA,1159471,4629513
466,Aug'16,BANK OF INDIA,15008,183121
467,Aug'16,BANK OF MAHARASHTRA,74468,869908
468,Aug'16,BASSEIN CATHOLIC CO-OP. BANK LTD,1542,35771
469,Aug'16,CANARA BANK,1495662,8759755
470,Aug'16,CATHOLIC SYRIAN BANK LIMITED,5000,41868
471,Aug'16,CENTRAL BANK OF INDIA,205633,896165
472,Aug'16,CITI BANK,643653,8915701
473,Aug'16,CITY UNION BANK,204205,1163187
474,Aug'16,CORPORATION BANK,105198,858539
475,Aug'16,DBS BANK LIMITED,73065,452693
476,Aug'16,DENA BANK,14738,119812
477,Aug'16,DEVELOPMENT CREDIT BANK LTD,41472,523302
478,Aug'16,DHANLAXMI BANK LIMITED,6307,29580
479,Aug'16,DOMBIVALI NAGRIK SAHAKARI LTD,6822,39785
480,Aug'16,FEDERAL BANK LTD.,695876,4033257
481,Aug'16,GREATER BOMBAY CO.OP BANK LIMITED,7121,93212
482,Aug'16,HDFC BANK LTD.,19612612,126490219
483,Aug'16,HSBC,9819,461372
484,Aug'16,ICICI BANK LTD,9580868,139790716
485,Aug'16,IDBI LTD.,43364,190696
486,Aug'16,INDIAN BANK,577963,2822546
487,Aug'16,INDIAN OVERSEAS BANK,268222,3379308
488,Aug'16,INDUSIND BANK LTD,888003,11329692
489,Aug'16,JAMMU AND KASHMIR BANK,0,0
490,Aug'16,JANTA SAHAKARI BANK PUNE,1101,9830
491,Aug'16,JP MORGAN BANK,0,0
492,Aug'16,KARNATAKA BANK LTD,86152,675300
493,Aug'16,KARUR VYSYA BANK LTD,335090,3342126
494,Aug'16,KERALA GRAMIN BANK ,18012,143091
495,Aug'16,KOTAK MAHINDRA BANK LTD,2787179,34529733
496,Aug'16,LAXMI VILAS BANK LTD,69632,516620
497,Aug'16,MEHSANA URBAN CO-OP. BANK LIMITED,656,9207
498,Aug'16,NAINITAL BANK LIMITED,76,258
499,Aug'16,NKGSB CO-OPERATIVE BANK LIMITED,3286,27476
500,Aug'16,ORIENTAL BANK OF COMMERCE,16992,143880
501,Aug'16,PALLAVAN GRAMA BANK,1484,224
502,Aug'16,PRAGATHI KRISHNA GRAMIN BANK,12176,95764
503,Aug'16,PUNJAB AND MAHARASHTRA CO-OP BANK,33258,251552
504,Aug'16,PUNJAB AND SINDH BANK,10290,3847183
505,Aug'16,PUNJAB NATIONAL BANK,399596,4743766.235
506,Aug'16,RAJARAMBAPU SAHAKARI BANK LTD; PETH,77,46651
507,Aug'16,RBL  BANK LIMITED,38298,367500
508,Aug'16,ROYAL BANK OF SCOTLAND N.V.,2829,102407
509,Aug'16,SARASWAT CO-OP. BANK LTD,48686,356739
510,Aug'16,SOUTH INDIAN BANK,312327,1204885
511,Aug'16,STANDARD CHARTERED BANK ,0,0
512,Aug'16,STATE BANK OF BIKANER AND JAIPUR,120586,210072
513,Aug'16,STATE BANK OF HYDERABAD,230435,470757
514,Aug'16,STATE BANK OF INDIA,19334898,575775099
515,Aug'16,STATE BANK OF MYSORE,57864,133169
516,Aug'16,STATE BANK OF PATIALA,9020,19360
517,Aug'16,STATE BANK OF TRAVANCORE,92726,183310
518,Aug'16,SYNDICATE BANK,277257,1160426
519,Aug'16,TAMILNAD MERCANTILE BANK LTD,34060,154120
520,Aug'16,THANE JANTA SAHAKARI BANK LTD,23112,213828
521,Aug'16,THE COSMOS CO-OP BANK LIMITED,6491,47335
522,Aug'16,UCO BANK,370984,1857747
523,Aug'16,UNION BANK OF INDIA,789256,5865406
524,Aug'16,UNITED BANK OF INDIA,169059,782851
525,Aug'16,VIJAYA BANK,404792,1656461
526,Aug'16,YES BANK LIMITED,976847,4322187
