Sr. No.,Bank Name,Volume (Actual),Value (In Rs'000)
1,A P MAHESH CO-OP URBAN BANK LTD,1473,21631
2,ALLAHABAD BANK,162029,732815
3,ANDHRA BANK,117096,915351
4,AXIS BANK LTD,7875403,71546170
5,BANDHAN BANK,2925,37698
6,BANK OF BARODA,817353,3206731
7,BANK OF INDIA,19669,150994
8,BANK OF MAHARASHTRA,59397,738561
9,BASSEIN CATHOLIC CO-OP. BANK LTD,1556,27064
10,CANARA BANK,1079037,6379950
11,CATHOLIC SYRIAN BANK LIMITED,3687,31208
12,CENTRAL BANK OF INDIA,96810,592271
13,CITI BANK,587236,7232095
14,CITY UNION BANK,82524,753211
15,CORPORATION BANK,95945,668804
16,DBS BANK LIMITED,4684,124623
17,DENA BANK,9527,79004
18,DEVELOPMENT CREDIT BANK LTD,31843,405056
19,DHANLAXMI BANK LIMITED,3590,20382
20,DOMBIVALI NAGRIK SAHAKARI LTD,4338,37623
21,FEDERAL BANK LTD.,446208,2145888
22,GREATER BOMBAY CO.OP BANK LIMITED,8121,66808
23,HDFC BANK LTD.,6359349,96720377
24,HSBC,9734,439890
25,ICICI BANK LTD,7967452,109460190
26,IDBI LTD.,42374,186918
27,INDIAN BANK,356673,1918526
28,INDIAN OVERSEAS BANK,185483,1697150
29,INDUSIND BANK LTD,334081,3333788
30,JAMMU AND KASHMIR BANK,0,0
31,JANTA SAHAKARI BANK PUNE,840,6825
32,JP MORGAN BANK,0,0
33,KARNATAKA BANK LTD,66073,434768
34,KARUR VYSYA BANK LTD,188554,2073510
35,KERALA GRAMIN BANK ,12242,73139
36,KOTAK MAHINDRA BANK LTD,2125317,27254411
37,LAXMI VILAS BANK LTD,45390,344221
38,MEHSANA URBAN CO-OP. BANK LIMITED,479,5617
39,NAINITAL BANK LIMITED,105,293
40,NKGSB CO-OPERATIVE BANK LIMITED,2711,21051
41,ORIENTAL BANK OF COMMERCE,13714,117644
42,PALLAVAN GRAMA BANK,1393,379
43,PRAGATHI KRISHNA GRAMIN BANK,8930,67883
44,PUNJAB AND MAHARASHTRA CO-OP BANK,18866,155153
45,PUNJAB AND SINDH BANK,7110,2385454
46,PUNJAB NATIONAL BANK,266134,3789884.183
47,RBL  BANK LIMITED,22705,187117
48,ROYAL BANK OF SCOTLAND N.V.,7002,167817
49,SARASWAT CO-OP. BANK LTD,36150,245247
50,SOUTH INDIAN BANK,234875,620803
51,STANDARD CHARTERED BANK ,0,0
52,STATE BANK OF BIKANER AND JAIPUR,101167,203593
53,STATE BANK OF HYDERABAD,252810,445994
54,STATE BANK OF INDIA,15891844,163475865
55,STATE BANK OF MYSORE,41021,79116
56,STATE BANK OF PATIALA,3270,14437
57,STATE BANK OF TRAVANCORE,98788,146785
58,SYNDICATE BANK,219999,849933
59,TAMILNAD MERCANTILE BANK LTD,21627,87686
60,THANE JANTA SAHAKARI BANK LTD,11667,123127
61,THE COSMOS CO-OP BANK LIMITED,4657,34806
62,UCO BANK,296120,1312718
63,UNION BANK OF INDIA,643955,3938485
64,UNITED BANK OF INDIA,124221,570441
65,VIJAYA BANK,351268,1565492
66,YES BANK LIMITED,779970,4361409
